global_idx,experiment,scenario,replicate,num_taxa,length_nt,num_true_bps,true_bps,rhiz_num_bps,rhiz_bps,rhiz_detected,rhiz_error_pct,rhiz_mean_spatial_error_nt,rhiz_median_spatial_error_nt,rhiz_time_ms,three_num_bps,three_bps,three_detected,three_min_p,three_error_pct,three_mean_spatial_error_nt,three_time_ms
0,exp1_posthoc,1_bp_4500,0,16,9000,1,4500,2,964;4298,True,12.956,202.0,202.0,216.65,0,,False,1.0,50.0,,375.86
1,exp1_posthoc,1_bp_4500,1,16,9000,1,4500,0,,False,50.0,,,96.73,0,,False,1.0,50.0,,440.86
2,exp1_posthoc,1_bp_4500,2,16,9000,1,4500,1,8758,True,47.311,4258.0,4258.0,179.68,0,,False,1.0,50.0,,379.67
3,exp1_posthoc,1_bp_4500,3,16,9000,1,4500,0,,False,50.0,,,93.43,0,,False,1.0,50.0,,443.98
4,exp1_posthoc,1_bp_4500,4,16,9000,1,4500,0,,False,50.0,,,99.45,0,,False,1.0,50.0,,430.76
5,exp1_posthoc,1_bp_4500,5,16,9000,1,4500,0,,False,50.0,,,94.17,0,,False,1.0,50.0,,443.98
6,exp1_posthoc,1_bp_4500,6,16,9000,1,4500,0,,False,50.0,,,95.82,0,,False,1.0,50.0,,428.58
7,exp1_posthoc,1_bp_4500,7,16,9000,1,4500,0,,False,50.0,,,95.13,0,,False,1.0,50.0,,442.42
8,exp1_posthoc,1_bp_4500,8,16,9000,1,4500,0,,False,50.0,,,94.64,0,,False,1.0,50.0,,377.33
9,exp1_posthoc,1_bp_4500,9,16,9000,1,4500,5,898;2784;8524;8825;8890,True,34.333,1716.0,1716.0,216.66,0,,False,1.0,50.0,,395.71
10,exp1_posthoc,2_bp_3000_6000,0,16,9000,2,3000;6000,0,,False,66.667,,,96.35,0,,False,1.0,66.667,,386.11
11,exp1_posthoc,2_bp_3000_6000,1,16,9000,2,3000;6000,2,5972;8777,True,35.811,1500.0,1500.0,157.76,0,,False,1.0,66.667,,376.19
12,exp1_posthoc,2_bp_3000_6000,2,16,9000,2,3000;6000,0,,False,66.667,,,95.43,0,,False,1.0,66.667,,388.45
13,exp1_posthoc,2_bp_3000_6000,3,16,9000,2,3000;6000,0,,False,66.667,,,94.34,0,,False,1.0,66.667,,388.93
14,exp1_posthoc,2_bp_3000_6000,4,16,9000,2,3000;6000,2,6394;8560,True,42.6,1894.0,1894.0,155.73,2,630;707,True,4.202643e-06,59.667,3793.0,380.46
15,exp1_posthoc,2_bp_3000_6000,5,16,9000,2,3000;6000,0,,False,66.667,,,96.63,0,,False,1.0,66.667,,389.57
16,exp1_posthoc,2_bp_3000_6000,6,16,9000,2,3000;6000,0,,False,66.667,,,99.03,0,,False,1.0,66.667,,385.39
17,exp1_posthoc,2_bp_3000_6000,7,16,9000,2,3000;6000,0,,False,66.667,,,93.75,0,,False,1.0,66.667,,382.56
18,exp1_posthoc,2_bp_3000_6000,8,16,9000,2,3000;6000,0,,False,66.667,,,100.93,0,,False,1.0,66.667,,393.41
19,exp1_posthoc,2_bp_3000_6000,9,16,9000,2,3000;6000,2,1596;3644,True,41.778,1500.0,1500.0,157.43,0,,False,1.0,66.667,,381.1
20,exp1_posthoc,3_bp_2250_4500_6750,0,16,9000,3,2250;4500;6750,4,186;759;1072;7801,True,55.311,1843.3,1178.0,158.14,0,,False,1.0,75.0,,387.51
21,exp1_posthoc,3_bp_2250_4500_6750,1,16,9000,3,2250;4500;6750,2,315;1057,True,66.756,3443.0,3443.0,165.27,0,,False,1.0,75.0,,384.29
22,exp1_posthoc,3_bp_2250_4500_6750,2,16,9000,3,2250;4500;6750,0,,False,75.0,,,91.52,0,,False,1.0,75.0,,389.56
23,exp1_posthoc,3_bp_2250_4500_6750,3,16,9000,3,2250;4500;6750,1,6867,True,51.3,2367.0,2367.0,156.59,0,,False,1.0,75.0,,385.34
24,exp1_posthoc,3_bp_2250_4500_6750,4,16,9000,3,2250;4500;6750,0,,False,75.0,,,101.86,0,,False,1.0,75.0,,388.18
25,exp1_posthoc,3_bp_2250_4500_6750,5,16,9000,3,2250;4500;6750,0,,False,75.0,,,95.9,0,,False,1.0,75.0,,380.5
26,exp1_posthoc,3_bp_2250_4500_6750,6,16,9000,3,2250;4500;6750,1,6430,True,50.0,2143.3,1930.0,159.88,0,,False,1.0,75.0,,376.66
27,exp1_posthoc,3_bp_2250_4500_6750,7,16,9000,3,2250;4500;6750,0,,False,75.0,,,100.46,0,,False,1.0,75.0,,375.82
28,exp1_posthoc,3_bp_2250_4500_6750,8,16,9000,3,2250;4500;6750,1,234,True,72.4,4266.0,4266.0,164.64,0,,False,1.0,75.0,,386.64
29,exp1_posthoc,3_bp_2250_4500_6750,9,16,9000,3,2250;4500;6750,0,,False,75.0,,,94.4,0,,False,1.0,75.0,,380.25
30,exp2_continuous,1_breakpoint,0,37,9000,1,3471,18,268;876;2178;2432;2532;2974;2990;3420;3709;4586;5358;5562;5764;5914;6304;8324;8459;8760,True,63.089,51.0,51.0,449.05,25,318;319;326;327;347;349;357;359;361;362;366;372;382;402;439;443;445;451;452;458;469;478;483;499;500,True,0.0,35.033,2971.0,4568.5
31,exp2_continuous,1_breakpoint,1,37,9000,1,3690,21,1055;1788;2154;2170;2350;3762;4032;4176;4601;4726;5992;6406;6528;6680;7194;7455;7536;7683;7750;8104;8702,True,71.044,72.0,72.0,455.01,23,319;322;342;346;347;351;370;381;383;384;396;399;404;412;413;422;429;430;433;435;448;464;505,True,0.0,37.456,3185.0,4679.07
32,exp2_continuous,1_breakpoint,2,37,9000,1,2505,11,633;952;1176;1526;1812;2106;2804;5304;5404;8080;8575,True,63.233,299.0,299.0,481.73,8,175;191;206;222;231;246;261;278,True,9.7e-11,25.889,2227.0,4626.6
33,exp2_continuous,1_breakpoint,3,37,9000,1,4845,10,970;1222;1621;1876;2084;3992;4438;4843;8590;8732,True,37.189,2.0,2.0,393.84,23,375;380;381;383;386;387;389;390;391;394;396;409;410;420;422;425;426;427;429;430;432;436;437,True,0.0,49.667,4408.0,4752.87
34,exp2_continuous,1_breakpoint,4,37,9000,1,2169,7,404;486;1222;1861;2242;7944;7962,True,28.467,73.0,73.0,485.3,8,158;162;164;180;235;236;243;256,True,0.0,22.344,1913.0,4613.8
35,exp2_continuous,1_breakpoint,5,37,9000,1,6174,10,454;1738;2931;5224;5714;5909;6174;7030;7662;8187,True,65.011,0.0,0.0,401.25,13,259;267;288;298;305;307;320;391;402;408;413;438;454,True,0.0,36.444,5720.0,4595.53
36,exp2_continuous,1_breakpoint,6,37,9000,1,6243,16,731;944;1304;1708;2358;2716;2944;3348;3603;5704;6221;6266;7125;7649;7944;8504,True,67.111,22.0,22.0,409.63,15,280;284;301;302;310;322;334;433;446;459;467;473;480;493;497,True,0.0,36.156,5746.0,4613.04
37,exp2_continuous,1_breakpoint,7,37,9000,1,6876,17,428;532;726;1902;2112;2478;3854;3987;4911;5760;6631;6726;6864;6940;7190;7946;8608,True,76.311,12.0,12.0,417.91,16,210;218;230;234;266;271;280;285;402;409;418;422;456;465;473;476,True,0.0,28.889,6400.0,4639.24
38,exp2_continuous,1_breakpoint,8,37,9000,1,6312,17,440;527;1434;2061;2261;2732;2776;3064;3288;3732;4234;4447;4460;4544;5050;6138;8668,True,61.733,174.0,174.0,462.71,16,258;271;292;296;305;311;326;330;403;411;441;444;445;454;490;500,True,0.0,35.422,5812.0,4590.32
39,exp2_continuous,1_breakpoint,9,37,9000,1,7977,5,7280;8006;8228;8458;8703,True,15.811,29.0,29.0,447.37,15,179;189;201;235;241;245;247;519;526;527;530;561;568;584;587,True,0.0,17.889,7390.0,4668.26
40,exp2_continuous,1_breakpoint,10,37,9000,1,7476,6,2889;3398;4816;7046;7448;7924,True,55.944,28.0,28.0,441.64,15,222;235;246;255;290;292;296;352;451;514;522;552;561;572;585,True,0.0,23.433,6891.0,4697.66
41,exp2_continuous,1_breakpoint,11,37,9000,1,1272,18,544;950;1298;1544;2028;2062;2469;2574;2696;3873;3960;4108;5053;5165;5560;5850;6468;8730,True,68.822,26.0,26.0,582.02,16,212;228;234;239;260;269;273;277;491;492;501;505;545;559;566;571,True,0.0,11.756,701.0,4621.84
42,exp2_continuous,1_breakpoint,12,37,9000,1,6105,9,474;2208;3018;4427;4820;4917;6173;6548;7405,True,63.011,68.0,68.0,609.55,15,309;319;329;331;333;334;346;349;439;451;455;470;477;486;493,True,0.0,37.644,5612.0,4805.27
43,exp2_continuous,1_breakpoint,13,37,9000,1,3381,16,548;1046;1187;1992;2464;2925;3183;3186;3644;5788;5973;6526;6708;6866;8093;8638,True,67.233,195.0,195.0,426.51,28,338;339;345;346;347;351;354;355;369;375;377;396;401;426;433;441;446;455;457;459;461;462;469;481;487;488;493;497,True,0.0,33.811,2884.0,4696.51
44,exp2_continuous,1_breakpoint,14,37,9000,1,3702,8,2050;3420;4551;5328;6338;6593;7262;8008,True,66.0,282.0,282.0,557.93,13,329;333;335;351;364;365;370;427;430;447;460;464;479,True,0.0,37.478,3223.0,4658.38
45,exp2_continuous,1_breakpoint,15,37,9000,1,5208,12,238;489;762;2750;4398;4586;4851;4913;5008;5421;7760;8152,True,51.922,200.0,200.0,634.85,25,352;378;384;396;401;411;418;425;427;428;431;432;434;435;438;440;447;450;455;456;466;479;481;495;505,True,0.0,47.744,4703.0,4653.92
46,exp2_continuous,1_breakpoint,16,37,9000,1,6267,19,1798;2102;3632;4527;5012;5046;5226;6165;6238;6462;6660;6897;7425;7526;7704;8058;8128;8298;8462,True,74.044,29.0,29.0,470.52,18,292;293;297;304;316;323;324;325;341;431;447;453;454;461;473;490;491;492,True,0.0,35.833,5775.0,4739.83
47,exp2_continuous,1_breakpoint,17,37,9000,1,3588,19,264;910;1272;1928;2572;3046;3086;3570;3668;3864;3939;4588;7308;7358;8142;8217;8282;8668;8782,True,62.489,18.0,18.0,519.83,21,358;366;369;372;374;383;389;400;405;407;414;423;426;432;444;451;452;453;455;456;470,True,0.0,35.889,3118.0,4717.45
48,exp2_continuous,1_breakpoint,18,37,9000,1,5865,17,436;1004;1408;2865;3010;3698;3876;4857;5062;5176;5888;6160;6660;7026;7113;7227;8264,True,72.289,23.0,23.0,481.22,20,288;292;302;304;307;309;310;311;322;344;406;441;448;449;455;459;460;482;485;498,True,0.0,40.367,5367.0,4718.55
49,exp2_continuous,1_breakpoint,19,37,9000,1,2814,18,951;1416;1579;2240;2374;2820;3248;3626;3752;4391;4504;4859;4990;5110;5248;5349;5742;8156,True,62.611,6.0,6.0,550.94,20,248;255;275;279;280;283;299;309;320;327;333;430;433;436;462;471;483;484;509;515,True,0.0,28.511,2299.0,4691.22
50,exp2_continuous,1_breakpoint,20,37,9000,1,7371,17,819;953;1262;1792;3366;3624;4800;5306;6168;6693;6825;7290;7352;7965;7985;8112;8736,True,75.578,19.0,19.0,416.29,15,209;212;264;267;269;313;319;494;507;543;546;548;551;611;615,True,0.0,24.933,6756.0,4727.63
51,exp2_continuous,1_breakpoint,21,37,9000,1,6075,8,5973;6064;6378;6688;7791;7843;7892;8250,True,21.378,11.0,11.0,428.52,23,322;340;343;353;363;365;373;404;409;411;412;413;417;418;425;459;468;470;482;484;499;502;504,True,0.0,38.1,5571.0,4637.84
52,exp2_continuous,1_breakpoint,22,37,9000,1,4194,23,412;833;1042;1203;1744;1948;2300;2412;2976;3226;3306;3452;3648;4137;4478;4668;5519;5750;5790;6802;7850;7950;8458,True,82.089,57.0,57.0,401.49,20,330;344;345;349;354;355;357;358;360;361;364;365;370;371;373;376;379;403;407;411,True,0.0,42.933,3783.0,4676.78
53,exp2_continuous,1_breakpoint,23,37,9000,1,6945,13,480;1747;2042;3460;3598;3756;4009;4772;4999;6774;7230;7264;7269,True,61.044,171.0,171.0,564.96,30,219;251;266;267;275;288;304;311;312;316;318;321;327;328;333;422;423;427;428;433;436;442;444;445;468;490;494;495;520;536,True,0.0,28.789,6409.0,4749.43
54,exp2_continuous,1_breakpoint,24,37,9000,1,2472,17,556;1576;1612;1657;1910;2122;2394;2439;2716;3508;3620;3995;4418;5570;5871;6230;8012,True,68.867,33.0,33.0,523.73,28,264;274;276;304;329;332;335;338;341;344;354;363;369;376;466;468;478;486;504;505;506;507;509;511;542;552;555;581,True,0.0,24.533,1891.0,4748.46
55,exp2_continuous,1_breakpoint,25,37,9000,1,7350,4,2774;7328;7390;8720,True,34.622,22.0,22.0,416.71,14,228;234;270;272;276;285;315;510;552;554;557;560;599;614,True,0.0,25.156,6736.0,4822.35
56,exp2_continuous,1_breakpoint,26,37,9000,1,4386,22,906;1113;1140;1330;1762;1937;2664;3304;3934;4101;4272;4758;5244;5689;5874;7081;7127;8660;8696;8755;8764;8844,True,72.9,114.0,114.0,410.7,11,365;368;369;382;383;385;391;392;394;397;401,True,0.0,44.678,3985.0,4718.76
57,exp2_continuous,1_breakpoint,27,37,9000,1,7665,8,5356;6354;6384;6742;6868;7664;7710;8496,True,31.756,1.0,1.0,406.99,16,221;251;265;266;287;297;303;312;553;562;563;567;580;595;606;610,True,0.0,21.611,7055.0,4804.99
58,exp2_continuous,1_breakpoint,28,37,9000,1,987,6,1304;1560;1703;3929;4980;5320,True,48.144,317.0,317.0,509.22,18,186;187;188;191;247;253;254;256;258;567;572;573;575;576;644;645;646;649,True,0.0,7.533,338.0,4877.42
59,exp2_continuous,1_breakpoint,29,37,9000,1,2706,12,542;1120;2714;3001;3249;4234;5366;5665;5854;6050;6568;8588,True,59.933,8.0,8.0,466.88,20,278;280;291;293;330;331;332;339;358;362;440;442;444;451;473;475;512;517;524;535,True,0.0,26.978,2171.0,4786.76
60,exp2_continuous,1_breakpoint,30,37,9000,1,5079,20,575;634;1522;1779;2092;2804;5016;5194;5550;6584;6708;6954;7487;7707;8030;8126;8189;8298;8582;8812,True,63.933,63.0,63.0,619.55,28,359;364;367;371;372;376;377;379;380;385;386;387;389;391;397;401;404;405;409;411;422;423;428;431;434;437;443;456,True,0.0,48.633,4623.0,4764.26
61,exp2_continuous,1_breakpoint,31,37,9000,1,5763,11,339;397;798;942;1000;1369;2468;2744;3430;7910;8339,True,63.933,2147.0,2147.0,464.56,17,287;303;309;313;321;343;351;369;370;393;394;430;451;460;462;484;487,True,0.0,41.378,5276.0,4664.4
62,exp2_continuous,1_breakpoint,32,37,9000,1,4749,13,193;740;2440;3870;4754;5292;5860;6364;7020;7911;8358;8496;8604,True,71.211,5.0,5.0,486.94,14,319;320;324;325;327;329;332;364;366;367;371;373;374;379,True,0.0,49.222,4370.0,4720.26
63,exp2_continuous,1_breakpoint,33,37,9000,1,4332,15,692;1038;2124;2166;2264;3333;4338;5912;6029;6400;6989;7072;7702;7990;8077,True,70.444,6.0,6.0,444.91,15,385;387;389;408;409;411;413;416;417;419;420;423;425;441;448,True,0.0,43.856,3884.0,4760.33
64,exp2_continuous,1_breakpoint,34,37,9000,1,7455,16,722;942;2672;2736;2759;6273;6394;6586;6696;7050;7392;7419;7685;8090;8457;8813,True,56.456,36.0,36.0,481.74,18,221;252;265;267;276;331;333;342;490;498;511;512;515;575;577;578;603;627,True,0.0,24.133,6828.0,4905.03
65,exp2_continuous,1_breakpoint,35,37,9000,1,7269,9,320;1634;2730;2932;6433;7298;8227;8564;8708,True,50.778,29.0,29.0,590.58,15,208;219;244;246;250;260;275;406;416;427;428;459;460;469;493,True,0.0,24.711,6776.0,4812.75
66,exp2_continuous,1_breakpoint,36,37,9000,1,7635,12,939;1820;1896;2108;2264;2529;2704;2874;3359;4370;5386;8402,True,68.367,767.0,767.0,464.52,16,168;176;216;230;243;244;251;256;388;398;414;415;436;444;486;500,True,0.0,20.722,7135.0,4733.38
67,exp2_continuous,1_breakpoint,37,37,9000,1,6789,20,258;405;522;758;945;1201;1584;2168;2505;3684;4506;4798;5502;5649;5784;6143;6262;6960;7486;8716,True,73.233,171.0,171.0,519.32,8,161;183;185;186;250;273;274;276,True,9e-12,27.633,6513.0,4780.45
68,exp2_continuous,1_breakpoint,38,37,9000,1,1185,7,316;1186;1485;2214;3400;3722;8338,True,39.056,1.0,1.0,415.37,14,197;203;224;243;269;290;292;529;534;552;594;604;620;643,True,0.0,10.533,542.0,4776.66
69,exp2_continuous,1_breakpoint,39,37,9000,1,4215,19,392;530;818;1150;1783;1990;2194;2341;2499;2910;3018;4226;4530;4548;4574;4893;5014;5714;6062,True,54.056,11.0,11.0,458.99,28,339;367;369;370;375;386;394;399;403;404;409;410;411;415;417;418;421;424;430;434;436;437;439;455;456;467;474;479,True,0.0,43.067,3736.0,4818.25
70,exp2_continuous,1_breakpoint,40,37,9000,1,3108,18,1194;1452;1728;1944;2378;2424;3049;3171;3374;4456;4650;4966;5184;5312;5753;5952;6410;7704,True,72.333,59.0,59.0,582.1,19,300;304;306;309;312;315;317;325;333;334;401;406;417;427;432;433;443;450;466,True,0.0,31.2,2642.0,4716.23
71,exp2_continuous,1_breakpoint,41,37,9000,1,6354,18,408;529;728;807;1420;3922;4510;4616;5158;5511;6230;6306;6342;6850;6910;7046;8143;8672,True,60.011,12.0,12.0,459.51,15,300;303;305;312;315;328;338;346;466;473;484;485;487;488;507,True,0.0,35.033,5847.0,4935.91
72,exp2_continuous,1_breakpoint,42,37,9000,1,2901,10,362;578;1510;2896;3389;3676;3910;6249;6693;8038,True,58.611,5.0,5.0,588.11,19,298;303;310;316;317;318;322;323;324;328;456;458;464;466;467;469;471;475;485,True,0.0,28.922,2416.0,4827.86
73,exp2_continuous,1_breakpoint,43,37,9000,1,6663,10,1777;2233;2420;2745;3400;4218;4974;8353;8676;8739,True,61.478,1689.0,1689.0,426.34,16,242;256;282;285;300;301;321;329;445;454;474;477;479;495;528;529,True,0.0,31.844,6134.0,4721.39
74,exp2_continuous,1_breakpoint,44,37,9000,1,4611,10,678;4613;6040;6769;6908;7234;8246;8488;8633;8786,True,40.444,2.0,2.0,536.21,13,315;333;334;340;352;358;363;364;370;371;377;380;391,True,0.0,47.733,4220.0,4796.72
75,exp2_continuous,1_breakpoint,45,37,9000,1,1602,15,158;323;1422;3158;3725;3782;4332;4468;4914;6904;7104;7292;8167;8735;8816,True,65.678,180.0,180.0,559.02,26,195;232;243;260;262;263;272;281;282;288;296;298;443;446;457;458;469;473;481;490;492;493;517;557;568;582,True,0.0,15.633,1020.0,4799.53
76,exp2_continuous,1_breakpoint,46,37,9000,1,7569,18,356;850;962;1417;1898;2008;2058;2154;2768;3638;4648;4882;6232;6438;6662;6912;7493;7572,True,69.133,3.0,3.0,429.21,18,203;224;250;251;264;291;330;341;380;454;480;498;541;561;585;588;613;639,True,0.0,23.0,6930.0,4835.35
77,exp2_continuous,1_breakpoint,47,37,9000,1,1329,2,4988;8716,True,43.811,3659.0,3659.0,472.58,0,,False,1.0,14.767,,4922.41
78,exp2_continuous,1_breakpoint,48,37,9000,1,7956,16,1662;1828;2239;2535;3018;3321;3416;3684;4244;6472;6949;7341;7402;7950;8139;8259,True,67.011,6.0,6.0,488.68,16,183;193;220;243;261;264;279;289;599;608;622;625;639;650;679;701,True,0.0,19.389,7255.0,4811.81
79,exp2_continuous,1_breakpoint,49,37,9000,1,1098,14,600;1042;1092;1097;1457;1604;1814;2646;3324;3566;3675;4079;8194;8461,True,47.611,1.0,1.0,454.46,13,176;180;204;228;240;274;510;517;563;572;574;596;626,True,0.0,9.578,472.0,4754.66
80,exp2_continuous,1_breakpoint,50,37,9000,1,6210,5,2204;3526;5608;7938;8414,True,56.311,602.0,602.0,489.66,21,285;286;325;328;334;360;394;395;398;400;408;410;415;418;460;487;493;504;505;541;546,True,0.0,37.067,5664.0,4918.76
81,exp2_continuous,1_breakpoint,51,37,9000,1,4653,29,284;525;762;1018;1232;1572;2028;2172;2435;2717;2935;3237;3528;3978;4242;4649;4737;4994;5122;5317;5363;6399;7006;7014;7242;7551;7854;8293;8432,True,83.422,4.0,4.0,523.25,18,366;367;368;369;370;373;375;379;380;385;387;388;392;393;396;397;404;410,True,0.0,47.633,4243.0,4757.39
82,exp2_continuous,1_breakpoint,52,37,9000,1,4626,24,232;584;1572;1848;2014;2798;3028;3253;3492;3862;4632;5225;5820;6226;6884;7016;7278;7347;7646;7848;8379;8604;8754;8875,True,81.711,6.0,6.0,487.61,16,315;322;326;358;359;361;371;372;384;388;411;414;416;424;440;459,True,0.0,47.9,4167.0,4858.71
83,exp2_continuous,1_breakpoint,53,37,9000,1,2928,10,2666;2924;4644;4828;4958;5488;6383;6741;7690;7692,True,51.311,4.0,4.0,401.86,16,268;274;302;305;319;354;380;382;445;457;489;497;526;527;532;569,True,0.0,29.556,2359.0,4795.8
84,exp2_continuous,1_breakpoint,54,37,9000,1,7248,11,276;1864;4498;4731;4906;5272;6665;6684;7250;7719;8378,True,63.411,2.0,2.0,436.72,20,190;192;220;233;236;250;281;283;286;287;428;429;432;437;487;490;496;502;536;562,True,0.0,25.711,6686.0,4823.22
85,exp2_continuous,1_breakpoint,55,37,9000,1,927,4,418;3828;3938;4876,True,48.522,509.0,509.0,400.75,18,166;178;181;202;228;232;233;235;240;489;490;493;495;496;555;567;571;590,True,0.0,7.533,337.0,4965.99
86,exp2_continuous,1_breakpoint,56,37,9000,1,2961,19,1140;2114;2256;2454;3032;3238;3564;4524;5170;5472;5572;6248;6998;7216;7340;7482;7786;8425;8772,True,76.667,71.0,71.0,512.54,18,279;289;295;302;308;315;316;319;324;331;460;468;470;472;482;493;495;503,True,0.0,29.8,2458.0,4838.66
87,exp2_continuous,1_breakpoint,57,37,9000,1,5718,18,912;1176;2060;2344;2560;2670;2964;3186;3236;3695;3944;4825;5178;5670;6107;6322;7008;8256,True,76.0,48.0,48.0,515.16,28,339;342;345;352;356;364;370;386;389;391;392;394;397;400;431;432;436;448;450;455;467;468;474;486;497;503;506;514,True,0.0,42.178,5204.0,4860.67
88,exp2_continuous,1_breakpoint,58,37,9000,1,3846,18,746;2499;2808;2949;3346;3843;4334;4895;4952;6456;6516;6897;7364;7460;7974;8272;8576;8597,True,63.811,3.0,3.0,465.04,18,312;320;322;327;329;331;336;337;345;364;365;367;369;370;372;376;381;384,True,0.0,39.267,3462.0,4836.31
89,exp2_continuous,1_breakpoint,59,37,9000,1,7569,13,414;718;864;1044;1166;1353;5406;6000;6208;6432;7646;7660;7707,True,40.6,77.0,77.0,583.0,27,243;250;253;259;263;267;299;303;304;309;336;340;341;455;456;459;463;499;501;502;505;533;538;539;547;550;555,True,0.0,22.067,7014.0,4844.75
90,exp2_continuous,1_breakpoint,60,37,9000,1,3057,13,2307;2894;3060;3240;3750;3974;4568;4751;5312;5620;6054;6837;8723,True,53.411,3.0,3.0,446.84,22,308;313;331;334;337;339;359;362;363;372;374;411;414;416;428;437;441;468;474;477;493;502,True,0.0,30.544,2555.0,5009.6
91,exp2_continuous,1_breakpoint,61,37,9000,1,3732,17,323;789;1068;2283;2746;3460;3705;4736;5148;5448;5664;5820;6248;6263;6496;6966;7794,True,73.1,27.0,27.0,501.48,8,166;173;182;184;216;221;228;232,True,0.0,39.622,3500.0,4975.39
92,exp2_continuous,1_breakpoint,62,37,9000,1,3921,10,526;532;717;1407;1632;1660;3915;3962;6602;6894,True,45.611,6.0,6.0,398.52,26,367;368;376;378;380;384;385;386;387;392;393;394;395;406;409;412;417;419;420;421;429;438;443;444;445;447,True,0.0,39.489,3474.0,4783.3
93,exp2_continuous,1_breakpoint,63,37,9000,1,2565,16,1010;1876;2272;2399;2554;2560;3092;3350;4130;4213;4433;4742;5444;7540;8134;8409,True,65.489,5.0,5.0,398.85,16,296;297;317;320;338;358;360;361;471;476;499;503;505;509;524;534,True,0.0,25.211,2031.0,4927.51
94,exp2_continuous,1_breakpoint,64,37,9000,1,4575,18,290;411;1337;2157;2436;2570;4481;4593;4692;4803;5236;5450;5869;6382;6632;7258;7700;7967,True,67.289,18.0,18.0,477.28,17,365;367;379;383;388;390;391;401;402;408;412;415;419;424;425;433;439,True,0.0,46.778,4136.0,4904.96
95,exp2_continuous,1_breakpoint,65,37,9000,1,6288,16,428;626;708;952;1331;2148;3148;4594;5190;5404;6049;6296;6344;6596;6885;8450,True,66.544,8.0,8.0,559.88,16,288;299;308;310;318;328;330;331;459;461;465;472;482;492;499;502,True,0.0,35.711,5786.0,4923.21
96,exp2_continuous,1_breakpoint,66,37,9000,1,4200,8,1070;1389;2539;3318;3961;4170;4439;5794,True,51.6,30.0,30.0,406.35,27,372;377;380;381;386;387;390;395;397;399;400;402;404;408;413;414;416;417;418;419;424;432;435;437;439;442;453,True,0.0,42.533,3747.0,4851.11
97,exp2_continuous,1_breakpoint,67,37,9000,1,5781,10,1318;1853;3378;3526;5126;5652;5782;5873;7736;8728,True,61.522,1.0,1.0,441.97,27,318;322;323;340;351;353;357;359;362;363;390;397;406;409;412;413;414;423;449;456;460;461;464;481;482;486;498,True,0.0,41.3,5283.0,4751.53
98,exp2_continuous,1_breakpoint,68,37,9000,1,966,15,343;471;514;821;1366;4452;4540;4871;6478;6828;7114;7792;8090;8250;8444,True,61.9,145.0,145.0,552.98,8,186;191;204;267;419;481;490;505,True,0.0,8.667,461.0,4846.04
99,exp2_continuous,1_breakpoint,69,37,9000,1,5037,21,171;405;858;904;1174;1360;1363;1587;1762;2079;2220;2501;2804;3870;4020;4491;4626;5220;7471;8024;8444,True,63.144,183.0,183.0,484.34,19,278;282;291;292;293;296;305;311;312;320;321;324;338;339;345;348;350;360;369,True,0.0,48.133,4668.0,4856.0
100,exp2_continuous,1_breakpoint,70,37,9000,1,4824,8,3010;3818;4500;5276;6686;6735;7048;7408,True,48.867,324.0,324.0,496.87,0,,False,1.0,46.4,,4958.93
101,exp2_continuous,1_breakpoint,71,37,9000,1,7866,13,2176;2820;3300;3878;3960;4448;4470;4611;4770;5126;7821;8144;8564,True,65.211,45.0,45.0,439.37,20,188;208;236;239;251;267;281;286;292;293;542;544;549;554;588;591;599;617;650;683,True,0.0,20.189,7183.0,5005.17
102,exp2_continuous,1_breakpoint,72,37,9000,1,4863,15,1720;1986;2212;2647;2904;4796;5077;5272;6426;6638;6712;6836;7155;7946;8518,True,66.156,67.0,67.0,483.03,19,368;373;376;380;383;389;394;399;400;408;410;411;413;414;416;420;423;428;477,True,0.0,49.944,4386.0,4963.0
103,exp2_continuous,1_breakpoint,73,37,9000,1,4224,17,324;516;820;1522;1936;2524;2576;2826;3170;3402;3727;4192;4369;4556;4768;5960;8074,True,68.711,32.0,32.0,491.91,14,377;379;391;393;395;397;400;412;417;419;423;428;434;441,True,0.0,42.744,3783.0,4922.28
104,exp2_continuous,1_breakpoint,74,37,9000,1,7686,15,1746;2144;2410;2866;3210;3383;4025;4236;4844;6229;6478;6728;7266;7854;8314,True,72.978,168.0,168.0,541.84,16,207;208;217;222;250;252;265;270;568;569;584;589;607;608;617;622,True,0.0,21.511,7064.0,4949.85
105,exp2_continuous,1_breakpoint,75,37,9000,1,6054,20,1004;1863;2105;3025;3895;4065;4228;4298;4534;4673;5904;6076;6225;6465;6716;7452;7564;7724;8074;8610,True,78.144,22.0,22.0,409.28,13,311;331;340;366;374;417;430;457;458;466;472;491;492,True,0.0,38.2,5562.0,4925.27
106,exp2_continuous,1_breakpoint,76,37,9000,1,6825,13,272;693;1936;2066;2520;3860;4125;5650;6216;6647;6764;7192;7788,True,69.589,61.0,61.0,485.77,18,247;256;258;265;286;294;300;314;468;481;482;483;485;486;526;533;535;544,True,0.0,30.211,6281.0,4938.06
107,exp2_continuous,1_breakpoint,77,37,9000,1,3441,14,851;1084;1299;1754;3143;3436;3454;4230;7820;8020;8446;8448;8586;8602,True,44.678,5.0,5.0,481.55,27,341;352;357;362;368;369;371;378;381;382;383;384;388;441;447;449;450;452;455;465;473;478;479;482;485;488;492,True,0.0,34.444,2949.0,4954.63
108,exp2_continuous,1_breakpoint,78,37,9000,1,5487,6,1070;1500;2837;5482;6237;8258,True,48.156,5.0,5.0,531.25,28,324;340;344;364;367;370;373;376;380;383;384;389;394;395;396;409;411;413;416;419;432;433;438;460;464;468;483;490,True,0.0,44.478,4997.0,4846.74
109,exp2_continuous,1_breakpoint,79,37,9000,1,5913,18,498;826;892;1048;1548;1655;1934;2009;2672;2911;3612;4506;4748;5968;6816;6954;7386;7392,True,69.189,55.0,55.0,558.42,22,295;300;306;311;318;351;360;362;364;365;371;373;443;444;449;459;466;476;500;506;527;541,True,0.0,40.311,5372.0,4979.72
110,exp2_continuous,1_breakpoint,80,37,9000,1,7182,14,1358;1630;2172;2726;2728;2888;3912;5442;6675;7838;8112;8366;8571;8724,True,75.711,507.0,507.0,615.45,4,185;197;282;283,True,5.7e-11,23.344,6899.0,4895.43
111,exp2_continuous,1_breakpoint,81,37,9000,1,7131,8,3445;6736;6876;7007;7727;8022;8284;8980,True,53.989,124.0,124.0,425.34,18,241;247;267;280;287;290;334;336;349;476;487;490;540;541;542;544;567;588,True,0.0,27.3,6543.0,4857.29
112,exp2_continuous,1_breakpoint,82,37,9000,1,3627,5,942;3145;3595;5174;7176,True,53.278,32.0,32.0,547.94,29,355;360;365;366;381;383;385;386;387;388;398;399;401;414;415;421;436;444;453;456;463;470;471;473;480;496;498;505;523,True,0.0,36.356,3104.0,4968.51
113,exp2_continuous,1_breakpoint,83,37,9000,1,3561,19,642;1222;1371;2261;2613;2956;3394;3569;3974;4095;5166;5344;6264;6508;6916;7028;7472;7546;8122,True,78.211,8.0,8.0,426.38,27,316;320;329;330;339;343;344;350;351;356;365;372;374;393;396;401;409;412;415;420;421;428;438;450;455;460;461,True,0.0,36.056,3100.0,5058.29
114,exp2_continuous,1_breakpoint,84,37,9000,1,7794,7,164;462;553;6231;6530;7786;8351,True,29.7,8.0,8.0,422.93,16,183;187;197;203;249;250;254;258;445;447;453;454;485;486;497;504,True,0.0,19.0,7290.0,4956.36
115,exp2_continuous,1_breakpoint,85,37,9000,1,5379,14,276;937;1506;2128;2396;2596;3274;3630;4872;5510;6272;7587;7936;8326,True,71.589,131.0,131.0,489.85,20,362;363;380;381;386;388;390;392;393;397;436;449;456;457;458;460;461;466;481;488,True,0.0,45.656,4891.0,5007.79
116,exp2_continuous,1_breakpoint,86,37,9000,1,1758,19,201;336;892;1095;1466;1640;1771;2186;2355;2558;3846;3849;5085;5452;6040;6362;8378;8601;8763,True,71.422,13.0,13.0,487.57,21,227;239;265;277;285;328;336;347;348;352;464;471;475;499;501;543;549;564;579;600;615,True,0.0,17.011,1143.0,4992.69
117,exp2_continuous,1_breakpoint,87,37,9000,1,1992,13,814;3033;3729;4036;4431;4506;5059;5258;5582;6350;6811;8153;8728,True,72.0,1041.0,1041.0,515.92,18,229;245;261;267;288;298;306;309;313;414;415;417;424;432;443;462;476;479,True,0.0,19.589,1513.0,4928.29
118,exp2_continuous,1_breakpoint,88,37,9000,1,7029,10,1298;1808;2058;2958;3236;4575;7022;7026;7348;8424,True,60.856,3.0,3.0,566.62,20,262;264;271;280;319;323;324;325;334;338;445;503;506;514;516;519;526;559;561;582,True,0.0,28.367,6447.0,4865.42
119,exp2_continuous,1_breakpoint,89,37,9000,1,6120,4,524;7311;8565;8773,True,23.889,1191.0,1191.0,555.51,8,202;215;221;238;262;274;284;300,True,8.67e-10,35.333,5820.0,4953.6
120,exp2_continuous,1_breakpoint,90,37,9000,1,2238,26,453;563;804;1024;1438;1470;1838;1852;2015;2200;2258;2626;2937;2990;4888;5913;5981;6066;6518;6656;6880;7706;7911;8267;8518;8584,True,73.878,20.0,20.0,579.49,28,267;270;293;301;302;307;324;326;339;345;346;347;351;354;358;432;433;441;442;444;448;465;468;496;499;502;520;534,True,0.0,21.9,1704.0,4882.22
121,exp2_continuous,1_breakpoint,91,37,9000,1,1785,9,988;1449;1779;2678;3990;4130;4694;4948;5790,True,53.356,6.0,6.0,404.62,13,194;203;207;270;297;299;316;425;461;463;521;525;566,True,0.0,17.678,1219.0,4823.7
122,exp2_continuous,1_breakpoint,92,37,9000,1,2349,14,2144;2362;2648;2904;3192;3514;4388;4628;5334;6006;6196;6568;7146;8010,True,65.178,13.0,13.0,433.3,19,249;265;278;281;285;291;303;315;322;456;462;470;473;490;492;499;503;513;519,True,0.0,23.333,1830.0,4925.53
123,exp2_continuous,1_breakpoint,93,37,9000,1,4536,20,249;315;1334;1597;1698;2086;2372;3342;3682;4077;4238;4568;4699;7454;7565;8265;8425;8724;8835;8882,True,58.067,32.0,32.0,506.44,17,363;371;384;386;393;394;397;398;399;400;402;408;411;417;420;427;430,True,0.0,46.367,4106.0,4965.32
124,exp2_continuous,1_breakpoint,94,37,9000,1,3825,20,413;1696;1980;2179;2421;2488;2668;2678;3250;3822;4600;4682;4950;5202;5440;6165;6271;7144;7425;8314,True,75.867,3.0,3.0,444.49,22,349;356;359;374;377;380;382;387;394;404;409;414;420;422;424;425;426;431;453;454;456;461,True,0.0,38.622,3364.0,5011.77
125,exp2_continuous,1_breakpoint,95,37,9000,1,1899,18,1006;1528;1838;1901;2086;2272;2402;2900;3731;4514;4721;5411;6132;6746;7314;7554;8087;8302,True,79.589,2.0,2.0,552.64,16,231;238;260;262;283;284;314;320;540;544;575;579;600;605;628;632,True,0.0,18.533,1267.0,4911.82
126,exp2_continuous,1_breakpoint,96,37,9000,1,5271,19,386;3760;3946;3954;4130;4564;4922;5258;5320;5328;5891;6056;6454;6722;7172;7474;8476;8652;8886,True,51.378,13.0,13.0,458.8,24,304;320;322;328;331;335;338;340;342;343;364;370;381;397;402;407;411;412;420;421;427;444;454;481,True,0.0,46.778,4790.0,4918.75
127,exp2_continuous,1_breakpoint,97,37,9000,1,1449,12,1458;2719;3230;5230;6042;6632;7001;7146;7284;8408;8648;8720,True,61.678,9.0,9.0,473.56,2,117;300,True,7.27408e-07,14.067,1149.0,4962.62
128,exp2_continuous,1_breakpoint,98,37,9000,1,2868,7,370;2007;2128;4788;5759;7124;7497,True,60.478,740.0,740.0,397.97,26,272;285;288;292;299;307;309;312;317;320;321;325;326;380;381;383;384;391;397;398;414;417;420;440;446;456,True,0.0,28.844,2412.0,4921.69
129,exp2_continuous,1_breakpoint,99,37,9000,1,1488,18,389;744;1060;3030;3953;4572;4773;5059;5568;5592;5825;6471;7342;7876;7954;8268;8540;8826,True,78.544,428.0,428.0,492.42,0,,False,1.0,16.533,,5000.82
130,exp2_continuous,2_breakpoints,0,37,9000,2,4008;4968,18,962;1400;1602;1960;2190;2960;3230;3372;3486;4180;4466;4830;4971;5322;5606;5736;5940;7392,True,67.4,87.5,87.5,440.84,21,354;359;369;372;378;380;385;389;395;406;415;416;417;418;419;423;425;430;436;454;474,True,0.0,51.267,4014.0,4919.78
131,exp2_continuous,2_breakpoints,1,37,9000,2,1944;7872,16,138;330;500;738;878;1086;1458;1591;1622;1900;4374;4490;7842;8450;8708;8791,True,52.2,37.0,37.0,605.18,26,211;213;234;257;274;275;281;295;298;300;331;333;349;458;466;491;514;517;522;538;545;554;568;580;585;620,True,0.0,31.789,4288.0,4987.57
132,exp2_continuous,2_breakpoints,2,37,9000,2,1485;7140,21,220;476;738;1277;1300;4278;4364;5065;5295;5564;5638;6102;6435;6709;6822;7026;7106;7222;7459;7756;8048,True,52.4,109.5,109.5,427.92,26,231;233;258;271;274;282;283;288;294;295;297;305;333;337;377;381;395;416;417;419;429;460;523;524;565;591,True,0.0,34.6,3721.5,5071.69
133,exp2_continuous,2_breakpoints,3,37,9000,2,2340;7689,26,252;513;674;910;1108;1302;1669;1776;2163;2354;2574;2656;2808;3055;3444;3573;4216;4578;5496;6201;6378;6707;7398;7773;8123;8340,True,78.167,49.0,49.0,553.25,36,207;226;231;247;248;250;269;276;278;291;295;300;302;317;326;328;333;335;339;420;422;425;429;447;452;471;473;474;475;478;501;518;519;523;532;547,True,0.0,38.267,4467.5,4985.29
134,exp2_continuous,2_breakpoints,4,37,9000,2,3741;5172,16,361;834;1126;1570;2088;2938;3198;4186;4666;5172;5201;5507;6460;6609;6978;8442,True,68.667,222.5,222.5,475.03,25,349;351;352;357;359;364;366;382;383;388;392;396;397;412;415;423;426;429;445;450;451;457;461;467;480,True,0.0,53.589,3976.5,4973.23
135,exp2_continuous,2_breakpoints,5,37,9000,2,2244;5811,21,574;1103;2268;2705;2992;3086;3150;3196;3595;3708;4374;4988;5530;5570;5850;5896;6846;7546;8410;8812;8920,True,69.367,31.5,31.5,515.71,29,264;282;286;300;304;322;326;346;374;389;396;397;398;399;404;406;409;416;421;424;438;441;457;492;494;495;511;513;557,True,0.0,57.433,3470.5,4968.79
136,exp2_continuous,2_breakpoints,6,37,9000,2,4185;5640,15,236;422;490;1162;1430;2320;4096;4186;4920;4926;5271;5648;8082;8194;8469,True,45.067,4.5,4.5,561.42,25,314;323;337;344;365;368;382;384;386;387;390;394;401;402;405;414;416;418;419;426;437;452;455;465;479,True,0.0,58.822,4433.5,4921.02
137,exp2_continuous,2_breakpoints,7,37,9000,2,2703;3657,19,292;390;535;922;2098;2592;2674;2822;2910;2932;3041;3381;3650;5914;6584;7316;7930;8552;8734,True,58.078,18.0,18.0,411.05,40,273;276;278;279;286;295;297;302;304;305;309;320;321;323;326;328;330;331;332;334;336;337;338;344;350;353;355;361;383;413;415;418;425;427;435;454;465;470;492;501,True,0.0,37.6,2679.0,4951.95
138,exp2_continuous,2_breakpoints,8,37,9000,2,1527;4407,17,257;722;4080;4148;4263;4458;4470;4912;5328;5700;5809;6661;8092;8256;8417;8667;8691,True,50.567,428.0,428.0,537.5,42,219;227;237;281;284;337;340;344;345;347;349;353;394;400;403;405;406;410;411;419;422;426;427;428;430;431;432;434;438;454;478;479;485;487;488;491;495;563;566;593;609;621,True,0.0,46.533,2346.0,5079.18
139,exp2_continuous,2_breakpoints,9,37,9000,2,3741;6477,27,236;318;395;1236;1904;2370;2403;2656;3015;3172;3734;4021;4334;4592;4910;5195;5244;5302;5872;5981;6498;6768;7060;7610;7955;8558;8638,True,77.622,14.0,14.0,472.85,28,267;272;294;306;311;312;328;339;341;344;349;356;358;372;440;441;444;468;469;471;477;478;481;482;486;508;514;528,True,0.0,64.3,4581.0,5021.13
140,exp2_continuous,2_breakpoints,10,37,9000,2,1338;5448,15,1120;1350;1352;2564;3110;3810;4603;5432;5728;6242;6739;7557;7755;7913;8097,True,64.056,14.0,14.0,576.98,21,175;180;194;217;220;226;233;245;254;257;289;292;303;304;540;545;553;560;571;599;608,True,0.0,51.711,2785.0,4962.19
141,exp2_continuous,2_breakpoints,11,37,9000,2,1932;4716,18,388;1910;2578;2639;3228;3394;3509;3872;4760;5518;6270;6440;6473;6560;6765;6809;7419;7490,True,56.933,33.0,33.0,469.39,38,242;250;259;273;277;287;291;316;329;331;337;339;348;356;358;377;384;388;391;397;399;400;403;414;416;421;433;437;439;441;464;465;478;483;522;525;528;544,True,0.0,49.711,2780.0,4934.19
142,exp2_continuous,2_breakpoints,12,37,9000,2,4212;7953,24,450;1044;1139;1260;1322;1475;2026;2211;2287;2554;2726;3274;3322;4062;4172;5484;5862;6330;6870;7547;7954;8205;8436;8620,True,73.422,20.5,20.5,446.88,38,190;196;232;238;239;256;285;291;345;357;358;360;365;366;367;370;374;377;378;379;381;383;384;385;386;387;397;402;417;424;556;565;613;619;622;628;672;696,True,0.0,56.322,5386.5,4983.08
143,exp2_continuous,2_breakpoints,13,37,9000,2,5334;6564,13,208;436;1188;2139;2520;3515;5584;5896;6580;6917;8398;8588;8772,True,55.911,133.0,133.0,432.55,16,261;267;295;299;303;307;310;318;475;487;494;499;503;509;542;550,True,0.0,46.844,5399.0,5005.81
144,exp2_continuous,2_breakpoints,14,37,9000,2,3576;5586,13,1532;2939;4407;4570;5225;5287;5377;5586;6500;7338;7474;7522;7696,True,59.256,318.5,318.5,551.8,28,275;277;285;293;299;304;311;323;350;353;361;362;363;366;368;369;377;379;380;385;408;415;432;440;452;469;495;508,True,0.0,59.011,4073.0,4998.77
145,exp2_continuous,2_breakpoints,15,37,9000,2,5277;6138,9,344;3672;3820;3918;5044;5716;5959;6506;6756,True,33.211,206.0,206.0,402.26,32,271;283;291;296;308;315;319;321;328;329;331;337;345;348;349;350;358;379;390;391;392;396;399;401;402;408;422;448;459;464;484;496,True,0.0,46.878,5211.5,5044.32
146,exp2_continuous,2_breakpoints,16,37,9000,2,4716;7656,17,323;921;1200;1554;1970;2580;3166;3704;3798;4706;4721;6399;6813;7384;7570;7658;7880,True,58.822,3.5,3.5,485.8,22,219;226;282;284;323;327;331;335;357;365;369;385;387;389;398;422;424;425;427;455;487;591,True,0.0,54.167,5595.0,4936.51
147,exp2_continuous,2_breakpoints,17,37,9000,2,3876;5382,17,954;1518;2764;3168;3426;3893;4364;4577;5122;5124;5456;6406;7059;7616;7686;7822;8269,True,69.544,45.5,45.5,433.49,36,328;339;346;347;349;350;353;355;361;370;371;372;377;386;390;393;395;411;414;416;418;421;425;427;428;431;433;434;436;442;443;445;448;451;456;460,True,0.0,56.156,4169.0,5064.12
148,exp2_continuous,2_breakpoints,18,37,9000,2,3729;5457,17,1658;2103;2254;2986;3376;3500;3568;3608;3836;4222;5704;6228;6554;6778;7088;7956;8743,True,58.211,177.0,177.0,422.33,38,316;318;322;326;327;330;332;337;339;340;341;363;366;367;368;371;376;382;384;388;390;393;396;406;410;411;414;423;424;427;435;436;441;446;448;455;456;466,True,0.0,57.122,4127.0,5052.6
149,exp2_continuous,2_breakpoints,19,37,9000,2,1260;2796,12,660;1060;1320;1885;2720;3174;3326;3482;3826;4410;4826;7288,True,56.033,68.0,68.0,538.59,36,184;192;246;258;268;298;300;314;321;322;326;335;338;352;354;355;370;372;401;413;416;431;434;443;458;462;469;474;475;478;481;491;506;529;532;556,True,0.0,29.022,1472.0,5094.19
150,exp2_continuous,2_breakpoints,20,37,9000,2,2463;5964,32,744;968;1142;1395;1820;1868;2007;2332;2637;2667;2777;2921;3130;3226;3415;3520;3522;4090;4097;4624;4942;5096;5390;5524;5652;5954;6268;6344;6494;6654;7755;8488,True,73.189,70.5,70.5,433.98,36,254;261;278;281;284;287;296;303;310;312;315;318;333;339;350;380;384;388;397;404;408;417;430;459;472;487;496;498;504;506;509;522;525;530;551;556,True,0.0,58.278,3657.5,5070.95
151,exp2_continuous,2_breakpoints,21,37,9000,2,3465;4149,14,2161;2574;2810;2845;3796;4148;4434;5040;5131;5577;5880;5891;6014;6956,True,49.367,166.0,166.0,426.84,33,287;293;324;325;326;333;338;339;340;341;342;345;346;347;349;351;352;359;360;361;362;373;379;387;399;406;407;414;422;425;428;463;469,True,0.0,42.911,3338.0,5009.83
152,exp2_continuous,2_breakpoints,22,37,9000,2,2256;3267,20,1342;2130;2220;2642;2671;3256;3492;3797;3872;4482;4569;4897;5199;5700;5944;6115;6647;6963;7539;8033,True,67.844,23.5,23.5,488.84,41,250;259;273;275;299;302;305;317;324;328;337;346;350;351;352;355;361;367;385;394;423;432;435;436;440;441;445;449;452;460;473;474;483;486;495;506;510;514;521;545;553,True,0.0,33.522,2208.5,4971.71
153,exp2_continuous,2_breakpoints,23,37,9000,2,4398;7365,18,488;718;932;1178;1720;2649;2936;3082;3203;3614;3876;4104;4947;5366;5636;6963;7805;8728,True,64.678,348.0,348.0,521.0,29,181;209;256;261;263;268;298;327;330;334;338;340;341;343;344;345;349;353;354;365;371;384;502;522;535;537;549;595;606,True,0.0,57.867,5275.5,5063.78
154,exp2_continuous,2_breakpoints,24,37,9000,2,2595;7608,22,2144;2150;2200;2594;2632;2796;2862;3045;3202;3788;4404;4767;5086;5088;5334;5654;5950;7167;7636;8156;8276;8668,True,56.878,14.5,14.5,468.29,30,229;231;280;287;296;297;309;323;344;346;348;355;356;360;363;425;431;435;440;441;444;447;454;458;484;504;510;511;519;530,True,0.0,41.756,4571.5,5054.14
155,exp2_continuous,2_breakpoints,25,37,9000,2,1581;2385,21,248;272;1390;1454;1546;1682;2026;2344;2680;3796;4140;5252;5351;6024;6610;7206;7320;7634;7882;8263;8786,True,71.356,38.0,38.0,555.59,28,219;227;240;243;259;263;264;265;275;280;289;291;321;376;379;396;397;400;402;414;438;489;531;541;556;558;576;598,True,0.0,24.067,1385.0,5168.44
156,exp2_continuous,2_breakpoints,26,37,9000,2,3057;6108,21,1556;1932;2455;2664;2807;3061;3069;3393;3726;3854;4446;5772;6115;6243;6680;6920;7106;8091;8466;8562;8700,True,57.033,5.5,5.5,469.47,26,299;309;310;319;323;336;337;339;342;351;354;385;390;428;437;454;459;479;481;485;491;496;497;508;511;532,True,0.0,62.778,4050.5,4974.32
157,exp2_continuous,2_breakpoints,27,37,9000,2,1572;3534,25,662;676;770;854;966;1862;2102;2204;2274;2280;2810;3004;3539;3990;4558;5058;5481;5964;6188;6311;6666;7524;7676;8134;8788,True,77.222,147.5,147.5,519.97,34,207;242;244;249;256;261;307;317;318;326;334;342;345;351;352;354;364;368;394;395;406;418;427;435;449;454;455;487;493;548;558;561;593;601,True,0.0,36.967,1952.0,5077.09
158,exp2_continuous,2_breakpoints,28,37,9000,2,939;4860,13,2081;2284;2414;2564;2936;3632;3868;4867;5403;5890;6546;6881;7872,True,66.011,574.5,574.5,507.39,25,189;200;204;213;252;357;362;364;366;368;370;373;379;380;381;384;389;391;395;399;415;424;470;480;490,True,0.0,51.9,2409.5,5000.63
159,exp2_continuous,2_breakpoints,29,37,9000,2,5298;8004,14,133;326;637;1192;1558;2794;3213;3971;4266;4552;4652;4879;5296;8630,True,52.089,314.0,314.0,475.39,25,169;190;213;231;290;356;360;361;372;391;394;398;399;409;411;422;425;437;444;445;449;455;467;473;493,True,0.0,46.611,6158.0,5077.53
160,exp2_continuous,2_breakpoints,30,37,9000,2,2973;5199,26,320;1246;1464;1502;1728;1806;2272;2624;2740;2818;2897;2980;3224;3478;3554;3806;4178;4672;4849;5266;5932;6148;6639;7255;8106;8181,True,74.767,37.0,37.0,484.67,40,316;318;332;333;338;339;340;342;343;344;345;353;376;377;380;384;386;387;390;392;395;404;406;411;413;414;422;423;425;428;429;467;468;473;474;478;483;490;506;518,True,0.0,54.256,3568.0,4922.45
161,exp2_continuous,2_breakpoints,31,37,9000,2,5130;6540,17,2543;2717;4438;4568;4736;5104;5290;5906;6654;6742;7346;7354;7686;7848;8062;8286;8578,True,57.989,70.0,70.0,424.43,39,254;270;275;277;280;282;307;308;334;342;343;349;350;355;358;375;380;386;389;390;396;406;408;410;411;415;425;426;430;449;463;465;466;489;495;506;523;524;527,True,0.0,48.856,5308.0,4895.53
162,exp2_continuous,2_breakpoints,32,37,9000,2,3822;7800,15,132;224;746;2750;2902;3033;3206;5134;6184;6433;7168;7185;7616;7798;8994,True,49.889,309.0,309.0,467.65,22,177;178;196;201;202;203;217;219;222;225;228;233;281;293;294;517;522;536;591;593;596;597,True,0.0,53.322,5214.0,5072.88
163,exp2_continuous,2_breakpoints,33,37,9000,2,3603;5196,16,1749;2030;2114;2683;3194;3656;4068;5185;5284;5438;5748;6916;6980;7102;8232;8727,True,55.178,32.0,32.0,498.52,32,229;260;262;265;280;285;291;292;332;333;351;359;365;381;385;387;388;389;390;398;405;412;414;459;460;461;477;478;483;484;497;499,True,0.0,55.189,3900.5,5101.17
164,exp2_continuous,2_breakpoints,34,37,9000,2,2679;5793,22,1017;1420;2046;2846;3090;3154;3366;3768;4193;4462;4698;4922;5094;5179;5509;5614;5746;6086;7274;7548;8097;8314,True,70.778,107.0,107.0,435.23,34,281;293;313;316;317;336;340;348;353;360;370;397;401;402;403;405;407;408;413;421;422;426;428;430;440;449;471;477;481;487;490;493;495;524,True,0.0,61.244,3712.0,4908.55
165,exp2_continuous,2_breakpoints,35,37,9000,2,2262;7791,9,374;732;1132;1474;1686;1882;2373;4508;6711,True,57.644,595.5,595.5,437.01,26,195;211;220;221;225;232;233;235;238;265;269;270;273;280;374;385;396;420;423;450;519;520;555;579;583;586,True,0.0,36.4,4440.5,4985.84
166,exp2_continuous,2_breakpoints,36,37,9000,2,2211;6318,18,454;519;1062;1269;1470;1862;1882;2058;2116;2944;3524;3761;6310;6527;6552;6756;7160;7526,True,49.267,51.5,51.5,657.27,28,168;182;186;242;257;268;313;325;338;344;349;359;371;375;396;414;420;450;457;462;497;498;516;518;529;530;545;554,True,0.0,52.5,3710.5,5207.91
167,exp2_continuous,2_breakpoints,37,37,9000,2,4875;6210,30,522;871;1306;1524;1865;2262;2568;2710;2740;2892;3646;3766;3956;4874;5236;5801;5967;6102;6378;6554;7013;7239;7368;7546;7765;8068;8175;8276;8375;8531,True,78.311,54.5,54.5,457.5,36,270;291;297;298;306;315;342;346;347;356;380;383;385;390;392;397;404;410;411;419;424;430;431;433;437;442;446;447;451;465;477;494;495;498;517;526,True,0.0,51.678,5016.5,5056.88
168,exp2_continuous,2_breakpoints,38,37,9000,2,2064;7146,19,143;806;2066;2724;2968;3065;4598;5672;5804;6333;6369;6380;6424;6976;7070;7542;7836;8198;8714,True,63.256,39.0,39.0,448.5,29,217;225;244;254;278;283;291;292;298;302;305;339;344;345;482;486;504;516;524;527;528;529;532;538;540;563;583;603;624,True,0.0,41.122,3981.0,5073.58
169,exp2_continuous,2_breakpoints,39,37,9000,2,4263;6687,15,300;2049;2149;3070;3368;3794;4196;4754;6001;6303;6655;6699;7353;7851;8412,True,59.444,39.5,39.5,412.81,31,290;293;312;316;321;366;369;376;385;388;389;396;397;416;418;421;422;424;429;434;437;438;444;462;466;515;516;521;524;546;549,True,0.0,58.733,4926.0,5115.83
170,exp2_continuous,2_breakpoints,40,37,9000,2,2100;7890,22,471;934;1046;1604;1984;3089;3531;3702;3837;4032;4392;5109;5274;5460;5592;6039;6784;6893;7442;7772;8033;8564,True,76.911,117.0,117.0,473.55,27,152;157;172;181;251;253;257;265;278;285;287;323;326;488;489;516;518;548;552;553;560;565;569;574;581;594;602,True,0.0,33.867,4393.0,4945.29
171,exp2_continuous,2_breakpoints,41,37,9000,2,3795;6198,14,592;3307;3832;4092;4399;4402;4698;5023;5322;5482;5847;6592;7056;8410,True,50.733,194.0,194.0,407.05,33,278;292;298;303;338;341;343;350;351;353;363;367;371;374;376;380;405;406;408;419;424;428;435;438;439;445;448;451;452;464;488;520;533,True,0.0,63.756,4463.5,5053.34
172,exp2_continuous,2_breakpoints,42,37,9000,2,4098;5676,5,4174;4242;4461;4787;5626,True,8.211,63.0,63.0,499.64,24,292;310;316;328;329;338;344;353;362;366;367;369;370;371;373;391;412;424;428;431;434;449;457;493,True,0.0,59.822,4394.0,5061.01
173,exp2_continuous,2_breakpoints,43,37,9000,2,3192;8013,15,1842;2025;3220;3470;3676;4221;4894;5607;6645;7304;7474;7926;8364;8388;8720,True,64.1,57.5,57.5,528.75,25,207;225;244;255;266;268;271;279;302;313;315;346;352;385;400;414;424;434;557;561;570;588;595;612;614,True,0.0,44.133,4988.5,5018.44
174,exp2_continuous,2_breakpoints,44,37,9000,2,5202;5937,19,428;1394;1742;2358;2672;3172;3315;3316;3510;3934;4158;4818;4874;5151;5662;5926;6001;6754;7971,True,70.633,31.0,31.0,419.31,33,300;302;304;311;337;340;345;377;380;381;382;388;390;391;393;406;455;456;457;458;464;468;479;480;482;483;484;493;500;511;512;513;525,True,0.0,48.033,5044.5,5091.61
175,exp2_continuous,2_breakpoints,45,37,9000,2,4962;7854,9,264;2304;2602;3567;5307;5652;7796;8119;8748,True,46.522,201.5,201.5,430.0,35,198;205;225;235;237;243;284;289;291;292;293;294;295;303;315;318;323;336;341;354;355;367;374;375;376;524;534;537;542;586;599;613;622;642;652,True,0.0,52.111,5756.0,5065.98
176,exp2_continuous,2_breakpoints,46,37,9000,2,4968;7620,12,374;504;1558;2068;4080;4654;4890;4956;5072;7079;7300;7595,True,40.011,18.5,18.5,422.39,27,238;254;277;286;303;309;322;324;336;343;344;346;348;390;402;405;406;411;412;422;424;425;430;447;474;501;579,True,0.0,51.233,5715.0,5113.27
177,exp2_continuous,2_breakpoints,47,37,9000,2,4845;7830,7,603;900;1726;2380;3162;5446;8108,True,44.9,439.5,439.5,420.0,22,178;205;213;239;240;246;283;287;296;301;375;483;563;573;574;585;620;628;631;658;668;698,True,0.0,53.922,5639.5,5130.79
178,exp2_continuous,2_breakpoints,48,37,9000,2,1713;2985,17,446;1334;1790;3206;3224;3764;3990;4138;4504;5184;5498;5634;6336;6597;6932;8648;8764,True,57.789,149.0,149.0,517.97,39,203;216;239;246;260;269;282;284;286;291;309;331;351;359;370;375;377;378;384;390;422;429;438;442;454;458;464;465;466;471;472;481;491;499;500;521;532;555;560,True,0.0,30.911,1789.0,5086.8
179,exp2_continuous,2_breakpoints,49,37,9000,2,3849;7335,16,292;1104;1262;1418;1767;2032;2176;3016;3057;4646;7376;7592;7731;8128;8490;8556,True,55.856,416.5,416.5,482.38,15,266;277;289;293;304;308;312;320;329;336;342;352;357;379;384,True,0.0,58.311,5208.0,5059.32
180,exp2_continuous,2_breakpoints,50,37,9000,2,4383;6252,17,2120;2335;2900;3443;3465;3600;3720;4030;4630;4832;5184;5251;5790;6274;6432;8214;8522,True,50.656,134.5,134.5,459.87,23,277;299;302;311;316;317;318;325;326;338;340;342;372;412;423;429;445;455;456;468;469;488;497,True,0.0,56.822,4820.5,5074.42
181,exp2_continuous,2_breakpoints,51,37,9000,2,4674;7428,12,205;5451;5552;5594;6303;6564;6880;7244;7442;8370;8514;8748,True,32.156,395.5,395.5,444.52,36,224;225;237;266;269;294;353;356;357;358;363;364;365;368;372;373;386;402;406;412;414;415;420;421;423;456;457;459;461;526;552;553;590;595;597;605,True,0.0,54.789,5446.0,5035.47
182,exp2_continuous,2_breakpoints,52,37,9000,2,3147;4044,20,1414;1834;2102;2734;2942;3086;3134;4052;4120;4341;4633;5058;5808;7134;7299;7546;7864;7988;8666;8763,True,59.589,10.5,10.5,473.77,32,327;328;329;333;339;342;343;344;347;353;364;370;372;373;374;378;382;388;389;391;399;410;413;418;438;441;454;456;458;465;471;473,True,0.0,41.3,3122.5,5328.74
183,exp2_continuous,2_breakpoints,53,37,9000,2,2019;5589,23,729;1104;1718;2030;2052;2287;2328;2656;2982;2998;3284;3805;4699;5267;5397;5662;6196;6412;6936;7508;7818;8044;8157,True,72.6,42.0,42.0,431.76,33,283;296;301;305;307;314;333;335;344;346;349;353;359;366;373;383;394;416;422;425;432;448;456;457;459;464;490;507;509;516;530;534;545,True,0.0,57.189,3259.0,5416.78
184,exp2_continuous,2_breakpoints,54,37,9000,2,3189;4356,24,658;896;1732;1828;2068;2546;2842;3069;3074;3836;4349;4498;4639;4746;6153;6840;7139;7508;7722;7940;8103;8465;8712;8843,True,67.889,61.0,61.0,440.83,27,201;218;219;233;244;260;267;280;393;403;407;409;422;423;426;427;428;429;430;431;439;440;441;443;452;457;458,True,0.0,46.167,3314.5,5361.97
185,exp2_continuous,2_breakpoints,55,37,9000,2,1671;4149,23,130;340;510;1240;1384;1516;1668;2030;2250;2470;2850;3184;3872;3948;3950;4488;4635;6425;6459;7430;8415;8662;8721,True,64.356,101.0,101.0,431.82,31,249;264;303;329;348;363;379;380;382;383;384;386;387;388;392;393;394;396;397;398;399;402;403;408;426;430;461;471;495;537;543,True,0.0,43.333,2367.0,5289.59
186,exp2_continuous,2_breakpoints,56,37,9000,2,5190;7959,12,548;712;2142;2296;2554;3490;3660;4106;7430;7654;8104;8696,True,52.644,614.5,614.5,503.71,34,179;207;234;236;242;252;255;261;263;265;267;270;282;284;289;300;309;316;321;329;331;342;352;356;376;555;556;561;567;584;592;596;616;650,True,0.0,49.556,5924.5,5253.29
187,exp2_continuous,2_breakpoints,57,37,9000,2,1683;6750,22,357;976;1742;1900;2158;2500;2922;3154;3495;4018;4290;4909;5005;5026;5506;5614;5878;6796;6800;7418;7864;8717,True,72.978,52.5,52.5,581.35,20,238;250;297;299;300;321;326;334;368;374;459;464;466;493;496;500;508;532;543;581,True,0.0,41.056,3635.5,5352.21
188,exp2_continuous,2_breakpoints,58,37,9000,2,1686;4338,20,1695;1959;2148;2256;2654;2672;2936;3199;3548;3990;4106;4745;4890;5143;5774;7419;7575;8082;8351;8440,True,58.078,120.5,120.5,540.2,23,229;231;240;242;249;250;252;257;263;266;274;290;291;314;319;498;500;520;526;552;559;587;600,True,0.0,45.656,2412.0,5327.12
189,exp2_continuous,2_breakpoints,59,37,9000,2,3192;6195,30,231;780;1719;2015;2708;2934;3192;3204;3264;3660;4110;4308;4407;4562;5036;5208;5392;5708;5858;6188;6200;6430;6836;7100;7307;7518;7654;8038;8346;8599,True,79.789,2.5,2.5,534.75,32,277;294;295;302;309;315;324;325;337;352;355;359;361;363;366;382;397;425;444;458;466;475;477;482;484;485;486;501;505;512;514;515,True,0.0,63.556,4178.5,5276.58
190,exp2_continuous,2_breakpoints,60,37,9000,2,906;7623,14,924;4532;4872;5550;6025;6203;6589;6976;7243;7632;7917;8116;8412;8460,True,43.844,13.5,13.5,527.98,23,162;173;177;189;192;214;220;223;224;292;301;489;495;551;568;569;579;583;587;604;617;623;640,True,0.0,23.278,3624.5,4917.56
191,exp2_continuous,2_breakpoints,61,37,9000,2,4551;6789,23,1634;1836;1908;2109;2376;2651;2752;3109;3606;3718;4160;4492;4600;5062;5721;6406;6522;6674;6694;7366;7789;7838;7878,True,61.767,72.0,72.0,450.98,27,245;247;268;284;292;302;306;361;363;374;375;379;389;390;395;406;409;410;418;420;486;491;505;507;535;536;556,True,0.0,55.611,5114.0,4941.67
192,exp2_continuous,2_breakpoints,62,37,9000,2,1221;7890,18,370;550;1234;1730;3736;4297;4448;4696;4794;4886;5266;6648;7266;7408;7887;8143;8580;8634,True,65.4,8.0,8.0,535.25,27,169;189;202;212;226;233;247;252;284;288;305;319;502;511;515;541;544;573;575;577;593;594;600;602;613;632;642,True,0.0,23.867,3913.5,5073.46
193,exp2_continuous,2_breakpoints,63,37,9000,2,4947;7725,19,164;452;2139;2366;4358;5188;5438;5790;5994;6272;6496;6780;7516;7588;7730;7876;8470;8476;8758,True,63.089,123.0,123.0,587.53,39,189;208;235;238;257;261;263;269;271;279;357;358;361;362;372;373;379;381;385;386;392;393;394;400;402;405;424;430;450;508;516;525;531;533;538;541;561;591;595,True,0.0,51.644,5741.0,5029.06
194,exp2_continuous,2_breakpoints,64,37,9000,2,4842;5769,22,248;602;940;1264;1824;1902;2261;2498;3222;3398;3616;3834;3994;4208;4398;4891;5106;5422;5728;6640;7719;8464,True,76.456,45.0,45.0,523.9,33,299;335;341;347;352;360;364;369;378;381;382;384;388;391;394;402;403;409;411;412;416;418;420;421;427;428;431;437;441;443;450;471;495,True,0.0,51.7,4810.5,5174.58
195,exp2_continuous,2_breakpoints,65,37,9000,2,3846;6132,18,272;907;1453;1731;2112;2622;2692;3255;3748;3838;4460;4480;5601;6132;7054;7177;7507;7749,True,66.589,4.0,4.0,462.27,44,294;304;320;324;329;336;341;346;347;349;353;354;356;367;369;370;374;375;378;379;380;385;391;398;399;402;403;404;405;406;407;409;412;429;431;432;438;443;445;463;464;473;493;509,True,0.0,62.922,4480.0,5027.79
196,exp2_continuous,2_breakpoints,66,37,9000,2,2712;3999,28,138;498;566;760;947;1096;1697;1928;2057;2328;2754;3108;3321;3428;3979;4224;4616;4731;5924;6424;6653;6959;7080;7620;7722;8019;8606;8615,True,73.944,31.0,31.0,451.52,46,260;278;285;286;298;304;316;317;318;319;320;321;322;326;327;329;335;338;339;340;341;343;344;354;357;363;364;368;380;387;391;464;465;469;480;482;488;491;521;525;529;532;550;566;573;576,True,0.0,41.544,2779.5,4975.17
197,exp2_continuous,2_breakpoints,67,37,9000,2,1863;6435,22,76;394;606;1083;1126;1439;1880;1959;2044;2225;2904;3720;3804;4648;4758;5196;6518;6856;7800;8140;8503;8678,True,70.444,50.0,50.0,467.56,29,237;256;259;274;279;281;287;293;312;314;317;363;365;370;390;397;403;445;457;474;476;509;512;513;517;555;558;570;600,True,0.0,46.567,3549.0,5055.08
198,exp2_continuous,2_breakpoints,68,37,9000,2,4059;5763,27,254;296;657;1040;1550;1756;2382;2423;2640;2824;2844;3250;3385;3610;3647;4290;4662;4856;5148;5234;5388;5734;6540;7167;7236;7453;8060,True,78.467,130.0,130.0,443.21,30,326;327;329;331;334;338;340;345;346;349;360;361;362;366;391;402;403;407;409;414;422;428;448;454;459;466;468;469;487;488,True,0.0,60.322,4423.0,4951.66
199,exp2_continuous,2_breakpoints,69,37,9000,2,1443;2178,14,560;848;1526;1912;2132;2396;3714;3844;4233;4334;5526;6698;7578;7682,True,74.456,64.5,64.5,444.98,29,225;227;232;239;259;263;264;268;273;289;318;344;354;355;407;415;445;464;478;485;486;489;507;523;524;540;559;568;579,True,0.0,21.7,1231.5,4961.97
200,exp2_continuous,2_breakpoints,70,37,9000,2,4161;5298,18,554;714;1036;1215;1564;1986;2586;3240;4134;4320;4476;4945;5166;5274;5322;6268;7306;7983,True,73.322,25.5,25.5,424.27,37,350;356;357;358;362;364;365;367;369;372;374;383;386;388;394;401;405;412;413;414;415;417;420;421;423;424;427;430;431;435;437;446;447;451;458;466;473,True,0.0,54.978,4256.5,5057.32
201,exp2_continuous,2_breakpoints,71,37,9000,2,2058;7779,12,365;539;715;899;1242;1600;1760;2105;2632;2866;3069;7824,True,30.544,46.0,46.0,444.36,22,179;208;233;240;253;257;266;268;288;331;336;479;487;523;526;534;535;547;554;564;581;615,True,0.0,34.444,4303.5,4955.16
202,exp2_continuous,2_breakpoints,72,37,9000,2,1563;4002,13,1402;1653;4600;5594;5900;6937;7169;7311;7382;7976;8168;8512;8722,True,46.8,344.0,344.0,519.56,19,203;211;212;223;259;264;266;267;274;469;470;472;484;485;487;535;540;543;551,True,0.0,42.211,2231.5,5101.72
203,exp2_continuous,2_breakpoints,73,37,9000,2,3939;6816,21,368;674;788;1576;2074;2310;2584;2838;2919;3232;3359;3938;4046;4382;4684;5517;5718;6822;6880;7596;8515,True,68.833,3.5,3.5,497.86,36,287;306;318;325;328;333;335;337;344;349;354;356;357;358;364;368;369;380;381;383;385;387;391;401;410;412;418;419;423;433;488;490;493;501;504;541,True,0.0,62.244,4836.5,5049.92
204,exp2_continuous,2_breakpoints,74,37,9000,2,4224;5763,20,246;1161;1233;1700;2612;3342;3720;3856;4107;4187;4528;5090;5187;5423;5776;6560;6847;7120;7186;7656,True,68.656,25.0,25.0,431.08,23,270;284;288;290;300;306;378;380;382;383;389;390;398;399;401;405;424;427;429;430;434;435;440,True,0.0,57.956,4553.5,5007.7
205,exp2_continuous,2_breakpoints,75,37,9000,2,4512;7794,28,272;411;496;574;726;868;952;1221;1994;2080;2124;2762;2968;3394;3733;4285;4488;5632;5984;6261;6668;6990;7198;7752;7788;8478;8615;8714,True,71.367,15.0,15.0,522.99,38,232;240;290;294;297;299;334;364;366;371;376;388;391;393;394;397;398;400;401;403;404;406;407;411;418;420;423;429;434;448;450;482;542;544;545;549;572;616,True,0.0,56.711,5537.0,5018.93
206,exp2_continuous,2_breakpoints,76,37,9000,2,1689;6918,20,474;824;1683;1708;2232;2382;2482;2766;2972;3652;5254;5709;6297;6740;6984;7378;7608;7766;8314;8658,True,66.567,36.0,36.0,514.07,33,224;237;243;247;259;260;264;275;276;277;281;301;305;344;345;346;348;425;427;430;480;483;496;497;506;509;512;513;521;531;540;555;556,True,0.0,39.411,3747.5,5160.15
207,exp2_continuous,2_breakpoints,77,37,9000,2,3468;6174,5,747;4655;6202;6291;7778,True,36.367,607.5,607.5,461.35,36,288;296;316;320;321;326;327;328;330;332;341;343;353;357;361;370;373;377;386;450;469;471;487;491;496;497;498;499;501;502;506;511;516;528;534;552,True,0.0,65.4,4269.0,5275.33
208,exp2_continuous,2_breakpoints,78,37,9000,2,1047;3138,18,129;230;1223;1341;2554;2985;3165;3792;4212;4388;5308;5333;5882;6421;6790;7022;7302;8996,True,58.622,101.5,101.5,551.94,38,180;197;199;214;244;254;256;258;310;321;322;326;333;346;353;362;364;375;425;427;431;436;438;445;464;470;472;484;491;512;551;556;565;571;584;601;603;618,True,0.0,32.867,1474.5,5109.04
209,exp2_continuous,2_breakpoints,79,37,9000,2,1677;2760,15,808;1597;1677;1685;3292;3558;4588;4708;5324;6107;6137;6480;7384;7890;7986,True,67.633,266.0,266.0,432.51,42,194;202;223;224;269;274;282;287;297;298;307;320;321;323;324;327;328;332;334;349;367;372;402;403;412;416;438;442;445;454;457;461;489;494;502;514;550;551;572;580;615;627,True,0.0,28.511,1591.5,5105.41
210,exp2_continuous,2_breakpoints,80,37,9000,2,1173;3294,9,642;846;1178;1266;1564;1702;2740;7986;8548,True,29.2,279.5,279.5,515.53,32,163;170;199;209;236;308;328;330;349;350;351;352;356;374;381;386;387;394;411;412;413;420;426;428;429;431;434;450;456;457;461;486,True,0.0,34.789,1747.5,5038.25
211,exp2_continuous,2_breakpoints,81,37,9000,2,2190;5850,20,624;718;849;1642;2092;2280;2632;2944;3074;3184;3314;3490;3804;4392;4920;5112;6024;6216;6830;6874,True,59.367,132.0,132.0,464.21,22,279;315;321;325;327;334;336;338;344;348;375;406;418;422;495;499;501;518;522;523;525;578,True,0.0,56.233,3442.0,5205.76
212,exp2_continuous,2_breakpoints,82,37,9000,2,2004;7122,13,483;528;1252;2082;2770;4568;4710;7383;7633;7732;8118;8673;8677,True,58.678,169.5,169.5,522.26,35,199;207;225;234;253;262;266;274;275;279;302;313;314;318;338;346;349;353;355;356;408;416;442;443;446;453;461;470;492;499;522;530;537;538;574,True,0.0,40.922,3989.0,5172.01
213,exp2_continuous,2_breakpoints,83,37,9000,2,2319;4116,12,234;346;1010;1060;2310;2312;2446;2946;3019;3399;5790;8617,True,46.733,362.0,362.0,415.38,30,277;279;284;315;316;319;321;322;323;324;325;328;331;332;335;336;340;342;344;372;381;440;457;507;513;515;516;554;557;562,True,0.0,42.656,2655.5,5227.31
214,exp2_continuous,2_breakpoints,84,37,9000,2,1164;2043,11,2042;2366;3111;4503;4791;4844;5153;5592;5758;6174;8162,True,64.967,439.5,439.5,441.02,32,195;200;207;219;249;250;255;258;262;269;275;277;297;298;306;308;400;402;427;428;472;478;485;486;493;498;499;505;547;550;553;560,True,0.0,20.533,1043.5,5018.43
215,exp2_continuous,2_breakpoints,85,37,9000,2,5313;5997,17,1518;2341;2728;3103;3783;4006;4130;4329;5405;5438;5953;6302;8270;8423;8456;8557;8634,True,55.544,68.0,68.0,496.29,26,225;241;243;248;255;258;263;271;312;322;325;326;329;330;343;344;354;436;459;462;464;471;479;483;489;492,True,0.0,46.433,5163.0,5071.17
216,exp2_continuous,2_breakpoints,86,37,9000,2,1029;6897,24,1304;3131;3304;4003;4276;4447;4488;4980;5180;5484;5728;5797;6087;6146;6638;6801;6920;7102;7238;7292;7596;7960;8380;8694,True,63.6,149.0,149.0,540.52,28,177;181;191;211;219;234;242;303;311;356;357;358;359;362;377;379;382;430;435;458;521;535;536;570;582;584;590;608,True,0.0,32.833,3355.0,5037.75
217,exp2_continuous,2_breakpoints,87,37,9000,2,4188;6774,9,2686;4534;5660;6104;6572;6667;6792;7320;7989,True,46.411,182.0,182.0,502.18,23,195;199;203;208;209;210;221;258;278;298;300;316;322;332;336;492;498;509;511;514;534;556;557,True,0.0,59.656,4924.0,5085.61
218,exp2_continuous,2_breakpoints,88,37,9000,2,3030;6249,14,593;862;1117;3461;4380;4482;4650;4798;5153;5348;5690;5938;6225;8738,True,40.878,227.5,227.5,475.44,31,276;284;291;303;305;311;316;321;324;332;334;351;352;354;357;451;459;464;474;490;491;496;499;509;516;517;525;530;536;539;548,True,0.0,61.167,4091.5,5079.56
219,exp2_continuous,2_breakpoints,89,37,9000,2,2493;6084,13,236;1289;1503;1557;1653;2078;2434;2492;2534;2960;5400;6051;6518,True,33.611,17.0,17.0,505.43,40,282;288;302;312;318;325;329;332;334;337;338;341;342;345;346;349;354;358;359;361;450;452;455;457;458;462;470;471;473;475;479;482;491;496;499;503;504;511;532;541,True,0.0,56.967,3747.5,5076.94
220,exp2_continuous,2_breakpoints,90,37,9000,2,3534;5643,22,300;524;828;1186;1243;1573;2044;2674;3204;3330;3564;3822;3950;4719;5460;5849;6003;6416;6843;7021;7371;7796,True,71.078,106.5,106.5,507.34,34,292;301;311;317;324;328;332;349;354;357;358;365;367;370;372;385;403;412;417;420;431;441;448;455;467;468;471;473;481;482;484;489;494;509,True,0.0,59.456,4079.5,5072.67
221,exp2_continuous,2_breakpoints,91,37,9000,2,4641;7713,18,744;914;1046;1270;1372;1617;3148;4662;5770;6278;6592;6850;7086;7414;7436;7611;8427;8730,True,62.744,61.5,61.5,565.4,20,371;372;385;387;388;392;394;397;400;404;405;407;411;413;414;416;417;418;443;445,True,0.0,53.378,5732.0,5001.73
222,exp2_continuous,2_breakpoints,92,37,9000,2,4464;6075,13,744;2608;3606;3918;4131;4561;4652;5071;5316;5589;6302;6609;7647,True,58.856,162.0,162.0,479.1,30,215;246;259;260;278;281;284;285;294;295;300;302;304;309;333;335;338;340;348;349;355;356;374;386;418;448;464;468;506;520,True,0.0,56.178,4749.5,5044.72
223,exp2_continuous,2_breakpoints,93,37,9000,2,2919;6885,12,516;651;2600;3084;3318;3788;4630;5304;5740;7592;7878;8042,True,54.978,436.0,436.0,459.49,27,250;261;280;290;292;301;302;305;328;331;333;336;342;356;373;384;391;398;402;405;409;412;424;428;431;444;452,True,0.0,53.156,4450.0,5012.74
224,exp2_continuous,2_breakpoints,94,37,9000,2,5241;7050,11,718;4114;4740;5263;5385;7287;7517;7632;7844;8122;8297,True,35.956,129.5,129.5,449.58,29,206;225;235;243;264;271;276;329;340;365;372;383;390;395;408;409;410;412;413;414;416;418;423;424;426;428;444;446;449,True,0.0,46.756,5696.5,5133.88
225,exp2_continuous,2_breakpoints,95,37,9000,2,3828;6879,13,444;600;1830;3309;3847;4357;5503;6100;6505;6586;6854;6920;8026,True,58.544,22.0,22.0,585.27,18,361;367;380;387;392;393;394;396;398;402;415;421;422;427;428;429;444;456,True,0.0,62.089,4897.5,5168.04
226,exp2_continuous,2_breakpoints,96,37,9000,2,3528;7293,12,801;3474;3724;3935;4182;4996;5236;5408;5653;7296;7704;8215,True,43.356,28.5,28.5,423.11,22,249;277;320;333;364;395;396;399;405;412;413;417;421;422;424;434;446;464;485;492;552;610,True,0.0,55.4,4800.5,5119.8
227,exp2_continuous,2_breakpoints,97,37,9000,2,2025;2649,26,748;1072;1282;1436;1522;1542;1784;2002;2218;2396;2724;2912;3020;3186;4279;4946;5571;5710;5972;6342;6628;6728;6969;7101;8054;8238,True,76.733,49.0,49.0,513.51,35,249;251;267;273;296;298;308;309;311;319;337;338;343;360;361;363;366;469;472;475;476;477;492;519;520;522;533;546;551;576;578;610;612;628;634,True,0.0,26.667,1703.0,5184.21
228,exp2_continuous,2_breakpoints,98,37,9000,2,3762;4578,20,980;1345;1990;2439;2680;2974;4286;4332;4377;4588;5442;5456;5822;6513;6882;7368;7984;8122;8141;8506,True,73.8,267.0,267.0,493.48,17,399;403;405;406;407;408;409;410;411;413;414;415;420;426;435;441;444,True,0.0,46.433,3726.0,5147.67
229,exp2_continuous,2_breakpoints,99,37,9000,2,5124;7704,23,704;1340;1520;2022;2234;2545;2890;3618;3785;3928;4166;4406;4801;4887;5068;5126;5600;6229;6442;6614;6738;7803;8632,True,71.967,50.5,50.5,518.23,21,246;248;249;254;299;301;355;363;365;370;375;404;413;416;431;531;533;578;589;590;594,True,0.0,49.667,5820.0,5050.01
230,exp2_continuous,3_breakpoints,0,37,9000,3,1839;4842;5670,24,423;658;1382;1470;1830;2046;2248;2544;3150;3779;3938;3940;4826;5080;5727;5748;6384;6618;6692;6742;7052;7335;7980;8749,True,67.011,27.3,16.0,510.59,26,227;229;237;244;375;384;405;413;416;419;424;429;430;433;434;435;438;439;441;453;466;489;553;555;561;572,True,0.0,60.478,3545.0,5116.63
231,exp2_continuous,3_breakpoints,1,37,9000,3,2967;3984;6681,17,238;1350;1454;1528;1704;1936;2265;2656;3014;3810;3992;4102;4461;4643;5552;6676;6754,True,41.356,20.0,8.0,522.53,35,272;285;286;294;301;303;311;327;331;338;344;347;355;357;366;376;395;397;414;419;429;438;440;452;455;469;474;480;481;487;502;522;532;539;544,True,0.0,67.011,4000.0,5065.93
232,exp2_continuous,3_breakpoints,2,37,9000,3,1563;3777;5259,17,1030;1576;1866;2170;2342;3013;3662;3806;4248;4653;6016;6229;6260;6394;6852;8160;8664,True,59.833,216.0,29.0,526.31,43,207;228;236;241;243;247;249;256;257;265;275;278;280;283;286;289;291;307;335;346;352;358;381;389;400;415;419;429;445;449;461;466;486;494;497;502;505;507;509;526;546;566;575,True,0.0,56.133,2958.0,5165.41
233,exp2_continuous,3_breakpoints,3,37,9000,3,2049;4080;5601,16,686;864;1396;1560;3210;3376;3490;4078;4240;5074;5566;5702;5822;7740;8333;8610,True,48.9,175.3,35.0,458.97,31,313;320;359;370;375;376;380;389;393;396;398;403;410;414;418;421;423;424;425;429;431;435;442;447;451;456;467;468;475;492;535,True,0.0,58.756,3375.0,5160.79
234,exp2_continuous,3_breakpoints,4,37,9000,3,1659;2790;8136,29,400;476;513;1324;1794;2096;2352;2547;2800;3373;3706;3974;4200;4348;4480;4608;4814;5049;5633;5786;6026;6276;6310;6512;7326;7592;7628;7829;8214,True,69.856,74.3,78.0,493.7,32,151;167;214;223;228;241;257;262;263;319;326;334;340;349;359;365;375;388;425;452;456;462;465;481;494;504;511;530;540;548;568;576,True,0.0,38.922,3619.0,5178.96
235,exp2_continuous,3_breakpoints,5,37,9000,3,2589;4887;7572,24,385;734;896;998;1058;1286;2166;2750;3042;3204;3542;3993;4013;4135;4340;4952;5159;5454;5962;6850;6957;7616;8348;8624,True,66.144,90.0,65.0,493.73,27,263;269;300;317;334;336;340;347;349;351;352;355;358;364;367;392;395;397;402;404;413;421;459;461;492;524;537,True,0.0,67.244,4479.0,5028.62
236,exp2_continuous,3_breakpoints,6,37,9000,3,1752;2940;6108,16,1687;1730;1946;2540;3070;3083;3313;3754;3832;4524;5422;5794;6796;7783;8320;8618,True,53.711,155.3,130.0,408.8,48,217;222;228;249;259;265;271;282;286;306;311;313;316;318;321;324;334;342;345;350;351;359;360;362;371;373;385;386;388;393;394;434;437;439;462;478;479;489;493;496;499;500;547;551;566;594;622;627,True,0.0,62.389,2973.0,5077.39
237,exp2_continuous,3_breakpoints,7,37,9000,3,2631;5127;6348,17,374;1210;1222;2038;2526;2637;3344;4878;5572;5852;6016;6176;6414;7124;7578;7992;8320,True,60.833,107.0,66.0,458.58,40,200;203;207;208;216;254;261;262;278;286;287;290;297;310;321;324;328;341;367;377;394;424;433;435;439;440;441;443;447;452;483;484;487;488;491;510;520;522;525;564,True,0.0,68.311,4138.0,5093.04
238,exp2_continuous,3_breakpoints,8,37,9000,3,2493;3636;7491,25,286;402;597;616;866;1038;1169;1284;1528;2218;2514;2606;2708;3262;3263;3636;3941;5032;6862;7126;7404;7588;7777;8299;8698,True,60.044,36.0,21.0,530.61,41,282;296;298;321;329;331;334;355;358;359;366;372;374;376;379;383;387;388;393;405;418;420;423;429;436;443;444;445;449;452;458;459;475;480;483;492;495;509;520;524;527,True,0.0,54.033,4013.0,5158.16
239,exp2_continuous,3_breakpoints,9,37,9000,3,1845;4158;5001,20,850;1462;1864;2528;3276;3496;3920;4162;4521;4824;5034;5578;5824;5858;6880;7446;7475;7595;7606;8906,True,63.811,18.7,19.0,480.74,41,266;278;308;315;335;336;338;340;347;353;357;359;371;372;390;393;405;407;411;414;415;416;421;423;424;425;427;429;430;435;436;439;441;444;447;448;449;489;491;515;529,True,0.0,52.611,3139.0,5136.54
240,exp2_continuous,3_breakpoints,10,37,9000,3,2352;3051;8187,15,872;1171;1468;1600;2423;3142;5447;6186;6268;6414;6523;7300;7472;7832;8236,True,49.233,70.3,71.0,503.18,26,273;275;301;304;310;313;320;332;337;343;346;358;438;457;463;466;472;479;480;498;501;502;531;533;536;584,True,0.0,39.9,3946.0,5086.25
241,exp2_continuous,3_breakpoints,11,37,9000,3,1368;3741;5595,26,316;364;922;1242;1486;1506;1602;1738;2661;3320;3686;3816;3909;3951;4124;4126;4424;4800;5192;5619;7056;7402;7820;8085;8254;8618,True,63.1,65.7,55.0,499.84,36,197;207;229;254;257;294;301;304;305;312;314;317;323;328;342;359;369;371;372;376;387;388;394;399;414;428;429;434;437;438;520;552;561;571;592;620,True,0.0,59.978,2948.0,5186.06
242,exp2_continuous,3_breakpoints,12,37,9000,3,1122;3834;6561,18,303;466;594;984;1117;1170;1720;1978;2836;3504;3613;3810;4114;4383;5970;6304;6584;7244,True,48.989,17.3,23.0,446.7,45,207;209;215;216;230;245;246;255;258;266;268;276;280;281;289;315;316;326;367;373;375;379;380;381;382;384;387;400;403;406;414;419;432;439;447;453;454;465;487;489;516;517;570;571;576,True,0.0,67.4,3263.0,5085.32
243,exp2_continuous,3_breakpoints,13,37,9000,3,1599;4191;6798,20,332;1122;1280;1436;1602;1622;2189;2196;2418;2530;2720;2776;2957;3502;3574;3626;4339;5612;6360;6740,True,46.311,69.7,58.0,459.64,34,189;209;213;239;261;262;271;275;277;282;284;311;317;318;319;325;326;449;451;484;485;486;492;493;494;506;532;540;541;542;545;561;567;592,True,0.0,68.933,3604.0,5178.84
244,exp2_continuous,3_breakpoints,14,37,9000,3,2385;3780;6549,26,358;814;1024;1810;1824;1912;2202;2732;3196;3432;3762;3900;4034;4269;4876;5037;5151;5944;5987;6371;6545;6712;7617;7780;7998;8230,True,67.244,68.3,18.0,418.68,41,226;278;297;303;304;305;310;328;334;345;347;352;354;355;357;362;363;364;366;367;383;392;394;398;405;410;412;418;445;446;463;465;466;467;471;485;488;489;492;500;526,True,0.0,66.722,3712.0,5157.18
245,exp2_continuous,3_breakpoints,15,37,9000,3,888;2754;8049,20,906;1071;1228;1282;1741;1960;3032;3171;4242;5070;5235;5622;6269;6766;7162;7228;7408;7819;8050;8657,True,62.667,99.0,18.0,483.42,34,187;192;195;205;208;209;266;274;281;294;316;320;341;342;346;353;361;382;403;405;416;417;428;446;465;473;482;490;520;550;554;569;572;601,True,0.0,39.089,3296.0,5048.37
246,exp2_continuous,3_breakpoints,16,37,9000,3,2349;5217;5922,20,272;536;1020;1248;1442;1918;2038;2068;2206;2930;5204;5865;5918;5950;6339;6768;7164;7204;7341;8530,True,48.944,53.3,13.0,423.68,60,246;250;274;282;285;301;303;306;307;311;320;325;326;329;331;333;335;337;349;355;368;374;376;377;379;381;382;386;388;391;392;394;395;397;405;406;430;433;435;436;441;443;446;448;449;452;457;460;463;464;474;478;482;490;493;498;502;504;512;545,True,0.0,63.067,3951.0,5086.06
247,exp2_continuous,3_breakpoints,17,37,9000,3,1008;2727;6549,19,520;976;1432;1620;2913;3084;3182;3355;3471;4160;4508;4808;5194;6642;6684;7130;8716;8775;8828,True,49.244,103.7,93.0,495.1,44,159;164;180;183;194;201;225;230;240;242;244;245;247;248;262;269;287;289;297;307;314;317;323;327;328;331;457;462;471;475;481;493;504;516;529;537;575;576;577;580;585;601;621;625,True,0.0,55.767,2803.0,5124.93
248,exp2_continuous,3_breakpoints,18,37,9000,3,2805;3882;4842,16,304;452;2490;2732;3020;3256;3789;3792;4065;4336;4346;4848;5720;6320;6575;8757,True,41.678,56.3,73.0,442.37,43,288;296;310;318;321;326;335;341;345;347;351;354;357;372;373;380;381;384;386;387;392;395;397;403;406;407;408;419;425;428;430;433;436;438;446;451;453;465;466;474;483;496;505,True,0.0,50.6,3338.0,5094.4
249,exp2_continuous,3_breakpoints,19,37,9000,3,1995;3786;4875,23,293;680;885;1036;1506;1695;1783;2104;3065;3189;3501;3772;3816;4850;5000;5666;6218;6642;6842;7128;7298;7596;7930,True,60.722,49.3,25.0,463.12,35,244;245;256;272;276;280;289;292;361;364;377;378;383;390;396;397;405;407;409;410;415;418;421;422;435;436;441;502;504;512;514;551;559;565;592,True,0.0,51.456,2960.0,5064.0
250,exp2_continuous,3_breakpoints,20,37,9000,3,1776;4056;5127,19,183;986;2025;2648;2756;3232;4120;4378;4649;4814;5116;5544;5618;5770;5840;5986;6822;7319;8058,True,68.1,108.0,64.0,541.03,32,204;208;224;233;236;247;342;350;353;359;375;376;378;379;381;388;391;392;395;399;400;405;406;409;421;425;429;432;435;437;451;452,True,0.0,54.7,3201.0,5015.52
251,exp2_continuous,3_breakpoints,21,37,9000,3,1860;3789;5043,20,786;1870;1954;2047;2156;2615;3664;3829;4080;4734;4992;5037;6723;6861;6914;7021;7126;7407;7517;8426,True,50.478,18.7,10.0,421.85,42,225;248;259;260;311;318;354;355;361;366;368;378;379;393;401;402;403;407;408;409;411;413;415;416;418;421;424;426;437;439;470;476;478;479;482;485;492;504;528;552;559;561,True,0.0,53.533,3003.0,5165.14
252,exp2_continuous,3_breakpoints,22,37,9000,3,1806;4473;7338,19,426;702;1177;1432;1816;1938;2560;2564;3721;3755;5589;5850;6012;6358;7337;7370;7844;8188;8336,True,62.089,243.0,10.0,468.53,38,233;238;245;249;255;272;285;298;303;304;315;317;318;321;331;336;340;343;346;347;348;353;362;370;381;384;401;426;507;509;530;542;547;558;578;588;592;596,True,0.0,65.578,3943.0,5148.87
253,exp2_continuous,3_breakpoints,23,37,9000,3,2361;3417;5355,23,219;868;924;1526;1684;1749;1926;2120;2274;2980;3092;3416;3704;3976;4434;4554;4806;5348;5402;5604;5949;8172;8650,True,55.189,31.7,7.0,454.59,37,267;269;306;307;310;342;345;347;349;352;355;357;358;361;363;369;381;388;392;395;399;412;413;415;419;429;439;442;463;481;483;485;490;496;501;528;532,True,0.0,56.533,3179.0,5031.2
254,exp2_continuous,3_breakpoints,24,37,9000,3,1749;5274;5949,20,754;1195;1504;2686;2785;2922;3419;3604;3686;4065;4293;5189;5869;6790;7262;7508;7774;8016;8345;8524,True,65.256,136.7,85.0,485.55,34,214;220;241;261;264;279;282;300;318;325;327;332;355;361;365;371;378;379;467;470;477;491;495;497;499;511;513;518;520;531;536;539;544;584,True,0.0,58.456,3740.0,5180.49
255,exp2_continuous,3_breakpoints,25,37,9000,3,2958;4554;7029,17,2034;2409;2750;3386;3477;3915;4546;4611;4966;5280;5892;6142;7142;7521;7925;8487;8750,True,54.289,109.7,113.0,463.18,45,222;230;248;251;320;325;332;333;343;344;349;357;367;371;373;374;377;388;390;391;392;394;401;405;408;409;414;417;419;421;425;426;442;455;457;458;459;462;463;465;468;469;471;482;498,True,0.0,70.033,4349.0,5070.19
256,exp2_continuous,3_breakpoints,26,37,9000,3,2928;4551;6624,18,416;578;759;1286;2825;3420;3748;3836;3986;4784;5007;5147;5328;5384;5746;5988;6341;7688,True,58.022,206.3,233.0,501.96,24,183;189;199;203;206;225;242;243;285;314;320;333;354;359;362;364;476;477;482;491;494;520;526;530,True,0.0,71.567,4171.0,5134.53
257,exp2_continuous,3_breakpoints,27,37,9000,3,1590;3435;4389,24,400;1030;1266;1524;2034;2306;2652;2768;2893;3408;3695;3700;4360;4442;4746;4926;4986;5594;6291;6308;7177;7440;7958;8236,True,70.289,40.7,29.0,443.81,38,233;267;268;279;297;301;322;330;336;338;343;347;350;352;356;366;369;373;376;381;382;383;385;386;388;393;444;445;446;449;451;471;476;478;492;496;531;541,True,0.0,46.178,2597.0,5119.53
258,exp2_continuous,3_breakpoints,28,37,9000,3,2262;3276;4203,11,278;2262;2396;2874;3077;3240;4698;5832;8030;8088;8732,True,37.922,177.0,36.0,402.16,39,244;255;259;270;278;281;283;304;311;312;315;317;321;322;325;326;327;330;331;332;333;338;369;375;381;387;391;430;435;500;503;507;511;513;514;536;559;561;595,True,0.0,43.989,2652.0,5210.73
259,exp2_continuous,3_breakpoints,29,37,9000,3,2604;4440;8199,15,870;1377;2585;3327;4449;5024;5106;5303;5320;6775;7311;7730;7835;8116;8605,True,53.533,37.0,19.0,437.22,24,265;267;271;286;314;316;364;374;377;379;380;381;387;395;398;399;412;417;453;460;502;504;514;529,True,0.0,55.289,4552.0,5126.0
260,exp2_continuous,3_breakpoints,30,37,9000,3,2379;3966;8193,17,512;1124;1595;2208;2522;2570;2612;4495;4850;5594;6242;6464;7002;7334;8557;8708;8712,True,65.4,345.3,364.0,419.81,37,179;256;258;284;294;295;300;303;304;307;311;312;316;330;331;332;335;338;339;341;342;357;359;364;366;451;477;479;489;491;515;518;549;561;569;593;597,True,0.0,51.044,4249.0,5143.65
261,exp2_continuous,3_breakpoints,31,37,9000,3,2193;4914;8187,17,656;714;1058;2188;2420;2733;2962;3146;5690;6060;6282;6546;7297;7362;7636;8183;8286,True,51.522,261.7,5.0,448.96,41,157;182;206;227;240;241;243;244;245;247;257;258;259;261;262;263;264;267;278;287;295;309;315;316;477;479;494;495;508;517;526;564;626;629;631;644;646;680;692;715;720,True,0.0,61.844,4378.0,5205.74
262,exp2_continuous,3_breakpoints,32,37,9000,3,2991;4335;5895,25,98;316;1857;1944;2116;2274;2506;2852;2870;2980;3012;4258;4330;4385;4582;4980;5023;5816;5920;7170;7523;7962;8032;8262;8401,True,46.333,13.7,11.0,415.47,44,301;305;306;307;311;312;313;321;325;331;339;340;341;344;349;353;359;374;376;377;388;396;397;402;404;406;412;414;418;425;436;438;441;442;444;447;452;457;458;461;467;479;501;509,True,0.0,62.156,3898.0,5043.31
263,exp2_continuous,3_breakpoints,33,37,9000,3,2469;3729;4389,19,720;1013;1418;2403;2712;2954;3238;3354;3774;4146;4344;4812;4821;5444;6144;7028;7573;7926;8419,True,70.933,52.0,45.0,475.26,36,208;212;215;217;226;239;244;247;249;252;254;255;262;279;292;294;297;304;316;322;325;327;337;340;345;361;362;384;385;387;399;400;405;435;451;474,True,0.0,46.456,3055.0,5072.93
264,exp2_continuous,3_breakpoints,34,37,9000,3,2028;2877;5478,25,1194;1496;1576;1680;1765;1982;2052;2323;2326;2599;2960;3330;3547;3876;3979;4452;5432;5716;5931;6496;6990;7254;7455;8076;8429,True,65.856,51.0,46.0,563.79,41,255;283;286;289;291;296;304;308;311;321;324;327;329;337;341;344;347;351;354;368;398;405;412;413;438;441;452;453;461;464;465;467;468;478;484;506;508;518;525;546;558,True,0.0,58.033,2903.0,5100.68
265,exp2_continuous,3_breakpoints,35,37,9000,3,2568;3264;4929,19,225;430;587;750;954;1075;2259;2357;2556;2799;3028;4077;4540;5526;5854;6088;6377;6833;7824,True,62.178,212.3,236.0,520.68,33,212;228;261;266;270;287;298;319;327;330;336;346;356;361;363;371;372;379;408;411;412;415;417;420;430;453;469;475;489;504;513;522;525,True,0.0,52.411,3062.0,5238.85
266,exp2_continuous,3_breakpoints,36,37,9000,3,1209;2781;7308,18,526;1239;1355;2313;2790;4088;4512;4786;5188;5612;5750;6122;6835;7312;7541;7855;7914;8170,True,58.122,14.3,9.0,458.52,47,190;199;207;216;221;227;262;263;266;268;271;272;288;294;301;302;304;309;310;323;331;332;410;413;422;430;431;434;436;437;449;457;463;464;467;469;473;478;504;529;532;533;536;586;596;605;613,True,0.0,47.589,3153.0,5034.58
267,exp2_continuous,3_breakpoints,37,37,9000,3,1851;5016;6084,18,434;1814;1897;3370;4180;4347;4471;4782;4913;5337;5554;5946;6134;6241;7746;8120;8612;8722,True,47.222,63.3,50.0,558.25,28,216;242;261;283;287;288;292;298;311;312;314;318;320;333;334;339;344;371;373;374;392;417;475;495;499;502;526;536,True,0.0,62.433,3781.0,5029.67
268,exp2_continuous,3_breakpoints,38,37,9000,3,1236;3987;6603,27,222;1024;1053;1230;1314;1604;1938;2259;2332;2487;2778;2869;3771;4004;4040;4294;4570;4688;5070;5407;5574;7496;8008;8338;8444;8682;8808,True,63.944,305.3,17.0,501.3,42,204;217;239;258;278;283;290;293;389;394;397;400;403;404;407;413;414;416;419;420;421;422;424;425;426;431;433;440;443;444;445;448;453;461;511;517;526;533;543;559;583;599,True,0.0,67.167,3343.0,5036.77
269,exp2_continuous,3_breakpoints,39,37,9000,3,2247;3210;6057,23,654;1638;1818;2034;2145;2230;2234;2603;2881;2989;3063;3894;4152;4243;4507;4623;5532;6001;6049;6708;7178;8565;8619,True,59.6,56.0,13.0,438.7,50,250;264;268;269;289;307;309;315;333;334;335;340;342;348;352;353;354;358;359;362;365;379;394;396;398;402;408;412;418;428;430;431;440;443;458;469;479;482;487;496;498;514;523;532;538;540;541;545;557;560,True,0.0,64.522,3278.0,5139.14
270,exp2_continuous,3_breakpoints,40,37,9000,3,1698;2418;6405,18,300;1312;1442;1701;2734;3134;3270;3393;3985;4110;4642;4743;5074;5340;6881;7972;8252;8424,True,56.833,265.0,316.0,473.09,38,228;236;239;252;255;261;262;269;270;276;277;289;290;298;303;305;322;323;326;346;354;365;366;373;399;400;401;404;432;439;532;535;545;548;587;601;614;617,True,0.0,53.167,2890.0,5206.39
271,exp2_continuous,3_breakpoints,41,37,9000,3,1947;4329;5877,16,689;1190;1772;2770;3178;3380;3584;3712;4338;4392;4446;4579;5880;6067;6762;8204,True,52.756,62.3,9.0,425.7,38,228;248;255;291;297;298;299;302;309;310;316;328;329;330;331;335;340;347;348;350;355;357;369;436;437;438;439;444;448;474;477;478;481;488;500;501;534;537,True,0.0,62.767,3514.0,4980.19
272,exp2_continuous,3_breakpoints,42,37,9000,3,2148;3711;7350,20,387;719;1045;1252;1643;2010;2106;2220;2648;2757;4074;4151;4436;4906;5138;5242;8157;8232;8350;8582,True,56.989,404.0,363.0,522.26,31,165;185;254;259;275;277;294;305;308;310;316;348;351;363;367;374;393;409;411;413;417;424;449;459;467;499;502;518;522;527;536,True,0.0,57.733,3867.0,5110.05
273,exp2_continuous,3_breakpoints,43,37,9000,3,2721;4413;5238,13,1668;3200;4000;4400;4551;4611;5120;6032;6334;6356;6538;7822;8706,True,52.656,203.3,118.0,443.93,38,182;231;293;299;310;313;326;335;337;340;344;349;351;353;360;363;383;387;394;395;396;403;409;412;413;414;418;420;421;462;463;464;467;488;496;505;520;539,True,0.0,56.178,3585.0,5149.76
274,exp2_continuous,3_breakpoints,44,37,9000,3,1932;2985;7959,20,162;191;266;326;558;1180;1274;1932;2451;3204;4222;5308;5724;5736;6176;6762;7185;7508;7596;7960,True,63.133,73.3,1.0,544.5,35,193;232;240;244;245;255;264;275;277;284;296;302;308;310;312;333;435;450;451;457;477;489;491;493;512;547;548;550;552;556;561;596;604;609;615,True,0.0,42.589,3677.0,5237.17
275,exp2_continuous,3_breakpoints,45,37,9000,3,1233;3528;7776,14,1305;2217;2362;2716;2902;3172;3994;4288;4847;7708;8133;8226;8493;8775,True,40.411,165.3,72.0,577.21,34,170;189;190;195;196;209;224;229;231;234;258;261;332;344;355;357;381;444;457;463;469;494;523;531;578;579;583;595;600;603;621;635;646;653,True,0.0,50.911,3526.0,5265.72
276,exp2_continuous,3_breakpoints,46,37,9000,3,2034;3087;6726,15,358;846;1476;1962;2492;3408;3928;4112;4314;4520;4804;6000;6362;6655;6687,True,47.833,144.0,72.0,527.11,38,249;273;274;277;280;285;294;299;302;303;304;305;308;328;331;338;342;343;345;396;403;404;407;423;426;445;447;461;476;479;494;496;510;511;533;559;562;563,True,0.0,56.8,3386.0,5003.14
277,exp2_continuous,3_breakpoints,47,37,9000,3,2874;3516;5280,16,1348;1510;1748;1938;2055;2928;3212;3284;3520;4232;4469;4622;4724;5512;6678;7222,True,54.2,96.7,54.0,457.65,22,255;305;311;318;320;322;323;324;325;326;359;380;381;392;397;417;435;463;503;508;523;530,True,0.0,55.833,3360.0,5109.2
278,exp2_continuous,3_breakpoints,48,37,9000,3,1557;4398;5073,21,1170;1600;1968;2222;2389;3196;3485;4068;4272;4382;5112;5342;5838;5912;6448;6650;7226;7365;7880;8213;8674,True,64.133,32.7,39.0,523.85,38,210;228;272;281;293;297;321;327;329;330;341;347;348;350;351;352;354;355;356;357;360;362;367;375;398;407;408;411;412;413;420;421;422;424;425;528;588;623,True,0.0,54.033,3053.0,5034.02
279,exp2_continuous,3_breakpoints,49,37,9000,3,876;4116;5757,16,422;546;768;1383;2257;2404;3542;3916;4158;4531;5048;5160;5334;5755;6199;6487,True,49.0,50.7,42.0,433.09,38,217;223;268;309;313;329;342;344;350;352;362;364;370;375;382;390;394;395;396;397;401;411;413;414;416;419;420;421;422;431;438;440;444;455;458;508;555;562,True,0.0,61.556,3021.0,5071.94
280,exp2_continuous,3_breakpoints,50,37,9000,3,2568;4710;8121,22,228;670;778;1046;1381;1674;1800;2644;3014;3374;4138;4710;4866;5165;5410;5738;5756;6774;7520;7593;7716;8140,True,62.111,31.7,19.0,438.44,45,206;208;281;283;292;311;316;326;344;352;370;371;372;374;376;378;382;387;400;401;406;407;408;409;412;414;418;420;422;430;431;432;433;440;477;480;499;501;523;526;545;556;564;646;653,True,0.0,59.811,4480.0,5196.22
281,exp2_continuous,3_breakpoints,51,37,9000,3,2784;3945;5085,18,1207;1416;1963;2539;2825;2966;3168;3238;3560;3662;3937;3946;4886;5084;5320;5502;6189;8716,True,44.489,14.3,1.0,444.28,56,312;322;324;332;338;345;347;351;352;353;355;356;357;361;362;363;365;368;371;372;377;384;386;388;389;391;392;395;410;412;415;417;418;419;422;427;429;433;435;441;447;449;452;457;463;466;472;477;479;484;502;512;517;527;529;537,True,0.0,53.033,3401.0,5199.22
282,exp2_continuous,3_breakpoints,52,37,9000,3,2775;4134;4977,16,1866;2348;2483;2618;2762;3412;3733;4090;4154;4534;4774;4882;5804;6212;6762;8624,True,47.278,42.7,20.0,424.02,36,274;290;292;298;333;336;337;338;363;368;370;374;382;388;393;394;395;406;408;428;429;430;434;437;438;439;443;462;465;466;472;483;504;512;521;543,True,0.0,52.256,3419.0,5296.76
283,exp2_continuous,3_breakpoints,53,37,9000,3,840;5157;7710,19,836;2077;2486;3226;3788;3888;4200;4290;4580;4930;5758;7520;7660;7696;8313;8426;8556;8640;8930,True,50.689,81.7,14.0,561.58,30,189;204;211;233;242;243;265;267;343;346;349;350;384;390;393;404;405;421;423;429;431;443;447;455;463;471;476;478;489;494,True,0.0,49.933,4075.0,5161.76
284,exp2_continuous,3_breakpoints,54,37,9000,3,1461;4323;6474,26,512;680;1297;1437;1525;2242;2526;2882;2918;3019;3232;3341;3418;3599;4182;4251;4344;4446;5021;5076;5922;5962;6480;6770;6910;8468,True,58.467,17.0,21.0,419.43,41,225;226;269;270;273;280;283;286;296;302;305;312;318;363;381;383;396;402;404;405;407;408;409;417;418;419;429;453;490;491;498;500;501;508;510;516;524;527;553;560;561,True,0.0,65.7,3525.0,5118.45
285,exp2_continuous,3_breakpoints,55,37,9000,3,1074;3330;7668,15,550;1000;1442;2052;3324;3337;3842;4136;4740;5390;5523;7568;7674;8184;8684,True,51.367,28.7,6.0,416.12,47,190;198;210;211;220;233;235;241;243;270;273;335;340;363;366;368;370;371;384;389;394;403;404;408;411;441;443;455;472;474;492;493;494;497;500;506;508;531;541;542;556;567;568;569;576;587;611,True,0.0,49.689,3413.0,5081.39
286,exp2_continuous,3_breakpoints,56,37,9000,3,2703;4185;4902,21,1022;1260;1880;2338;2622;2704;2925;2974;2976;4225;4673;5188;5650;5873;6006;6268;6454;7064;7658;8146;8300,True,62.456,90.0,40.0,408.22,46,281;310;321;332;341;343;344;349;350;351;354;355;356;357;358;360;361;362;364;365;366;367;368;370;371;373;374;376;388;391;393;397;407;415;417;421;501;508;511;527;530;531;537;543;547;578,True,0.0,51.344,3352.0,5123.84
287,exp2_continuous,3_breakpoints,57,37,9000,3,981;2202;7410,15,228;3314;3423;3680;4351;5138;6312;6722;6932;7006;7456;7684;8010;8241;8477,True,65.044,637.0,753.0,517.49,20,218;233;257;281;287;288;304;307;311;317;508;517;520;521;536;545;557;568;605;631,True,0.0,39.711,2900.0,5124.24
288,exp2_continuous,3_breakpoints,58,37,9000,3,2028;5085;7077,8,1233;4830;5063;5249;5477;7077;8278;8514,True,24.044,272.3,22.0,531.66,28,264;279;301;305;327;346;357;369;375;376;378;382;388;390;395;397;400;404;406;409;425;430;441;447;449;495;517;528,True,0.0,63.1,4202.0,5165.84
289,exp2_continuous,3_breakpoints,59,37,9000,3,1584;5139;6870,25,628;687;812;1414;1428;1610;2185;2442;2464;2662;3056;3423;3910;4028;4282;4323;5007;5067;5082;5136;5191;5528;5942;7602;8428,True,65.933,253.7,26.0,451.58,37,218;232;238;247;251;279;288;335;339;340;343;364;371;377;382;385;390;392;396;398;404;418;419;421;423;442;447;452;481;494;498;519;526;547;558;565;566,True,0.0,58.078,3965.0,5037.11
290,exp2_continuous,3_breakpoints,60,37,9000,3,1062;3816;7344,20,351;795;1552;1894;2196;2270;2561;2914;3436;3652;3805;4059;4062;4376;5091;5670;6654;7345;8235;8350,True,68.444,93.0,11.0,459.52,54,187;195;211;231;235;239;248;250;267;274;278;285;286;293;300;303;343;345;347;350;363;369;371;374;376;377;386;388;390;396;412;415;418;421;426;430;431;444;533;536;546;550;560;561;564;566;588;592;594;596;599;607;622;642,True,0.0,58.722,3432.0,5131.93
291,exp2_continuous,3_breakpoints,61,37,9000,3,1761;4200;6441,20,112;299;627;1026;1290;1556;2272;3017;4080;5588;6244;6417;6452;6759;6816;7565;7670;7930;8178;8784,True,60.011,112.0,120.0,504.35,40,214;248;267;275;276;282;303;306;307;334;335;345;347;353;358;362;371;374;385;386;389;400;403;406;407;410;413;414;415;449;456;458;467;478;488;502;525;535;542;551,True,0.0,69.189,3583.0,5048.34
292,exp2_continuous,3_breakpoints,62,37,9000,3,2358;3291;6231,29,324;1292;1484;1792;1924;2122;2139;2316;2420;2570;2679;3016;3258;3261;3904;4088;4430;4756;5148;5358;5774;5954;6096;6202;6412;7083;7286;7867;8606,True,70.478,33.7,30.0,447.99,35,272;295;300;308;312;313;317;323;324;325;326;332;335;337;338;346;371;381;383;400;402;409;411;419;424;427;461;475;497;504;506;509;513;534;546,True,0.0,64.311,3414.0,5175.55
293,exp2_continuous,3_breakpoints,63,37,9000,3,1488;3816;6399,25,510;846;1026;2006;2353;2518;3534;4368;4803;5194;5370;5636;6088;6349;6460;6772;6924;7278;7460;7628;8019;8205;8424;8556;8710,True,72.567,264.7,282.0,454.14,56,190;193;198;216;223;270;284;285;290;298;319;325;345;347;348;349;351;354;357;367;368;388;393;395;398;403;404;413;421;422;424;426;428;429;436;437;442;443;444;446;450;454;461;468;476;480;485;489;490;491;492;494;499;500;504;508,True,0.0,68.989,3393.0,5143.82
294,exp2_continuous,3_breakpoints,64,37,9000,3,2943;4821;6864,25,1029;1398;1666;3022;3123;3204;3560;3646;4294;4350;4490;4826;5200;5656;6160;6362;6854;7003;7098;7176;7376;7642;7735;7860;7984,True,61.722,31.3,10.0,492.3,46,262;275;281;288;289;297;306;307;313;327;354;357;366;369;373;374;377;378;380;382;383;387;393;394;396;398;412;413;418;431;432;439;440;441;444;452;455;457;498;512;533;537;548;565;578;583,True,0.0,73.356,4293.0,5066.68
295,exp2_continuous,3_breakpoints,65,37,9000,3,1350;4695;7263,21,2170;2235;2484;2744;3400;3979;4192;4631;4700;5290;5369;6312;6473;6777;7012;7032;7216;7298;7700;8050;8240,True,58.789,286.7,35.0,506.63,50,218;220;225;237;262;264;280;296;327;328;329;341;353;355;365;366;367;368;369;373;375;377;378;379;380;382;383;385;386;387;388;389;390;396;402;408;428;449;459;476;477;480;482;506;517;519;545;552;584;600,True,0.0,60.411,3836.0,5089.11
296,exp2_continuous,3_breakpoints,66,37,9000,3,840;2052;7911,18,879;1134;1904;2050;2248;2710;2754;3670;3846;4764;5521;5623;6331;7015;7420;8099;8445;8464,True,65.956,76.3,39.0,490.86,15,228;262;282;283;286;311;326;500;512;515;535;543;547;564;566,True,0.0,32.367,3035.0,5040.35
297,exp2_continuous,3_breakpoints,67,37,9000,3,2619;4605;6696,23,729;1158;1423;1716;2064;2334;2364;2654;3180;3544;3576;4380;5462;5634;6459;6612;6704;7520;7568;7835;8325;8770;8860,True,64.378,89.3,35.0,436.77,24,259;289;292;309;314;318;320;323;332;345;346;362;418;442;443;444;462;466;472;473;482;504;525;531,True,0.0,71.522,4109.0,5125.19
298,exp2_continuous,3_breakpoints,68,37,9000,3,2340;3318;5373,11,1594;2182;2358;3324;3376;4130;4636;4892;5372;7038;7525,True,44.744,8.3,6.0,499.15,33,271;284;299;305;309;310;313;315;326;332;335;338;355;360;364;365;370;371;373;375;386;392;395;401;403;404;413;435;451;453;460;465;534,True,0.0,56.689,3143.0,5042.47
299,exp2_continuous,3_breakpoints,69,37,9000,3,2241;4839;7635,20,266;814;882;1063;1784;3158;4284;4695;4806;5653;5716;5856;5874;6318;6780;7554;7610;8142;8374;8678,True,64.8,171.7,33.0,506.79,36,200;206;211;221;222;227;243;249;357;359;360;362;365;369;372;373;374;375;376;377;382;384;385;388;389;390;398;418;419;434;491;498;527;536;540;543,True,0.0,66.711,4362.0,5107.87
300,exp2_continuous,3_breakpoints,70,37,9000,3,951;4251;5190,13,484;948;1353;3072;3612;4023;5223;5940;6551;6592;6718;7930;8175,True,51.622,88.0,33.0,506.91,29,178;179;180;231;239;243;244;336;338;345;374;379;398;404;413;414;443;448;463;471;483;579;582;590;596;656;657;658;659,True,0.0,55.689,2805.0,5134.45
301,exp2_continuous,3_breakpoints,71,37,9000,3,1383;4959;7143,28,222;472;1188;1363;1847;2724;2954;3222;4406;4518;5243;5381;5902;5981;6020;6118;6278;6351;6669;6888;6992;7310;7783;7869;8038;8344;8477;8504,True,67.589,151.7,151.0,485.29,32,195;200;227;228;229;241;243;246;302;304;305;315;321;322;324;346;351;355;356;368;370;447;450;453;497;504;515;530;544;593;594;598,True,0.0,58.1,3897.0,5092.22
302,exp2_continuous,3_breakpoints,72,37,9000,3,1359;2325;7110,14,1359;1620;1932;2076;2210;2300;5936;6058;6638;6652;7054;7098;8380;8746,True,27.2,12.3,12.0,497.47,39,227;238;241;247;251;258;262;271;273;277;294;298;308;311;317;322;358;363;408;412;469;472;491;494;511;520;522;531;536;541;551;557;562;565;570;574;582;586;595,True,0.0,44.311,3003.0,5107.95
303,exp2_continuous,3_breakpoints,73,37,9000,3,2676;4209;7581,25,876;1150;1200;1633;1846;2827;2876;3393;3506;3518;3772;4286;4645;5128;5312;5942;6332;6366;6899;6966;7198;7566;7852;8412;8826,True,71.3,81.0,77.0,496.84,33,268;283;302;303;315;320;324;331;336;350;352;354;358;363;367;368;369;373;379;385;389;391;392;401;402;404;406;407;409;413;416;430;437,True,0.0,59.556,4385.0,5207.86
304,exp2_continuous,3_breakpoints,74,37,9000,3,1515;2634;5277,23,240;821;1080;1328;1552;1644;1769;1976;2394;2623;3170;3190;3622;3678;4221;4270;5201;5312;5438;5840;6240;6532;7076,True,57.178,27.7,35.0,451.86,50,219;243;247;251;254;255;280;281;285;295;296;299;337;338;344;345;348;354;360;361;363;364;367;371;373;377;378;379;384;390;392;394;396;399;402;406;413;418;458;459;464;478;481;486;495;528;552;555;556;584,True,0.0,56.2,2558.0,5099.25
305,exp2_continuous,3_breakpoints,75,37,9000,3,2790;3804;5613,25,712;984;1098;2109;2376;2546;2702;3459;3826;4879;5066;5300;5565;5829;5890;6148;6616;7191;7368;7649;7656;7856;8116;8288;8712,True,63.244,52.7,48.0,434.87,56,274;282;292;316;327;337;343;344;347;349;350;352;358;359;361;362;365;367;368;370;372;375;380;381;384;387;393;394;395;398;399;400;401;402;404;405;406;411;419;428;430;431;432;434;435;441;443;447;448;459;461;496;504;507;534;545,True,0.0,59.322,3524.0,5057.7
306,exp2_continuous,3_breakpoints,76,37,9000,3,804;3780;6612,17,290;814;1794;2008;2934;3617;3722;4364;4918;5718;6929;7082;7083;7192;7788;8088;8118,True,63.667,128.3,58.0,426.65,44,160;207;264;269;274;278;282;284;287;289;290;297;300;312;319;322;331;333;335;349;355;391;398;400;403;404;419;421;435;440;452;462;466;488;495;496;515;523;525;539;543;546;612;640,True,0.0,65.156,3092.0,5121.94
307,exp2_continuous,3_breakpoints,77,37,9000,3,771;4818;8013,18,774;1774;2228;3238;3240;3864;3981;4785;4942;5415;5501;6066;6068;7302;7339;8018;8354;8502,True,60.967,13.7,5.0,456.5,47,169;170;175;188;191;198;200;218;224;226;227;237;242;243;247;251;252;352;360;367;369;370;372;410;413;414;419;431;434;532;537;548;554;555;561;593;594;598;601;603;618;621;632;633;637;653;661,True,0.0,53.156,3873.0,5109.29
308,exp2_continuous,3_breakpoints,78,37,9000,3,906;2052;5811,21,450;803;1952;2040;2416;2828;3167;3361;3578;4098;4350;4773;5816;5895;5977;6466;7040;7868;8540;8768;8884,True,62.644,40.0,12.0,432.04,34,235;243;252;253;273;286;289;297;339;342;343;344;348;352;353;362;363;387;431;440;441;461;465;471;472;473;482;502;504;509;516;550;559;567,True,0.0,55.622,2356.0,5141.9
309,exp2_continuous,3_breakpoints,79,37,9000,3,1713;3096;4143,12,1446;1654;1857;1970;2402;2723;3029;3048;3186;3927;4209;4432,True,20.144,57.7,59.0,598.51,41,152;155;161;175;241;246;253;265;302;325;334;335;337;351;364;369;377;380;381;383;386;398;402;404;409;410;411;418;419;422;437;438;443;444;469;476;495;501;509;530;537,True,0.0,44.344,2447.0,5117.64
310,exp2_continuous,3_breakpoints,80,37,9000,3,1209;4425;5886,32,582;1132;1180;1317;1491;1651;2040;2470;2606;2786;3176;3273;3678;3750;4426;4626;4842;5212;5429;5518;5798;6334;6866;7058;7185;7424;7721;7940;8237;8380;8544;8769,True,76.011,39.3,29.0,456.09,38,181;217;219;226;235;251;285;286;291;293;298;306;326;328;331;336;340;351;353;356;365;368;374;384;400;428;432;468;475;477;485;501;540;554;574;605;615;617,True,0.0,62.256,3223.0,5089.02
311,exp2_continuous,3_breakpoints,81,37,9000,3,1290;3681;7722,16,370;564;1268;1342;2305;3641;3700;3928;4616;5171;5256;5628;7525;7720;7902;8529,True,49.289,14.3,19.0,442.17,38,193;197;204;206;210;222;228;240;242;245;288;294;297;309;312;317;329;344;356;404;405;408;416;419;425;452;453;466;506;512;559;560;566;570;574;579;581;592,True,0.0,52.956,3639.0,5096.35
312,exp2_continuous,3_breakpoints,82,37,9000,3,1611;2250;4419,15,615;1454;1606;1870;2242;2660;2906;2952;4448;5328;5834;6114;6375;7045;7585,True,54.522,14.0,8.0,439.52,51,213;224;226;229;235;241;244;257;263;265;276;300;304;307;310;313;314;357;371;381;386;387;388;390;391;404;405;410;411;412;416;417;424;432;435;440;466;468;476;477;483;513;517;518;525;533;535;539;541;546;568,True,0.0,46.733,2192.0,5088.58
313,exp2_continuous,3_breakpoints,83,37,9000,3,1521;2850;7014,16,758;1794;1891;2568;3176;3513;3825;4528;4812;5184;5631;5965;6932;7012;7362;8506,True,60.544,185.7,273.0,446.33,31,241;243;261;278;279;281;291;301;308;310;317;350;364;374;405;441;452;453;473;478;489;507;509;510;515;520;522;525;540;555;559,True,0.0,51.056,3236.0,5142.7
314,exp2_continuous,3_breakpoints,84,37,9000,3,2406;4491;7140,18,2014;2299;2317;2414;2543;3254;3659;3680;3788;4104;4397;4615;5934;6512;6592;6964;7170;7278,True,35.933,44.0,30.0,420.66,33,230;239;264;265;267;272;279;309;334;339;352;370;379;380;394;399;413;420;421;423;426;430;446;456;461;468;470;475;476;477;512;514;579,True,0.0,68.011,4100.0,5067.9
315,exp2_continuous,3_breakpoints,85,37,9000,3,2847;4935;6432,27,306;336;816;1064;1086;1627;2001;2314;2988;3532;3934;4259;4407;4694;5323;5699;6000;6288;6725;6930;7341;7424;8006;8170;8384;8518;8682,True,77.167,175.3,144.0,668.6,19,168;171;174;182;190;196;200;203;210;212;220;225;229;230;232;234;256;261;267,True,0.0,69.6,4471.0,5147.92
316,exp2_continuous,3_breakpoints,86,37,9000,3,2523;3180;4299,20,1318;1576;2058;2297;2528;2986;3207;4233;4284;4420;4632;4739;5056;5555;5812;6888;7004;7426;7732;8381,True,56.911,15.7,15.0,421.6,46,249;250;255;268;273;280;293;296;310;312;320;323;328;335;349;359;361;377;379;388;399;400;403;404;405;407;411;412;417;421;425;426;427;431;433;442;444;447;460;479;525;531;540;552;568;574,True,0.0,45.0,2760.0,5039.62
317,exp2_continuous,3_breakpoints,87,37,9000,3,1767;4035;4812,19,860;1452;1743;2051;2094;3090;3672;3750;4091;4344;4826;5070;5361;5674;6752;6956;7556;7605;8300,True,62.2,31.3,24.0,413.72,40,250;277;307;308;311;312;313;314;316;318;319;346;363;364;369;370;376;377;382;384;390;392;393;396;397;405;409;415;418;427;430;434;445;460;488;492;494;500;535;542,True,0.0,50.689,2996.0,5094.05
318,exp2_continuous,3_breakpoints,88,37,9000,3,1500;3204;6495,24,165;800;901;902;1255;1480;1984;2166;3020;3327;3734;3778;4816;4944;5432;6139;6335;6524;6609;6886;7302;7548;7828;8769,True,61.467,57.3,29.0,467.79,45,202;205;211;215;240;245;276;287;289;291;293;296;303;316;320;323;325;330;335;339;350;351;353;357;359;378;435;442;443;453;454;463;467;479;483;489;492;495;497;501;536;541;547;548;549,True,0.0,61.189,3184.0,5008.89
319,exp2_continuous,3_breakpoints,89,37,9000,3,1491;5115;8088,18,220;404;794;1400;1479;1924;2151;2296;2388;2952;4152;4368;5075;5174;5520;7422;7904;8453,True,52.722,78.7,40.0,555.69,42,153;169;208;214;227;230;237;238;295;297;298;299;328;336;349;365;375;378;384;387;391;396;398;411;414;426;433;435;436;438;443;445;465;466;470;471;478;518;528;550;581;642,True,0.0,58.033,4256.0,5117.6
320,exp2_continuous,3_breakpoints,90,37,9000,3,951;4935;7440,7,2478;3702;4202;4969;5063;6202;7530,True,45.744,550.3,90.0,486.11,35,235;261;297;315;336;337;340;344;364;367;370;372;374;376;379;381;382;384;385;388;391;394;396;397;407;416;437;440;446;451;467;492;530;570;589,True,0.0,53.122,3853.0,5140.41
321,exp2_continuous,3_breakpoints,91,37,9000,3,1062;3075;4251,20,176;283;930;1956;2036;4238;4253;4450;4521;5125;6012;6360;6712;6808;7242;8312;8430;8514;8584;8740,True,58.067,391.0,132.0,502.97,38,261;272;292;294;306;309;330;339;340;347;365;371;376;377;383;385;396;399;401;405;407;409;412;414;415;419;426;431;432;435;436;441;442;443;448;451;459;474,True,0.0,44.333,2322.0,5217.99
322,exp2_continuous,3_breakpoints,92,37,9000,3,1965;5394;6948,20,844;1131;1392;1966;2500;2710;2949;3880;3980;4446;4598;4949;4974;5397;5905;6723;6811;6840;7050;7768,True,57.5,35.3,3.0,434.1,43,214;237;238;241;244;248;251;257;267;275;278;282;321;327;333;352;368;404;405;408;410;416;417;421;435;479;487;489;498;515;520;521;523;559;564;567;568;569;573;586;591;596;611,True,0.0,59.522,4158.0,5205.72
323,exp2_continuous,3_breakpoints,93,37,9000,3,2586;5358;8151,14,986;1468;1776;2044;2546;2735;4375;4812;5180;5248;5616;7884;8124;8275,True,37.567,59.0,40.0,493.53,32,191;201;243;286;287;304;319;321;324;327;333;338;343;350;354;361;371;380;383;396;406;445;471;486;491;492;511;514;534;547;551;571,True,0.0,66.844,4794.0,5073.84
324,exp2_continuous,3_breakpoints,94,37,9000,3,2067;4026;7317,23,303;629;902;1148;1349;1926;3524;3558;4000;4184;4588;5972;6103;6274;6686;6918;7311;7534;7927;8022;8122;8270;8592,True,57.489,57.7,26.0,430.83,34,169;227;228;257;258;264;265;266;352;353;359;360;361;362;366;370;371;377;383;385;386;393;394;395;399;412;428;446;551;553;563;564;593;600,True,0.0,61.556,3870.0,5019.09
325,exp2_continuous,3_breakpoints,95,37,9000,3,861;4230;4974,26,591;1084;1166;1332;1584;1660;2188;2325;2340;2883;3654;4119;4221;4374;4656;4959;5126;5401;5781;5997;6127;7103;7968;8460;8769;8881,True,70.656,82.3,15.0,479.92,40,159;200;260;271;318;324;327;329;330;331;340;347;350;352;353;355;356;363;364;384;386;387;394;395;397;399;410;411;413;417;418;426;429;449;450;454;502;512;582;609,True,0.0,53.5,2746.0,5051.11
326,exp2_continuous,3_breakpoints,96,37,9000,3,1188;4599;5781,22,1174;1352;1454;1644;2034;2260;2890;2943;3356;3502;3517;4236;4251;4471;5656;6036;6302;6570;7138;7385;7928;8451,True,60.911,89.0,125.0,484.14,37,172;176;194;197;239;241;243;254;256;257;258;263;297;301;315;323;329;331;333;335;352;355;360;361;376;378;379;391;447;452;455;505;510;516;574;581;596,True,0.0,60.189,3260.0,5091.6
327,exp2_continuous,3_breakpoints,97,37,9000,3,1410;4608;5556,24,242;474;628;640;890;1201;1397;2200;3963;4268;4442;5193;5394;5495;5550;5770;5992;6350;6453;6783;6794;6857;7576;7914,True,58.389,61.7,13.0,500.59,44,205;207;247;249;257;265;279;282;286;288;290;291;329;333;338;345;346;358;360;370;372;385;388;389;391;395;399;400;404;405;406;411;417;420;429;430;442;457;511;519;558;559;597;604,True,0.0,59.456,3254.0,5181.74
328,exp2_continuous,3_breakpoints,98,37,9000,3,2775;5349;7536,24,1699;1808;1980;2124;2252;2526;2808;3105;3408;3721;4297;4634;5029;5092;5175;5938;6322;7534;7906;8025;8209;8340;8662;8728,True,57.144,69.7,33.0,450.76,43,217;221;237;250;270;274;277;278;311;323;326;329;334;338;342;345;347;365;368;369;374;381;386;395;402;403;409;435;437;440;444;447;448;461;479;520;523;525;529;568;573;591;603,True,0.0,68.989,4617.0,5122.32
329,exp2_continuous,3_breakpoints,99,37,9000,3,2901;4383;7281,13,1024;1211;3569;3851;4350;5358;6869;7023;7256;7812;7972;8513;8738,True,52.878,242.0,33.0,641.41,19,205;256;271;273;274;278;283;291;294;304;305;307;318;329;330;336;348;374;379,True,0.0,65.522,4476.0,5063.1
330,exp3_scaling,scaling_N50,0,50,9000,0,,8,1560;2476;4926;5720;6206;6474;7576;8284,True,72.778,0.0,,810.03,0,,False,1.0,0.0,0.0,11674.15
331,exp3_scaling,scaling_N50,1,50,9000,0,,6,7029;7190;7383;7920;8096;8577,True,21.9,0.0,,695.57,0,,False,1.0,0.0,0.0,12298.67
332,exp3_scaling,scaling_N50,2,50,9000,0,,7,1516;2184;2499;2610;2884;3406;4202,True,46.689,0.0,,690.64,0,,False,1.0,0.0,0.0,12439.4
333,exp3_scaling,scaling_N50,3,50,9000,0,,9,432;624;1027;1743;1963;2570;2616;2822;8424,True,37.756,0.0,,831.75,0,,False,1.0,0.0,0.0,12438.33
334,exp3_scaling,scaling_N50,4,50,9000,0,,12,638;1515;1539;2525;2985;3670;3672;4356;4930;5958;6082;8064,True,77.978,0.0,,740.71,0,,False,1.0,0.0,0.0,12143.6
335,exp3_scaling,scaling_N50,5,50,9000,0,,0,,False,0.0,0.0,,438.5,0,,False,1.0,0.0,0.0,11535.49
336,exp3_scaling,scaling_N50,6,50,9000,0,,3,7300;8020;8436,True,18.889,0.0,,657.53,0,,False,1.0,0.0,0.0,11871.92
337,exp3_scaling,scaling_N50,7,50,9000,0,,9,1478;1523;3540;4239;4772;5681;5886;6621;8096,True,77.589,0.0,,816.58,0,,False,1.0,0.0,0.0,12384.81
338,exp3_scaling,scaling_N50,8,50,9000,0,,7,1572;1963;4201;4416;4928;8264;8650,True,62.933,0.0,,784.45,0,,False,1.0,0.0,0.0,12154.06
339,exp3_scaling,scaling_N50,9,50,9000,0,,8,3666;4076;4390;5299;6896;7131;7746;8334,True,59.267,0.0,,637.63,0,,False,1.0,0.0,0.0,12177.15
340,exp3_scaling,scaling_N100,0,100,9000,0,,8,1516;4500;5676;5788;6466;6629;7018;8478,True,66.844,0.0,,2587.79,0,,False,1.0,0.0,0.0,112426.44
341,exp3_scaling,scaling_N100,1,100,9000,0,,12,352;1021;3315;3660;4175;4928;5205;6030;6108;6362;7029;7972,True,74.511,0.0,,2672.76,0,,False,1.0,0.0,0.0,113414.38
342,exp3_scaling,scaling_N100,2,100,9000,0,,6,538;5700;6077;7220;7730;8640,True,42.644,0.0,,3353.16,0,,False,1.0,0.0,0.0,112514.06
343,exp3_scaling,scaling_N100,3,100,9000,0,,7,1224;1522;6028;7029;7088;8037;8426,True,49.933,0.0,,2718.16,0,,False,1.0,0.0,0.0,111114.79
344,exp3_scaling,scaling_N100,4,100,9000,0,,10,1516;4168;4774;4981;5276;7029;7588;7950;8556;8658,True,70.533,0.0,,2773.19,0,,False,1.0,0.0,0.0,111955.12
345,exp3_scaling,scaling_N100,5,100,9000,0,,4,226;1164;1560;3862,True,42.911,0.0,,2864.45,0,,False,1.0,0.0,0.0,113304.74
346,exp3_scaling,scaling_N100,6,100,9000,0,,12,1648;3216;3689;3696;4194;4352;4522;4916;5786;6015;8424;8660,True,73.233,0.0,,2999.81,0,,False,1.0,0.0,0.0,112195.6
347,exp3_scaling,scaling_N100,7,100,9000,0,,7,256;552;946;1533;2815;3242;8024,True,46.867,0.0,,3068.97,0,,False,1.0,0.0,0.0,111438.3
348,exp3_scaling,scaling_N100,8,100,9000,0,,4,1504;4428;6896;7773,True,67.511,0.0,,2186.92,0,,False,1.0,0.0,0.0,111618.3
349,exp3_scaling,scaling_N100,9,100,9000,0,,2,7056;8478,True,21.6,0.0,,2346.52,0,,False,1.0,0.0,0.0,112177.26
350,exp3_scaling,scaling_N200,0,200,9000,0,,3,7029;7547;8028,True,21.9,0.0,,10115.52,0,,False,1.0,0.0,0.0,180026.8
351,exp3_scaling,scaling_N200,1,200,9000,0,,5,3407;3851;4415;4897;6574,True,62.144,0.0,,10899.76,0,,False,1.0,0.0,0.0,180024.81
352,exp3_scaling,scaling_N200,2,200,9000,0,,7,2317;4970;5220;5886;6932;8024;8331,True,70.522,0.0,,12430.11,0,,False,1.0,0.0,0.0,180024.51
353,exp3_scaling,scaling_N200,3,200,9000,0,,0,,False,0.0,0.0,,6900.51,0,,False,1.0,0.0,0.0,180030.03
354,exp3_scaling,scaling_N200,4,200,9000,0,,11,1516;2815;2913;3459;3721;4202;5916;6515;7608;8146;8193,True,80.956,0.0,,13816.79,0,,False,1.0,0.0,0.0,180023.23
355,exp3_scaling,scaling_N200,5,200,9000,0,,6,6595;7824;8264;8548;8642;8878,True,26.722,0.0,,10292.6,0,,False,1.0,0.0,0.0,180023.21
356,exp3_scaling,scaling_N200,6,200,9000,0,,2,7029;7662,True,21.9,0.0,,9994.86,0,,False,1.0,0.0,0.0,180016.73
357,exp3_scaling,scaling_N200,7,200,9000,0,,4,3352;7616;8064;8660,True,52.622,0.0,,9520.99,0,,False,1.0,0.0,0.0,180022.21
358,exp3_scaling,scaling_N200,8,200,9000,0,,6,3218;3828;4377;7094;7988;8426,True,64.244,0.0,,12914.71,0,,False,1.0,0.0,0.0,180015.79
359,exp3_scaling,scaling_N200,9,200,9000,0,,0,,False,0.0,0.0,,6779.04,0,,False,1.0,0.0,0.0,180022.26
