n_bps,d,m,rep_idx,seed,is_recombinant,true_bps_count,true_bps,rhizaeon_detected,rhizaeon_num_bps,rhizaeon_bps,rhizaeon_spatial_err_nt,rhizaeon_runtime_ms,three_seq_detected,three_seq_p,three_seq_runtime_ms
1,10,0,5,20230836,True,1,5835,False,0,,,2.144790999999868,False,1.0,70.48079200000012
1,10,0,7,20230838,True,1,27303,False,0,,,3.1751669999999788,False,1.0,71.04933400000002
1,10,0,2,20230833,True,1,28082,False,0,,,3.5009589999999147,False,1.0,72.46320899999992
1,10,0,6,20230837,True,1,6794,False,0,,,3.524874999999872,False,1.0,73.22833399999995
1,10,0,1,20230832,True,1,23351,False,0,,,3.4634580000001414,False,1.0,73.17549999999984
1,10,0,4,20230835,True,1,23204,True,1,23480,276.0,5.705207999999962,False,1.0,73.783583
1,10,0,3,20230834,True,1,17838,False,0,,,2.468625000000113,False,1.0,77.13583300000005
1,10,0,0,20230831,True,1,24070,False,0,,,3.194666999999818,False,1.0,76.86708300000001
1,10,0,8,20230839,True,1,12050,False,0,,,2.998665999999872,False,1.0,39.15795800000011
1,10,0,10,20230841,True,1,21473,False,0,,,3.699957999999892,False,1.0,56.58212500000004
1,10,0,14,20230845,True,1,13065,False,0,,,2.5842500000001767,False,1.0,59.174375
1,10,0,9,20230840,True,1,14033,True,1,14730,697.0,6.661875000000039,False,1.0,59.80974999999988
1,10,0,13,20230844,True,1,3546,False,0,,,4.24770799999985,False,1.0,59.29695800000001
1,10,0,11,20230842,True,1,16783,True,1,18730,1947.0,5.475458000000044,False,1.0,59.61454200000005
1,10,0,15,20230846,True,1,23059,False,0,,,3.7751669999999127,False,1.0,61.30358299999994
1,10,0,12,20230843,True,1,17483,True,1,18730,1247.0,6.2749170000000465,False,1.0,61.23970899999986
1,10,0,16,20230847,True,1,19073,True,1,18936,137.0,8.101583999999828,False,1.0,38.47074999999989
1,10,0,17,20230848,True,1,8967,False,0,,,5.294791000000076,False,1.0,47.27041700000001
1,10,0,19,20230850,True,1,25277,False,0,,,3.3918339999998715,False,1.0,52.45549999999999
1,10,0,21,20230852,True,1,6580,False,0,,,2.756124999999887,False,1.0,52.81849999999988
1,10,0,18,20230849,True,1,23214,False,0,,,4.520582999999911,False,1.0,55.26995800000001
1,10,0,23,20230854,True,1,16576,True,1,18289,1713.0,5.905459000000057,False,1.0,51.531416999999855
1,10,0,20,20230851,True,1,17707,True,1,18143,436.0,5.8053750000000015,False,1.0,53.21866699999988
1,10,0,22,20230853,True,1,27862,False,0,,,3.6779579999999257,False,1.0,55.317416000000065
1,10,0,24,20230855,True,1,23658,False,0,,,4.447040999999929,False,1.0,38.383375
1,10,0,25,20230856,True,1,27097,False,0,,,4.023125000000016,False,1.0,36.359167000000085
1,10,0,26,20230857,True,1,13012,False,0,,,4.251958,False,1.0,42.95950000000004
1,10,0,27,20230858,True,1,18549,False,0,,,3.9357499999999046,False,1.0,50.43133399999999
1,10,0,28,20230859,True,1,24501,False,0,,,3.377541000000095,False,1.0,52.44133400000006
1,10,0,31,20230862,True,1,2999,False,0,,,4.307499999999909,False,1.0,49.713375000000056
1,10,0,29,20230860,True,1,25345,False,0,,,3.751250000000095,False,1.0,52.079041000000046
1,10,0,30,20230861,True,1,16890,True,1,17230,340.0,5.959875000000059,False,1.0,50.229624999999835
1,10,0,32,20230863,True,1,8724,True,1,9162,438.0,6.757667000000023,False,1.0,45.10637500000003
1,10,0,33,20230864,True,1,17789,False,0,,,3.9067919999999923,False,1.0,37.831292000000126
1,10,0,34,20230865,True,1,27239,False,0,,,5.414291999999987,False,1.0,37.2502090000002
1,10,0,35,20230866,True,1,16490,True,1,15960,530.0,6.557915999999997,False,1.0,49.66525000000011
1,10,0,37,20230868,True,1,13302,False,0,,,2.6080410000000054,False,1.0,48.56195900000016
1,10,0,36,20230867,True,1,3192,False,0,,,3.6361670000000235,False,1.0,51.19925000000003
1,10,0,40,20230871,True,1,20538,False,0,,,3.5875000000000767,False,1.0,50.54258299999992
1,10,0,39,20230870,True,1,22490,False,0,,,3.69612500000005,False,1.0,51.707791999999976
1,10,0,38,20230869,True,1,13513,True,1,14013,500.0,6.227541999999975,False,1.0,51.142958000000014
1,10,0,41,20230872,True,1,1879,False,0,,,4.520999999999997,False,1.0,38.72804100000016
1,10,0,42,20230873,True,1,18002,True,1,19702,1700.0,8.717207999999754,False,1.0,37.01429199999984
1,10,0,44,20230875,True,1,26367,False,0,,,4.276208000000281,False,1.0,47.62262499999981
1,10,0,43,20230874,True,1,20989,True,1,22480,1491.0,6.396917000000002,False,1.0,51.13224999999977
1,10,0,47,20230878,True,1,12988,False,0,,,3.8648340000002612,False,1.0,50.54345799999993
1,10,0,45,20230876,True,1,21087,False,0,,,5.79599999999969,False,1.0,53.186458999999964
1,10,0,46,20230877,True,1,27337,False,0,,,3.885207999999807,False,1.0,52.634417000000155
1,10,0,48,20230879,True,1,10160,True,1,9230,930.0,5.190416000000031,False,1.0,51.41024999999999
1,10,0,49,20230880,True,1,13432,True,1,15480,2048.0,6.511084,False,1.0,49.06216699999977
1,10,1,0,20230881,True,1,1775,False,0,,,4.23537499999993,False,1.0,38.47904199999963
1,10,1,1,20230882,True,1,11601,False,0,,,4.260541999999923,False,1.0,36.39470900000008
1,10,1,2,20230883,True,1,15336,False,0,,,4.072375000000239,False,1.0,42.82083299999995
1,10,1,4,20230885,True,1,23591,False,0,,,3.6368329999998394,False,1.0,45.313041
1,10,1,3,20230884,True,1,2011,False,0,,,3.124124999999811,False,1.0,48.912208000000405
1,10,1,5,20230886,True,1,11886,True,1,12480,594.0,6.512083000000057,False,1.0,48.11095900000018
1,10,1,6,20230887,True,1,7974,True,1,7476,498.0,8.645417000000322,False,1.0,47.00745799999994
1,10,1,7,20230888,True,1,17495,True,1,19730,2235.0,5.12083299999988,False,1.0,48.22495899999968
1,10,1,8,20230889,True,1,17152,True,1,16633,519.0,6.2429999999999986,False,1.0,44.602790999999975
1,10,1,9,20230890,True,1,23845,False,0,,,4.92816699999965,False,1.0,37.984624999999994
1,10,1,10,20230891,True,1,18330,False,0,,,5.873084000000084,False,1.0,37.72466699999999
1,10,1,11,20230892,True,1,18067,False,0,,,3.234582999999791,False,1.0,38.82670900000029
1,10,1,12,20230893,True,1,18904,False,0,,,5.473499999999909,False,1.0,43.42850000000009
1,10,1,13,20230894,True,1,22022,False,0,,,4.28374999999992,False,1.0,42.02833399999983
1,10,1,15,20230896,True,1,20308,False,0,,,3.9759999999997575,False,1.0,41.77662499999979
1,10,1,14,20230895,True,1,15333,True,1,14980,353.0,7.522000000000251,False,1.0,44.9201669999999
1,10,1,16,20230897,True,1,23167,True,1,23996,829.0,6.92879099999999,False,1.0,43.64154200000003
1,10,1,17,20230898,True,1,13453,False,0,,,3.4635829999998258,False,1.0,36.36770799999978
1,10,1,18,20230899,True,1,26536,False,0,,,5.041000000000295,False,1.0,41.01033300000001
1,10,1,19,20230900,True,1,22420,False,0,,,6.566416000000075,False,1.0,37.88870800000011
1,10,1,21,20230902,True,1,1842,False,0,,,3.3855830000000253,False,1.0,42.720458000000235
1,10,1,20,20230901,True,1,25630,True,1,22980,2650.0,5.826791999999692,False,1.0,42.8801670000003
1,10,1,22,20230903,True,1,17633,True,1,17616,17.0,8.989542000000128,False,1.0,46.39037500000009
1,10,1,24,20230905,True,1,27729,False,0,,,3.7503750000000835,False,1.0,45.36891700000023
1,10,1,25,20230906,True,1,27702,False,0,,,3.6939590000000244,False,1.0,41.540000000000354
1,10,1,23,20230904,True,1,19381,True,1,18374,1007.0,7.127167000000156,False,1.0,46.822665999999735
1,10,1,27,20230908,True,1,7942,False,0,,,3.343542000000088,False,1.0,38.1567089999999
1,10,1,26,20230907,True,1,20041,True,1,18480,1561.0,7.878583000000106,False,1.0,38.88612499999988
1,10,1,28,20230909,True,1,6228,False,0,,,6.417292000000074,False,1.0,38.888041999999956
1,10,1,29,20230910,True,1,13366,False,0,,,4.480334000000141,False,1.0,40.75249999999997
1,10,1,31,20230912,True,1,17120,False,0,,,3.5831669999999427,False,1.0,43.23554200000012
1,10,1,30,20230911,True,1,17305,False,0,,,4.243291999999954,False,1.0,43.28704199999977
1,10,1,33,20230914,True,1,8359,False,0,,,2.979874999999854,False,1.0,43.864999999999824
1,10,1,32,20230913,True,1,3259,False,0,,,4.775833000000063,False,1.0,43.39454200000014
1,10,1,34,20230915,True,1,14304,False,0,,,3.625832999999634,False,1.0,36.941542000000105
1,10,1,35,20230916,True,1,2001,False,0,,,3.94950000000005,False,1.0,36.59045800000005
1,10,1,37,20230918,True,1,3193,False,0,,,4.9732919999998515,False,1.0,41.38166700000001
1,10,1,36,20230917,True,1,6558,False,0,,,5.049250000000338,False,1.0,42.43366599999998
1,10,1,38,20230919,True,1,24663,False,0,,,4.639124999999744,False,1.0,46.26962500000032
1,10,1,41,20230922,True,1,20963,False,0,,,4.0977920000000445,False,1.0,44.30416699999995
1,10,1,39,20230920,True,1,12985,True,1,12684,301.0,9.613499999999942,False,1.0,43.176207999999775
1,10,1,40,20230921,True,1,5704,False,0,,,3.5984579999999156,False,1.0,44.797707999999936
1,10,1,43,20230924,True,1,3273,False,0,,,5.8496250000001915,False,1.0,40.509541999999676
1,10,1,42,20230923,True,1,18079,True,1,18858,779.0,9.452625000000214,False,1.0,41.7108749999997
1,10,1,44,20230925,True,1,18495,False,0,,,3.2656250000000497,False,1.0,37.44354199999967
1,10,1,45,20230926,True,1,19530,True,1,20730,1200.0,7.390583999999922,False,1.0,36.954875000000165
1,10,1,46,20230927,True,1,14390,False,0,,,3.7806669999995712,False,1.0,43.68404199999976
1,10,1,47,20230928,True,1,14785,False,0,,,3.934832999999749,False,1.0,42.59533400000004
1,10,1,48,20230929,True,1,7098,False,0,,,4.098541999999927,False,1.0,42.24158400000011
1,10,1,49,20230930,True,1,6598,False,0,,,5.792624999999774,False,1.0,41.956125000000014
1,10,2,0,20230931,True,1,9886,False,0,,,4.763041999999995,False,1.0,39.52487499999968
1,10,2,1,20230932,True,1,20632,True,1,21730,1098.0,6.234125000000201,False,1.0,39.37387499999989
1,10,2,2,20230933,True,1,25638,False,0,,,5.080458000000121,False,1.0,36.130249999999805
1,10,2,3,20230934,True,1,3876,False,0,,,5.078915999999989,False,1.0,36.94649999999999
1,10,2,7,20230938,True,1,2938,False,0,,,3.0329170000000794,False,1.0,43.83574999999995
1,10,2,4,20230935,True,1,26748,False,0,,,3.920625000000122,False,1.0,45.49141599999995
1,10,2,6,20230937,True,1,27069,False,0,,,4.961166999999822,False,1.0,45.99558399999992
1,10,2,5,20230936,True,1,14573,True,1,14730,157.0,5.872040999999939,False,1.0,46.787000000000134
1,10,2,9,20230940,True,1,9951,False,0,,,4.222292000000127,False,1.0,43.07983300000018
1,10,2,8,20230939,True,1,10273,True,1,9730,543.0,9.414125000000162,False,1.0,41.17187499999986
1,10,2,10,20230941,True,1,13773,False,0,,,3.7691670000001842,False,1.0,38.10520800000017
1,10,2,11,20230942,True,1,4508,False,0,,,4.916290999999795,False,1.0,37.87345899999961
1,10,2,13,20230944,True,1,5438,False,0,,,4.03916599999965,False,1.0,42.27258299999992
1,10,2,12,20230943,True,1,13182,False,0,,,3.7604999999998334,False,1.0,43.35304100000003
1,10,2,14,20230945,True,1,9140,False,0,,,5.506707999999971,False,1.0,45.42537499999977
1,10,2,15,20230946,True,1,15070,True,1,14775,295.0,7.802542000000301,False,1.0,49.27816699999976
1,10,2,17,20230948,True,1,26739,False,0,,,4.407791999999855,False,1.0,45.67858299999994
1,10,2,16,20230947,True,1,24263,False,0,,,5.022166999999911,False,1.0,47.31529199999996
1,10,2,18,20230949,True,1,21447,False,0,,,4.570957999999958,False,1.0,45.980416999999996
1,10,2,19,20230950,True,1,12803,False,0,,,4.522708000000097,False,1.0,41.8878330000001
1,10,2,20,20230951,True,1,11152,False,0,,,5.321083999999754,False,1.0,37.925749999999866
1,10,2,21,20230952,True,1,9700,True,1,9678,22.0,8.481999999999879,False,1.0,40.61516600000026
1,10,2,22,20230953,True,1,26023,False,0,,,4.134000000000082,False,1.0,39.27970900000011
1,10,2,25,20230956,True,1,8060,False,0,,,5.116125000000249,False,1.0,49.50837499999983
1,10,2,26,20230957,True,1,15699,False,0,,,4.880707999999956,False,1.0,48.08279200000021
1,10,2,23,20230954,True,1,13261,True,1,10730,2531.0,6.150792000000127,False,1.0,48.90966599999969
1,10,2,27,20230958,True,1,12341,False,0,,,3.671624999999956,False,1.0,48.06379200000022
1,10,2,24,20230955,True,1,19091,False,0,,,6.094124999999728,False,1.0,49.40420899999998
1,10,2,28,20230959,True,1,14371,False,0,,,5.391792000000173,False,1.0,41.08375000000031
1,10,2,29,20230960,True,1,9692,True,1,9322,370.0,8.786957999999956,False,1.0,40.73991700000023
1,10,2,30,20230961,True,1,5617,False,0,,,5.15537499999974,False,1.0,43.340375000000094
1,10,2,32,20230963,True,1,21986,False,0,,,3.5326659999999066,False,1.0,45.57983300000012
1,10,2,33,20230964,True,1,22499,False,0,,,4.038374999999927,False,1.0,48.66325000000016
1,10,2,31,20230962,True,1,16156,False,0,,,4.41350000000007,False,1.0,48.9945839999999
1,10,2,34,20230965,True,1,21496,False,0,,,4.605790999999915,False,1.0,48.27762499999988
1,10,2,35,20230966,True,1,11224,False,0,,,3.8576250000001977,False,1.0,49.24983299999974
1,10,2,36,20230967,True,1,6854,False,0,,,5.258250000000242,False,1.0,37.416207999999784
1,10,2,38,20230969,True,1,25733,False,0,,,3.803957999999774,False,1.0,42.81062499999999
1,10,2,37,20230968,True,1,4235,False,0,,,3.38445899999984,False,1.0,43.98812500000027
1,10,2,39,20230970,True,1,14864,False,0,,,5.100875000000116,False,1.0,47.29983299999985
1,10,2,40,20230971,True,1,26999,False,0,,,6.001959000000223,False,1.0,49.001249999999885
1,10,2,43,20230974,True,1,25966,False,0,,,4.238416999999828,False,1.0,49.21449999999972
1,10,2,42,20230973,True,1,23657,False,0,,,3.9569160000003656,False,1.0,49.56654099999991
1,10,2,41,20230972,True,1,7494,True,1,8230,736.0,7.658582999999997,False,1.0,47.684541000000195
1,10,2,44,20230975,True,1,20847,True,1,18980,1867.0,8.796791000000415,False,1.0,39.79758299999992
1,10,2,46,20230977,True,1,3690,False,0,,,3.8748749999997223,False,1.0,41.02091699999999
1,10,2,45,20230976,True,1,24588,False,0,,,5.65904099999992,False,1.0,41.23950000000009
1,10,2,47,20230978,True,1,25332,False,0,,,4.175417000000348,False,1.0,35.26508400000017
1,10,2,48,20230979,True,1,7183,False,0,,,5.5004589999998466,False,1.0,44.63416599999981
1,10,3,1,20230982,True,1,2779,False,0,,,5.555833999999926,False,1.0,45.77695799999981
1,10,2,49,20230980,True,1,27422,False,0,,,3.9258750000001896,False,1.0,48.50787500000031
1,10,3,0,20230981,True,1,5692,False,0,,,5.432417000000189,False,1.0,48.04320800000017
1,10,3,2,20230983,True,1,12437,False,0,,,3.7401660000000447,False,1.0,46.564791999999855
1,10,3,4,20230985,True,1,3014,False,0,,,4.827208000000027,False,1.0,39.52754200000008
1,10,3,3,20230984,True,1,19308,True,1,16980,2328.0,9.214875000000067,False,1.0,38.58816700000034
1,10,3,5,20230986,True,1,14849,False,0,,,7.524749999999969,False,1.0,38.355875000000154
1,10,3,10,20230991,True,1,13669,False,0,,,3.675374999999814,False,1.0,50.16329099999961
1,10,3,6,20230987,True,1,7564,False,0,,,6.980958999999842,False,1.0,51.20958399999998
1,10,3,7,20230988,True,1,26979,False,0,,,5.595125000000145,False,1.0,53.92070800000015
1,10,3,9,20230990,True,1,12322,False,0,,,5.310750000000031,False,1.0,52.797790999999705
1,10,3,8,20230989,True,1,4371,False,0,,,6.872292000000169,False,1.0,51.97983399999995
1,10,3,11,20230992,True,1,18833,True,1,19182,349.0,8.872417000000077,False,1.0,49.01737500000003
1,10,3,12,20230993,True,1,5431,False,0,,,5.45675000000001,False,1.0,50.132250000000326
1,10,3,13,20230994,True,1,4287,False,0,,,5.15683400000011,False,1.0,38.5954169999998
1,10,3,15,20230996,True,1,1797,False,0,,,5.23858300000013,False,1.0,43.60054099999999
1,10,3,14,20230995,True,1,9090,True,1,9933,843.0,7.788291999999863,False,1.0,48.95254100000024
1,10,3,17,20230998,True,1,21012,False,0,,,3.9344580000002516,False,1.0,50.35916699999987
1,10,3,16,20230997,True,1,13388,False,0,,,5.128166999999628,False,1.0,50.968916999999614
1,10,3,18,20230999,True,1,9866,False,0,,,5.274541999999993,False,1.0,50.80841600000019
1,10,3,20,20231001,True,1,12068,False,0,,,4.482499999999945,False,1.0,49.57345799999979
1,10,3,19,20231000,True,1,20927,True,1,21060,133.0,9.086208000000262,False,1.0,47.48320900000014
1,10,3,21,20231002,True,1,15657,True,1,15980,323.0,9.63758299999995,False,1.0,39.90133299999998
1,10,3,22,20231003,True,1,15261,False,0,,,6.230292000000137,False,1.0,42.0155000000002
1,10,3,23,20231004,True,1,14478,True,1,13980,498.0,7.962250000000282,False,1.0,46.50370799999992
1,10,3,24,20231005,True,1,18471,False,0,,,4.879792000000105,False,1.0,50.444208000000046
1,10,3,26,20231007,True,1,5191,False,0,,,4.2772090000000595,False,1.0,54.43808299999997
1,10,3,25,20231006,True,1,26700,True,1,17953,8747.0,8.575333000000018,False,1.0,54.494709000000086
1,10,3,27,20231008,True,1,18866,False,0,,,5.327083000000066,False,1.0,55.295708000000054
1,10,3,28,20231009,True,1,10056,False,0,,,8.060500000000026,False,1.0,50.05195800000006
1,10,3,29,20231010,True,1,24385,False,0,,,6.413541999999772,False,1.0,50.90845799999988
1,10,3,30,20231011,True,1,16780,True,1,18980,2200.0,11.197249999999936,False,1.0,36.33891700000014
1,10,3,31,20231012,True,1,17465,False,0,,,6.319208999999937,False,1.0,39.574167000000045
1,10,3,32,20231013,True,1,1644,False,0,,,4.931207999999909,False,1.0,39.737459000000364
1,10,3,33,20231014,True,1,21227,False,0,,,5.013958000000152,False,1.0,46.637624999999794
1,10,3,34,20231015,True,1,25352,False,0,,,5.054291000000433,False,1.0,46.57062499999975
1,10,3,35,20231016,True,1,25375,False,0,,,4.435624999999721,False,1.0,47.837458000000055
1,10,3,37,20231018,True,1,17935,True,1,18077,142.0,7.491958000000132,False,1.0,46.52400000000023
1,10,3,36,20231017,True,1,18658,False,0,,,4.899999999999682,False,1.0,49.422708000000256
1,10,3,38,20231019,True,1,13511,True,1,13014,497.0,6.842082999999999,False,1.0,40.55287500000038
1,10,3,40,20231021,True,1,13521,False,0,,,6.235749999999651,False,1.0,39.86404200000004
1,10,3,39,20231020,True,1,26318,False,0,,,5.7195829999998615,False,1.0,41.452749999999924
1,10,3,41,20231022,True,1,8469,False,0,,,4.913457999999871,False,1.0,48.454041999999916
1,10,3,42,20231023,True,1,25073,False,0,,,3.971707999999907,False,1.0,46.805292000000165
1,10,3,44,20231025,True,1,17295,False,0,,,4.383124999999932,False,1.0,48.50116599999987
1,10,3,45,20231026,True,1,14287,True,1,15980,1693.0,7.478458000000021,False,1.0,47.884375000000205
1,10,3,43,20231024,True,1,15968,True,1,15994,26.0,8.023167000000164,False,1.0,48.91879099999974
1,10,3,46,20231027,True,1,25553,False,0,,,5.172459000000185,False,1.0,39.752083999999854
1,10,3,47,20231028,True,1,11814,False,0,,,3.9769590000000576,False,1.0,39.14937500000004
1,10,3,48,20231029,True,1,21662,False,0,,,7.691166000000305,False,1.0,38.639542000000304
1,10,3,49,20231030,True,1,18271,False,0,,,5.989416999999886,False,1.0,39.80304099999987
1,20,0,1,20231032,True,1,24537,False,0,,,5.446875000000073,False,1.0,44.99675000000014
1,20,0,2,20231033,True,1,2172,False,0,,,5.726541999999668,False,1.0,46.74433300000036
1,20,0,0,20231031,True,1,18521,True,1,17912,609.0,11.385457999999904,True,0.0001031992,45.64141600000005
1,20,0,3,20231034,True,1,14777,True,1,14130,647.0,8.749625000000094,True,5.9537997e-05,46.70500000000022
1,20,0,4,20231035,True,1,24562,True,1,24420,142.0,8.241166999999994,True,0.000180598596,41.69004199999993
1,20,0,5,20231036,True,1,22846,True,1,22982,136.0,7.512833000000274,True,0.001031991909,41.948790999999815
1,20,0,6,20231037,True,1,13593,False,0,,,4.419333999999608,True,0.000180598596,41.24466699999996
1,20,0,7,20231038,True,1,27724,False,0,,,6.309915999999749,False,1.0,36.46808400000001
1,20,0,8,20231039,True,1,21147,True,1,20966,181.0,8.603207999999807,True,7.1445596e-05,39.44729199999975
1,20,0,10,20231041,True,1,24355,False,0,,,5.828750000000049,False,1.0,43.63399999999995
1,20,0,9,20231040,True,1,16046,True,1,17374,1328.0,8.912041999999953,True,7.1445596e-05,41.496417000000285
1,20,0,11,20231042,True,1,4178,True,1,3952,226.0,11.033417000000156,True,0.004127967637,42.74558299999987
1,20,0,12,20231043,True,1,16098,True,1,14614,1484.0,10.409000000000113,True,5.953799e-05,42.69075000000022
1,20,0,13,20231044,True,1,22631,True,1,20230,2401.0,11.124083999999979,True,5.9537997e-05,38.86820800000024
1,20,0,14,20231045,True,1,17019,True,1,16916,103.0,13.149541999999848,True,5.9537997e-05,37.20670799999981
1,20,0,15,20231046,True,1,6259,True,1,6443,184.0,12.644417000000185,True,0.001031991909,36.61700000000012
1,20,0,16,20231047,True,1,2095,False,0,,,5.719125000000158,False,1.0,37.21258300000008
1,20,0,17,20231048,True,1,21331,True,1,21872,541.0,9.566833000000052,True,0.001031991909,37.88937500000023
1,20,0,18,20231049,True,1,13332,True,1,13393,61.0,10.240332999999602,True,5.9537997e-05,37.90125
1,20,0,19,20231050,True,1,17529,True,1,19530,2001.0,10.150541000000235,True,0.0001031992,44.137541
1,20,0,20,20231051,True,1,11894,True,1,10230,1664.0,9.177082999999975,True,0.00010825089,43.15625000000001
1,20,0,21,20231052,True,1,19954,True,1,21120,1166.0,8.398708000000088,True,5.9537997e-05,44.2468749999998
1,20,0,22,20231053,True,1,16230,True,1,15980,250.0,8.385500000000157,True,5.953799e-05,44.08304200000002
1,20,0,23,20231054,True,1,25848,True,1,25454,394.0,10.844957999999849,True,0.003508772235,36.515709000000115
1,20,0,24,20231055,True,1,7801,True,1,9980,2179.0,7.631374999999885,True,0.0001031992,36.89733399999984
1,20,0,25,20231056,True,1,8905,True,1,9027,122.0,10.211666000000008,True,0.000386996981,40.468999999999866
1,20,0,26,20231057,True,1,11727,False,0,,,5.512749999999844,True,7.1445596e-05,43.67783300000028
1,20,0,27,20231058,True,1,25535,True,1,25614,79.0,11.466291999999711,True,0.000180598596,44.13229200000002
1,20,0,29,20231060,True,1,6765,True,1,5932,833.0,11.050500000000074,True,0.003508772235,41.71166699999995
1,20,0,30,20231061,True,1,16120,True,2,16223;16506,103.0,8.382249999999924,True,5.953799e-05,42.47845800000016
1,20,0,28,20231059,True,1,22014,True,1,22117,103.0,9.089583000000179,True,0.000180598596,44.34874999999971
1,20,0,31,20231062,True,1,4523,True,1,3715,808.0,10.477624999999602,True,0.001031991909,38.56925000000011
1,20,0,32,20231063,True,1,11026,True,2,10394;12277,632.0,10.376582999999773,True,5.953799e-05,36.24658399999969
1,20,0,33,20231064,True,1,24918,False,0,,,6.145334000000169,False,1.0,36.24662499999998
1,20,0,34,20231065,True,1,13693,True,1,13356,337.0,9.428541999999762,True,0.000119075994,37.64487500000024
1,20,0,36,20231067,True,1,16961,True,1,16890,71.0,8.406708999999957,True,0.000386996981,46.491375000000005
1,20,0,40,20231071,True,1,1777,False,0,,,4.253208000000175,False,1.0,48.844958000000105
1,20,0,35,20231066,True,1,13989,True,1,14230,241.0,9.179749999999931,True,0.0001031992,52.60175
1,20,0,37,20231068,True,1,17530,True,1,17796,266.0,9.004749999999895,True,0.00010825089,51.03041600000013
1,20,0,39,20231070,True,1,17483,True,1,17929,446.0,8.156499999999678,True,5.9537997e-05,48.24275
1,20,0,38,20231069,True,1,22141,True,1,21772,369.0,7.969000000000115,True,5.953799e-05,51.714333999999695
1,20,0,41,20231072,True,1,14382,True,1,14338,44.0,10.426000000000268,True,7.1445596e-05,38.33679099999987
1,20,0,42,20231073,True,1,11508,True,1,10691,817.0,8.365708999999999,True,5.953799e-05,38.14129200000016
1,20,0,43,20231074,True,1,3876,False,0,,,4.947875000000046,False,1.0,37.05583300000015
1,20,0,45,20231076,True,1,1842,False,0,,,4.929041000000023,True,0.003508772235,37.897791999999875
1,20,0,44,20231075,True,1,22071,True,1,21712,359.0,8.544791999999912,True,0.004127967637,40.42083399999985
1,20,0,46,20231077,True,1,15778,True,1,17638,1860.0,9.722500000000078,True,5.9537997e-05,48.62195800000002
1,20,0,48,20231079,True,1,19824,False,0,,,4.543959000000264,True,0.0001031992,48.242582999999954
1,20,0,47,20231078,True,1,18520,True,1,18690,170.0,8.69862500000007,True,0.000180598596,46.6432499999998
1,20,0,49,20231080,True,1,13800,True,1,14014,214.0,7.400791999999878,True,0.000158767987,47.84304100000014
1,20,1,0,20231081,True,1,16432,False,0,,,5.406166999999851,True,5.9537997e-05,45.165540999999806
1,20,1,1,20231082,True,1,4065,False,0,,,6.53195800000006,False,1.0,36.946541999999916
1,20,1,2,20231083,True,1,16361,True,1,16186,175.0,11.778166000000034,True,7.1445596e-05,42.545167000000106
1,20,1,3,20231084,True,1,4748,False,0,,,5.911042000000144,False,1.0,42.159666999999956
1,20,1,4,20231085,True,1,17955,False,0,,,5.499624999999675,True,0.003508772235,38.76720800000033
1,20,1,5,20231086,True,1,24546,True,2,24788;23354,242.0,8.700624999999906,True,0.000386996981,39.875333000000346
1,20,1,6,20231087,True,1,7320,True,1,8380,1060.0,9.617791999999792,True,0.001031991909,44.87491599999993
1,20,1,7,20231088,True,1,20032,True,1,20505,473.0,9.705500000000367,True,0.000257998006,42.957916999999846
1,20,1,8,20231089,True,1,23650,True,1,21980,1670.0,10.921082999999943,True,0.000386996981,42.05087499999971
1,20,1,9,20231090,True,1,5263,True,1,5730,467.0,12.750500000000109,True,0.003508772235,37.55175
1,20,1,11,20231092,True,1,12594,True,1,13480,886.0,7.584542000000027,True,5.953799e-05,40.73716700000007
1,20,1,10,20231091,True,1,7325,True,1,7598,273.0,11.60245900000012,True,0.000386996981,40.50512500000014
1,20,1,12,20231093,True,1,16586,True,1,15110,1476.0,9.695417000000095,True,5.9537997e-05,37.67858299999993
1,20,1,13,20231094,True,1,25711,True,1,25558,153.0,10.465042000000313,True,0.001031991909,37.89237499999976
1,20,1,16,20231097,True,1,2383,False,0,,,6.933875000000089,False,1.0,44.793333000000324
1,20,1,15,20231096,True,1,10236,True,1,9948,288.0,9.611249999999849,True,5.9537997e-05,44.63216599999997
1,20,1,14,20231095,True,1,13170,True,1,13079,91.0,10.78041700000032,True,0.0001031992,45.34929099999996
1,20,1,17,20231098,True,1,8232,True,1,7230,1002.0,9.45841699999983,True,0.000180598596,39.38237499999975
1,20,1,18,20231099,True,1,1840,False,0,,,5.535999999999763,False,1.0,39.71741699999987
1,20,1,19,20231100,True,1,5545,False,0,,,6.031792000000369,False,1.0,39.015915999999876
1,20,1,20,20231101,True,1,12232,True,1,11181,1051.0,9.527958000000059,True,5.953799e-05,41.14954200000032
1,20,1,21,20231102,True,1,15979,False,0,,,4.570458999999971,True,5.9537997e-05,42.08637500000023
1,20,1,22,20231103,True,1,23717,True,1,24888,1171.0,9.086458000000075,True,7.1445596e-05,42.55795900000025
1,20,1,23,20231104,True,1,13088,True,1,13424,336.0,9.930290999999869,True,0.0001031992,42.808709
1,20,1,24,20231105,True,1,11846,True,1,13037,1191.0,8.541167000000183,True,0.001031991909,44.47791599999995
1,20,1,25,20231106,True,1,20646,True,1,20344,302.0,10.915832999999875,True,0.000386996981,41.505749999999786
1,20,1,27,20231108,True,1,15388,True,1,13846,1542.0,7.735249999999638,True,0.000257998006,40.300708000000185
1,20,1,26,20231107,True,1,3578,True,2,3536;3586,8.0,9.62012500000009,True,0.000386996981,40.96970900000008
1,20,1,29,20231110,True,1,19446,False,0,,,3.425749999999894,True,5.9537997e-05,41.219333999999996
1,20,1,28,20231109,True,1,16717,True,1,14980,1737.0,9.347208999999967,True,7.1445596e-05,39.55345799999988
1,20,1,31,20231112,True,1,25590,False,0,,,4.48770800000009,False,1.0,39.43608400000009
1,20,1,32,20231113,True,1,25670,True,1,25217,453.0,9.086332999999946,True,0.001031991909,41.608124999999774
1,20,1,33,20231114,True,1,10255,True,1,10194,61.0,9.349750000000157,True,5.9537997e-05,43.464540999999635
1,20,1,30,20231111,True,1,14140,True,1,14548,408.0,9.986416999999914,True,5.9537997e-05,45.79466699999956
1,20,1,35,20231116,True,1,13809,True,2,13230;12149,579.0,9.002541999999725,True,5.9537997e-05,37.59474999999979
1,20,1,34,20231115,True,1,9695,True,1,10416,721.0,12.765042000000282,True,0.0001031992,38.220166999999975
1,20,1,37,20231118,True,1,10953,True,1,8826,2127.0,8.875499999999814,True,0.000257998006,43.19000000000006
1,20,1,36,20231117,True,1,4532,True,1,4904,372.0,10.85962500000015,True,0.001031991909,44.041
1,20,1,38,20231119,True,1,8194,True,2,7951;7343,243.0,10.665834000000096,True,0.000386996981,39.34033299999973
1,20,1,40,20231121,True,1,5140,False,0,,,4.572041999999943,False,1.0,44.99487499999999
1,20,1,39,20231120,True,1,3401,True,1,4532,1131.0,7.308791999999897,True,0.001031991909,43.499792000000426
1,20,1,41,20231122,True,1,14163,True,1,13720,443.0,10.136417000000009,True,5.9537997e-05,43.074083000000044
1,20,1,42,20231123,True,1,22854,True,1,21480,1374.0,10.351750000000326,True,0.0001031992,42.177290999999784
1,20,1,43,20231124,True,1,11178,True,1,11048,130.0,8.482209000000296,True,5.9537997e-05,41.27974999999972
1,20,1,44,20231125,True,1,28218,False,0,,,5.958542000000122,False,1.0,37.613458000000044
1,20,1,45,20231126,True,1,4757,True,1,3649,1108.0,9.46404199999984,True,0.001031991909,39.28495800000009
1,20,1,46,20231127,True,1,2305,False,0,,,6.049791999999776,False,1.0,37.61445799999974
1,20,1,47,20231128,True,1,21687,True,2,21914;20004,227.0,8.267833000000113,True,0.001031991909,41.44137500000022
1,20,1,49,20231130,True,1,15965,False,0,,,4.165416000000199,True,5.9537997e-05,41.30345799999979
1,20,1,48,20231129,True,1,6569,True,1,5980,589.0,11.262959000000183,True,0.000386996981,41.45837499999993
1,20,2,0,20231131,True,1,27459,False,0,,,5.760125000000116,False,1.0,37.21312500000007
1,20,2,2,20231133,True,1,12467,True,1,12734,267.0,10.402624999999777,True,0.0001031992,39.29804199999998
1,20,2,1,20231132,True,1,19147,True,2,18980;17995,167.0,11.407874999999734,True,5.9537997e-05,42.53645799999983
1,20,2,3,20231134,True,1,15372,True,1,15912,540.0,9.357542000000052,True,0.000180598596,38.210540999999765
1,20,2,4,20231135,True,1,21850,True,1,22144,294.0,9.992167000000052,True,0.003508772235,38.52924999999985
1,20,2,6,20231137,True,1,3668,False,0,,,5.877583999999825,True,0.003508772235,43.26325000000031
1,20,2,5,20231136,True,1,16704,True,1,16807,103.0,8.386999999999922,True,5.953799e-05,43.07666699999979
1,20,2,8,20231139,True,1,11913,True,1,13304,1391.0,11.776459000000017,True,7.1445596e-05,40.29658299999994
1,20,2,7,20231138,True,1,24861,True,2,23718;25576,715.0,10.00870900000006,True,0.003508772235,42.95975000000007
1,20,2,9,20231140,True,1,2808,False,0,,,6.123917000000034,False,1.0,39.80595800000009
1,20,2,11,20231142,True,1,25310,False,0,,,6.2305839999998724,False,1.0,44.02408399999969
1,20,2,10,20231141,True,1,9579,True,1,11978,2399.0,9.774832999999816,True,5.9537997e-05,43.74712500000033
1,20,2,12,20231143,True,1,27211,False,0,,,5.790042000000106,False,1.0,42.468625000000145
1,20,2,14,20231145,True,1,14259,True,1,15010,751.0,10.232166999999848,True,0.000119075994,40.35695899999992
1,20,2,13,20231144,True,1,19845,True,1,20010,165.0,12.083250000000323,True,0.000386996981,40.51491699999987
1,20,2,15,20231146,True,1,23223,False,0,,,6.517042000000028,True,0.001031991909,39.407957999999965
1,20,2,16,20231147,True,1,6798,True,1,6188,610.0,12.16824999999977,True,0.0001031992,36.121666999999746
1,20,2,17,20231148,True,1,10738,True,2,11404;9708,666.0,12.218749999999723,True,0.0001031992,39.41608399999996
1,20,2,19,20231150,True,1,7052,False,0,,,5.7167919999998595,False,1.0,43.584917000000004
1,20,2,20,20231151,True,1,25992,False,0,,,6.440041000000285,False,1.0,42.813250000000025
1,20,2,18,20231149,True,1,18847,True,1,18776,71.0,11.512874999999756,True,7.1445596e-05,44.297749999999695
1,20,2,21,20231152,True,1,27102,False,0,,,5.931000000000353,False,1.0,44.452959000000014
1,20,2,23,20231154,True,1,2555,False,0,,,4.196209000000284,False,1.0,43.72050000000005
1,20,2,22,20231153,True,1,14653,True,1,14538,115.0,8.946583999999813,True,0.0001031992,43.612874999999995
1,20,2,24,20231155,True,1,25658,False,0,,,8.095791999999769,False,1.0,37.30287499999996
1,20,2,28,20231159,True,1,2852,False,0,,,5.283582999999759,False,1.0,41.48566699999989
1,20,2,25,20231156,True,1,24223,True,2,24560;22706,337.0,11.737500000000178,True,0.000515995955,42.409791999999946
1,20,2,26,20231157,True,1,23792,True,1,23588,204.0,10.343124999999898,True,0.001031991909,43.79191699999963
1,20,2,27,20231158,True,1,20089,True,1,20556,467.0,12.026833000000181,True,0.000180598596,42.025624999999955
1,20,2,29,20231160,True,1,26662,False,0,,,6.034124999999779,False,1.0,36.20770800000006
1,20,2,30,20231161,True,1,7968,True,1,8450,482.0,12.106624999999926,True,0.000386996981,37.38687500000015
1,20,2,31,20231162,True,1,25565,True,1,25491,74.0,12.811457999999831,True,0.000386996981,39.08433400000044
1,20,2,32,20231163,True,1,14715,True,1,14260,455.0,10.8290000000002,True,5.9537997e-05,41.04225000000028
1,20,2,34,20231165,True,1,3563,False,0,,,6.40437500000024,False,1.0,40.08312500000022
1,20,2,36,20231167,True,1,3318,False,0,,,4.789375000000096,False,1.0,44.65383299999992
1,20,2,33,20231164,True,1,23130,True,1,23980,850.0,8.508125000000089,True,0.000386996981,47.85525000000001
1,20,2,35,20231166,True,1,22878,True,1,21730,1148.0,9.024167000000194,True,0.0001031992,44.47166700000027
1,20,2,37,20231168,True,1,20042,False,0,,,5.956207999999741,False,1.0,37.77945900000024
1,20,2,38,20231169,True,1,8002,True,1,8590,588.0,8.298374999999858,True,0.000180598596,37.550874999999984
1,20,2,40,20231171,True,1,14888,False,0,,,5.921041999999765,True,5.953799e-05,38.70662499999966
1,20,2,39,20231170,True,1,24355,True,2,23448;24836,481.0,8.933167000000353,True,0.000257998006,41.43495900000005
1,20,2,41,20231172,True,1,6692,True,1,6678,14.0,10.633999999999588,True,0.001031991909,39.79691599999935
1,20,2,42,20231173,True,1,26931,False,0,,,6.26220799999988,False,1.0,38.47675000000006
1,20,2,45,20231176,True,1,28388,False,0,,,5.799208,False,1.0,43.57908399999921
1,20,2,44,20231175,True,1,17854,True,1,19512,1658.0,11.751582999999677,True,0.0001031992,41.99520800000034
1,20,2,43,20231174,True,1,20476,True,1,20448,28.0,10.248957999999142,True,0.003508772235,42.91329099999963
1,20,2,47,20231178,True,1,2220,False,0,,,4.466833000000392,False,1.0,40.32845800000029
1,20,2,46,20231177,True,1,25817,True,1,25587,230.0,11.432542000000545,True,0.000180598596,40.934707999999986
1,20,2,48,20231179,True,1,10558,True,1,10536,22.0,10.558334000000613,True,5.953799e-05,37.84574999999979
1,20,2,49,20231180,True,1,26250,True,1,26327,77.0,8.207958999999931,True,0.001289989916,39.987667000000116
1,20,3,0,20231181,True,1,8958,True,2,9268;7632,310.0,10.719708999999966,True,0.000180598596,38.95174999999984
1,20,3,3,20231184,True,1,1976,False,0,,,6.6584160000005,False,1.0,41.58979100000071
1,20,3,2,20231183,True,1,27075,False,0,,,8.638833000000012,False,1.0,41.910875000000125
1,20,3,1,20231182,True,1,7326,True,1,7499,173.0,10.233458999999279,True,7.1445596e-05,42.35412499999924
1,20,3,4,20231185,True,1,9735,False,0,,,8.181916999999927,True,0.000180598596,40.50379199999998
1,20,3,5,20231186,True,1,9817,True,2,9230;10408,587.0,11.240917000000294,True,0.000180598596,41.66470899999997
1,20,3,6,20231187,True,1,21703,True,2,21730;21168,27.0,10.262667000000114,True,0.003508772235,40.26695799999924
1,20,3,7,20231188,True,1,10647,True,1,9660,987.0,7.986749999999709,True,7.1445596e-05,38.960874999999895
1,20,3,8,20231189,True,1,17580,True,1,17396,184.0,9.116875000000135,True,0.00010825089,39.7200419999999
1,20,3,10,20231191,True,1,6072,False,0,,,5.875041000000358,False,1.0,42.79912500000016
1,20,3,9,20231190,True,1,3022,False,0,,,8.273666000000013,False,1.0,42.525459000000154
1,20,3,11,20231192,True,1,7655,True,2,7723;9579,68.0,8.99329099999946,True,7.1445596e-05,40.52554200000014
1,20,3,12,20231193,True,1,1936,False,0,,,6.958875000000475,False,1.0,39.37354199999987
1,20,3,13,20231194,True,1,3217,False,0,,,6.401333999999537,False,1.0,40.97195900000017
1,20,3,14,20231195,True,1,9392,False,0,,,6.116125000000139,True,0.000180598596,41.430042
1,20,3,15,20231196,True,1,6687,False,0,,,6.741832999999531,False,1.0,39.84541700000044
1,20,3,16,20231197,True,1,4614,False,0,,,5.5115829999996535,False,1.0,39.50454200000042
1,20,3,19,20231200,True,1,21650,False,0,,,7.039209000000213,False,1.0,39.01833300000046
1,20,3,18,20231199,True,1,27724,False,0,,,6.019540999999684,True,0.003508772235,40.43954199999966
1,20,3,17,20231198,True,1,23990,False,0,,,5.742291999999871,True,0.000386996981,42.40929200000032
1,20,3,20,20231201,True,1,13499,True,1,13512,13.0,9.905958000000048,True,7.1445596e-05,38.843791999999766
1,20,3,21,20231202,True,1,28012,False,0,,,5.452875000000468,False,1.0,41.20829200000031
1,20,3,22,20231203,True,1,4515,False,0,,,5.3717500000001195,False,1.0,38.429082999999586
1,20,3,24,20231205,True,1,17899,True,1,18116,217.0,9.428332999999789,True,0.0001031992,40.36116599999939
1,20,3,23,20231204,True,1,9263,True,1,9542,279.0,11.889457999999742,True,0.001031991909,40.93575000000005
1,20,3,25,20231206,True,1,26899,False,0,,,5.912000000000361,False,1.0,37.43437500000013
1,20,3,27,20231208,True,1,25729,True,1,24480,1249.0,8.129874999999842,True,0.003508772235,39.246249999999705
1,20,3,26,20231207,True,1,23011,True,1,21480,1531.0,12.766374999999996,True,0.000386996981,39.542916999999456
1,20,3,30,20231211,True,1,6190,True,1,6780,590.0,11.264999999999858,True,0.000386996981,43.02324999999918
1,20,3,28,20231209,True,1,23869,True,1,23876,7.0,11.304833000000514,True,0.003508772235,45.169540999999924
1,20,3,29,20231210,True,1,19866,True,1,20094,228.0,8.55183399999948,True,5.953799e-05,45.02629200000019
1,20,3,31,20231212,True,1,7115,True,1,5730,1385.0,10.146542000000203,True,0.003508772235,42.38533399999955
1,20,3,33,20231214,True,1,4130,True,1,3980,150.0,10.333958000000365,True,0.003508772235,38.78812499999995
1,20,3,32,20231213,True,1,11959,True,1,12354,395.0,9.586832999999295,True,0.001289989916,42.043791999999414
1,20,3,35,20231216,True,1,16738,False,0,,,5.8308340000001735,True,0.00010825089,40.1598329999997
1,20,3,34,20231215,True,1,4714,True,1,4266,448.0,10.098791999999968,True,0.003508772235,40.94537499999973
1,20,3,37,20231218,True,1,26503,False,0,,,6.0371249999997545,False,1.0,41.852916999999934
1,20,3,38,20231219,True,1,27229,False,0,,,6.559208000000538,False,1.0,43.949124999999256
1,20,3,36,20231217,True,1,12382,True,1,12450,68.0,10.401292000000062,True,5.953799e-05,41.793417000000055
1,20,3,39,20231220,True,1,11383,True,1,11306,77.0,9.935165999999995,True,5.9537997e-05,42.98975000000027
1,20,3,41,20231222,True,1,11807,True,1,11934,127.0,9.131041999999923,True,0.0001031992,43.30899999999982
1,20,3,40,20231221,True,1,25885,True,1,25582,303.0,10.455583000000601,True,0.001031991909,43.02754199999992
1,20,3,42,20231223,True,1,2479,False,0,,,4.979583999999981,False,1.0,42.95150000000003
1,20,3,43,20231224,True,1,7360,True,1,7353,7.0,8.918374999999479,True,7.1445596e-05,40.24708300000057
1,20,3,44,20231225,True,1,24534,False,0,,,4.3959999999998445,False,1.0,38.87545900000067
1,20,3,45,20231226,True,1,7846,True,2,7758;9480,88.0,9.457874999999838,True,0.000180598596,46.995958000000115
1,20,3,46,20231227,True,1,26068,True,1,25730,338.0,10.325542000000354,True,0.003508772235,45.566292000000175
1,20,3,49,20231230,True,1,24219,False,0,,,5.417417000000313,False,1.0,44.882875000000766
1,20,3,47,20231228,True,1,7706,True,1,8072,366.0,10.924708000000116,True,0.001031991909,51.08104099999977
1,30,0,0,20231231,True,1,11853,True,1,12516,663.0,11.010375000000572,True,6.98951e-07,47.4734579999998
1,20,3,48,20231229,True,1,25225,True,1,22980,2245.0,10.283249999999633,True,0.001031991909,48.95516699999991
1,30,0,1,20231232,True,1,18022,True,2,17958;17971,51.0,11.150250000000028,True,2.1967e-07,46.38087500000054
1,30,0,2,20231233,True,1,21651,True,1,21358,293.0,13.508791999999659,True,1.178898e-05,38.960834000000055
1,30,0,3,20231234,True,1,11442,True,1,11224,218.0,10.467833999999954,True,3.7391e-07,40.69429199999952
1,30,0,4,20231235,True,1,15913,True,2,15724;16008,95.0,12.514041999999392,True,1.50301e-07,39.42116599999945
1,30,0,5,20231236,True,1,5488,True,1,5861,373.0,9.859582999999894,True,3.92966e-06,38.15333400000043
1,30,0,6,20231237,True,1,25740,False,0,,,6.488208000000384,True,1.178898e-05,38.482917000000505
1,30,0,8,20231239,True,1,18977,True,1,19052,75.0,7.881457999999952,True,1.03148e-07,45.2909159999999
1,30,0,9,20231240,True,1,16718,True,1,16816,98.0,8.94204200000015,True,1.16901e-07,44.93395799999966
1,30,0,10,20231241,True,1,19204,True,1,20150,946.0,11.256874999999944,True,6.98951e-07,40.92316599999979
1,30,0,7,20231238,True,1,25780,True,1,25530,250.0,10.442667000000405,True,0.000182448479,43.72912500000048
1,30,0,11,20231242,True,1,15756,True,1,16488,732.0,9.723499999999774,True,1.93402e-07,38.81620900000016
1,30,0,12,20231243,True,1,26093,True,1,25480,613.0,10.008791999999822,True,0.000985221704,39.877875000000174
1,30,0,13,20231244,True,1,5939,True,1,6198,259.0,12.31908400000048,True,3.92966e-06,37.13245800000031
1,30,0,14,20231245,True,1,10166,True,1,10390,224.0,11.237834000000113,True,2.1967e-07,39.033041999999796
1,30,0,15,20231246,True,1,15581,True,1,15514,67.0,10.182499999999983,True,1.03148e-07,39.25020800000034
1,30,0,17,20231248,True,1,16642,True,1,17469,827.0,10.624415999999748,True,2.1967e-07,43.43941700000009
1,30,0,18,20231249,True,1,22240,True,1,22462,222.0,10.655332999999878,True,3.92966e-06,43.59941700000025
1,30,0,16,20231247,True,1,25869,True,1,25498,371.0,11.893790999999432,True,3.92966e-06,44.602375000000194
1,30,0,19,20231250,True,1,25394,True,1,25860,466.0,12.134750000000416,True,0.000182448479,43.90608400000051
1,30,0,20,20231251,True,1,12133,True,1,12230,97.0,10.526207999999926,True,1.03148e-07,42.9226250000001
1,30,0,21,20231252,True,1,21866,True,1,21537,329.0,11.634707999999883,True,3.92966e-06,40.49608299999985
1,30,0,22,20231253,True,1,17204,True,1,17440,236.0,11.701292000000585,True,5.49176e-07,39.497749999999776
1,30,0,23,20231254,True,1,18401,True,1,18744,343.0,11.297749999999773,True,1.178898e-05,41.8314999999998
1,30,0,24,20231255,True,1,26930,False,0,,,6.095042000000106,True,4.2103497e-05,45.28541700000055
1,30,0,25,20231256,True,1,18761,True,1,19604,843.0,12.864791999999348,True,1.50301e-07,49.95912499999999
1,30,0,26,20231257,True,1,8806,True,1,9480,674.0,10.179875000000393,True,1.178898e-05,50.67537499999997
1,30,0,27,20231258,True,1,28355,False,0,,,6.556250000000041,False,1.0,40.754042000000545
1,30,0,28,20231259,True,1,18848,True,1,19500,652.0,12.480667000000167,True,1.50301e-07,49.0097089999999
1,30,0,29,20231260,True,1,5937,True,2,3626;5582,355.0,11.07112499999996,True,4.2103497e-05,46.070541999999826
1,30,0,31,20231262,True,1,17375,True,1,16878,497.0,11.279874999999606,True,3.7391e-07,42.360874999999965
1,30,0,30,20231261,True,1,11009,True,1,10636,373.0,12.515333999999712,True,3.46848e-07,45.79304199999967
1,30,0,32,20231263,True,1,19302,True,1,19384,82.0,10.34370799999973,True,0.000210517479,41.27437500000042
1,30,0,33,20231264,True,1,7301,True,2,6770;5716,531.0,12.723083000000024,True,4.2103497e-05,43.71037499999986
1,30,0,35,20231266,True,1,23364,True,1,23018,346.0,12.437000000000253,True,2.1967e-07,43.34091700000009
1,30,0,34,20231265,True,1,13116,True,2,12918;11728,198.0,12.642792000000291,True,1.16901e-07,43.8704999999997
1,30,0,36,20231267,True,1,1854,False,0,,,7.164625000000591,True,0.000182448479,40.253082999999634
1,30,0,37,20231268,True,1,4687,True,1,4646,41.0,13.901375000000549,True,1.537693e-06,35.8028749999999
1,30,0,39,20231270,True,1,20362,True,1,20818,456.0,10.580333000000053,True,1.16901e-07,44.6341660000007
1,30,0,38,20231269,True,1,12411,True,1,11203,1208.0,11.294042000000282,True,1.16901e-07,47.021124999999664
1,30,0,40,20231271,True,1,24342,True,1,23969,373.0,12.215249999999678,True,4.2103497e-05,43.91999999999996
1,30,0,41,20231272,True,1,24602,True,1,24572,30.0,11.95624999999989,True,4.2103497e-05,45.12766700000004
1,30,0,43,20231274,True,1,8444,True,1,8587,143.0,10.364082999999802,True,0.000985221704,48.83537500000035
1,30,0,42,20231273,True,1,21140,True,1,20862,278.0,11.13004200000045,True,1.50301e-07,48.63216599999998
1,30,0,45,20231276,True,1,10591,True,1,10322,269.0,11.936458000000094,True,1.537693e-06,42.03250000000036
1,30,0,44,20231275,True,1,3104,False,0,,,7.390625000000206,True,0.000985221704,47.45779100000025
1,30,0,46,20231277,True,1,20224,True,1,19632,592.0,10.53229200000061,True,6.98951e-07,46.10933300000042
1,30,0,47,20231278,True,1,2825,False,0,,,7.643749999999727,True,1.178898e-05,47.099624999999534
1,30,0,48,20231279,True,1,4160,True,2,3862;4172,12.0,11.447750000000312,True,0.000182448479,44.748750000000115
1,30,0,49,20231280,True,1,27139,True,1,25756,1383.0,12.202000000000268,True,0.000985221704,42.009208999999714
1,30,1,1,20231282,True,1,8093,True,1,8453,360.0,8.777124999999941,True,6.98951e-07,45.625459000000035
1,30,1,0,20231281,True,1,5933,True,2,6469;5167,536.0,12.760874999999672,True,1.178898e-05,44.431458000000035
1,30,1,3,20231284,True,1,7580,True,1,6922,658.0,13.60229199999985,True,3.92966e-06,44.134666999999794
1,30,1,2,20231283,True,1,13924,True,1,13156,768.0,9.864832999999962,True,1.16901e-07,50.016083000000044
1,30,1,5,20231286,True,1,4638,True,1,5980,1342.0,10.922666999999997,True,0.000182448479,45.19654200000023
1,30,1,4,20231285,True,1,25834,True,1,26033,199.0,11.240709000000848,True,0.000182448479,51.09054099999977
1,30,1,6,20231287,True,1,12623,True,1,12467,156.0,12.3636669999998,True,1.93402e-07,44.8802499999994
1,30,1,7,20231288,True,1,10860,True,1,10505,355.0,9.486415999999664,True,1.50301e-07,38.52062500000031
1,30,1,9,20231290,True,1,28307,False,0,,,6.247958000000331,False,1.0,39.00404200000018
1,30,1,8,20231289,True,1,10779,True,1,10132,647.0,12.628459000000092,True,6.98951e-07,42.51962499999973
1,30,1,10,20231291,True,1,18465,True,1,20278,1813.0,13.167875000000606,True,1.50301e-07,41.39483300000002
1,30,1,11,20231292,True,1,23216,True,2,24364;22662,554.0,11.810374999999596,True,1.537693e-06,43.86624999999977
1,30,1,12,20231293,True,1,15311,True,1,13718,1593.0,11.209833000000557,True,1.03148e-07,44.44524999999988
1,30,1,14,20231295,True,1,17900,True,1,16733,1167.0,12.948957999999955,True,1.16901e-07,49.290375
1,30,1,13,20231294,True,1,22929,True,1,22744,185.0,12.32337499999936,True,1.178898e-05,51.21462499999918
1,30,1,16,20231297,True,1,3577,False,0,,,6.75470899999997,True,4.2103497e-05,51.00041700000002
1,30,1,15,20231296,True,1,9980,True,1,10327,347.0,9.717000000000198,True,1.178898e-05,49.41200000000023
1,30,1,17,20231298,True,1,1691,False,0,,,6.558124999999748,True,0.000182448479,43.15362499999953
1,30,1,19,20231300,True,1,24798,False,0,,,5.142375000000143,True,1.537693e-06,42.80212500000058
1,30,1,18,20231299,True,1,16972,True,1,17117,145.0,10.384166999999778,True,1.50301e-07,40.810499999999195
1,30,1,21,20231302,True,1,3408,False,0,,,6.035542000000227,True,4.2103497e-05,39.94483399999993
1,30,1,20,20231301,True,1,26499,True,1,25801,698.0,11.997749999999918,True,4.2103497e-05,40.598665999999284
1,30,1,22,20231303,True,1,17413,True,1,17229,184.0,11.35816700000003,True,3.66117e-07,41.01583400000042
1,30,1,23,20231304,True,1,8827,True,1,9046,219.0,11.470499999999717,True,2.1967e-07,42.38079200000033
1,30,1,25,20231306,True,1,20701,True,1,20249,452.0,10.54491699999982,True,1.537693e-06,44.019999999999726
1,30,1,24,20231305,True,1,4376,True,1,4270,106.0,11.367750000000676,True,5.125643e-06,47.75591599999984
1,30,1,26,20231307,True,1,15044,True,2,13480;14676,368.0,9.05691600000047,True,5.49176e-07,43.16329200000002
1,30,1,27,20231308,True,1,5534,True,1,5426,108.0,10.308375000000147,True,1.178898e-05,41.81695800000007
1,30,1,28,20231309,True,1,12606,True,1,12113,493.0,9.207584000000324,True,1.93402e-07,50.16525000000005
1,30,1,29,20231310,True,1,6680,True,1,6134,546.0,10.528875000000326,True,3.92966e-06,49.55662500000013
1,30,1,30,20231311,True,1,10856,True,1,10510,346.0,11.509457999999917,True,3.92966e-06,44.67820800000055
1,30,1,31,20231312,True,1,7866,True,1,8288,422.0,12.17404199999983,True,1.178898e-05,45.371375000000214
1,30,1,32,20231313,True,1,12934,True,2,12958;13540,24.0,10.976000000000319,True,1.50301e-07,45.25245800000022
1,30,1,34,20231315,True,1,4670,False,0,,,6.146082999999969,False,1.0,51.21566700000013
1,30,1,33,20231314,True,1,12199,True,1,12176,23.0,10.610875000000242,True,1.50301e-07,48.61545900000053
1,30,1,35,20231316,True,1,20088,True,1,19418,670.0,11.180874999999979,True,1.03148e-07,44.62087499999967
1,30,1,36,20231317,True,1,2512,False,0,,,6.759999999999877,True,0.000985221704,39.94175000000055
1,30,1,37,20231318,True,1,10627,True,1,9554,1073.0,11.195791000000455,True,6.98951e-07,39.0730829999999
1,30,1,38,20231319,True,1,25212,True,1,24708,504.0,13.020041999999954,True,6.98951e-07,37.67879199999946
1,30,1,39,20231320,True,1,21306,True,1,20403,903.0,11.335083999999718,True,1.178898e-05,43.18995900000022
1,30,1,40,20231321,True,1,11336,True,1,11713,377.0,11.201125000000367,True,1.537693e-06,42.19050000000024
1,30,1,43,20231324,True,1,1822,False,0,,,6.464375000000189,False,1.0,43.329416999999815
1,30,1,41,20231322,True,1,23725,True,1,23782,57.0,11.112250000000046,True,5.0524199e-05,43.96362499999995
1,30,1,42,20231323,True,1,5604,True,1,5590,14.0,11.337249999999521,False,0.00689655263,43.765291000000595
1,30,1,44,20231325,True,1,23366,True,2,23810;22133,444.0,11.266958000000216,True,6.98951e-07,40.90504199999945
1,30,1,45,20231326,True,1,27445,False,0,,,5.996999999999808,True,0.000985221704,43.56041700000013
1,30,1,46,20231327,True,1,4639,True,1,5006,367.0,13.139165999999314,True,4.2103497e-05,40.774083000000516
1,30,1,47,20231328,True,1,26827,False,0,,,6.348916000000315,False,1.0,40.83766699999991
1,30,1,48,20231329,True,1,18378,True,1,17256,1122.0,10.119624999999743,True,1.03148e-07,39.02887500000052
1,30,1,49,20231330,True,1,19004,True,1,18870,134.0,11.415541999999945,True,2.1967e-07,37.922791999999816
1,30,2,0,20231331,True,1,9976,True,1,9230,746.0,11.124917000000067,True,1.537693e-06,41.60029200000004
1,30,2,1,20231332,True,1,16048,True,1,15950,98.0,11.565458000000639,True,1.16901e-07,41.47029200000052
1,30,2,2,20231333,True,1,20877,True,1,20510,367.0,10.920583999999955,True,1.178898e-05,39.62462500000008
1,30,2,3,20231334,True,1,24157,True,1,24696,539.0,11.864667000000217,True,6.98951e-07,42.96712499999966
1,30,2,5,20231336,True,1,26224,False,0,,,5.898082999999943,False,0.00689655263,43.32491700000052
1,30,2,4,20231335,True,1,23003,True,1,23382,379.0,10.988874999999787,True,0.000985221704,42.440667000000154
1,30,2,7,20231338,True,1,20099,False,0,,,6.838791000000732,True,1.537693e-06,41.82579200000003
1,30,2,6,20231337,True,1,8183,True,1,7821,362.0,9.86808299999975,True,0.000182448479,43.3562089999997
1,30,2,9,20231340,True,1,22017,True,1,23230,1213.0,10.252499999999998,True,1.178898e-05,40.86870799999964
1,30,2,8,20231339,True,1,11696,True,1,11344,352.0,10.56987499999984,True,3.66117e-07,42.201250000000634
1,30,2,11,20231342,True,1,27854,False,0,,,5.695417000000091,False,1.0,41.3156249999993
1,30,2,10,20231341,True,1,17859,True,1,17995,136.0,10.396208000000406,True,6.98951e-07,41.6837499999998
1,30,2,12,20231343,True,1,7891,True,1,7229,662.0,12.09958299999947,True,3.66117e-07,42.564417000000354
1,30,2,13,20231344,True,1,23050,True,1,22148,902.0,11.48554199999996,True,3.92966e-06,40.32212500000032
1,30,2,14,20231345,True,1,20405,True,1,21230,825.0,10.30274999999925,True,9.98502e-07,42.623707999999816
1,30,2,15,20231346,True,1,6592,True,1,6459,133.0,11.733291999999729,True,3.92966e-06,40.86829099999978
1,30,2,17,20231348,True,1,5402,True,1,6318,916.0,11.823542000000131,True,1.178898e-05,41.71241599999931
1,30,2,16,20231347,True,1,11567,True,1,12230,663.0,10.473332999999307,True,2.1967e-07,43.506417000000575
1,30,2,18,20231349,True,1,27463,False,0,,,7.02679199999956,True,0.000985221704,37.17170800000069
1,30,2,19,20231350,True,1,19442,True,1,21730,2288.0,10.779957999999645,True,0.000182448479,36.578667000000564
1,30,2,20,20231351,True,1,6380,True,1,7573,1193.0,11.036000000000712,False,0.00689655263,40.09554200000043
1,30,2,21,20231352,True,1,10920,True,1,10470,450.0,11.559958999999509,True,1.50301e-07,43.49425000000018
1,30,2,22,20231353,True,1,5156,True,1,5407,251.0,11.222040999999905,True,1.537693e-06,42.16779099999979
1,30,2,23,20231354,True,1,16930,True,1,17340,410.0,10.862041999999406,True,1.16901e-07,41.63024999999987
1,30,2,24,20231355,True,1,13977,True,1,13230,747.0,10.384499999999797,True,1.16901e-07,40.53133299999967
1,30,2,25,20231356,True,1,23562,True,1,23025,537.0,12.12258300000002,True,3.92966e-06,38.25058299999995
1,30,2,26,20231357,True,1,2259,False,0,,,5.973417000000758,True,0.000182448479,37.572916000000234
1,30,2,27,20231358,True,1,10651,True,2,10714;12280,63.0,10.95404199999983,True,2.1967e-07,37.93699999999944
1,30,2,29,20231360,True,1,28027,False,0,,,8.800915999999326,False,1.0,43.33299999999962
1,30,2,28,20231359,True,1,21463,True,1,21338,125.0,11.257792000000322,True,3.92966e-06,44.127125000000156
1,30,2,30,20231361,True,1,18968,True,1,18876,92.0,10.300709000000019,True,3.66117e-07,42.54162500000014
1,30,2,31,20231362,True,1,22125,True,2,22663;23772,538.0,11.270165999999193,True,1.537693e-06,41.1125409999995
1,30,2,32,20231363,True,1,11968,True,1,11128,840.0,10.174541999999676,True,1.03148e-07,40.90941699999995
1,30,2,33,20231364,True,1,20815,True,1,21230,415.0,10.322083000000148,True,6.98951e-07,39.965082999999346
1,30,2,34,20231365,True,1,18793,True,1,18843,50.0,10.237209000000469,True,1.03148e-07,39.69216599999914
1,30,2,35,20231366,True,1,11124,True,1,11593,469.0,9.635459000000068,True,3.66117e-07,38.08170799999999
1,30,2,37,20231368,True,1,3860,False,0,,,5.669916999999636,False,0.00689655263,44.49541599999929
1,30,2,36,20231367,True,1,19696,False,0,,,6.320875000000115,True,6.98951e-07,45.36658299999985
1,30,2,38,20231369,True,1,27405,False,0,,,6.621500000000502,False,0.00689655263,42.557833000000045
1,30,2,39,20231370,True,1,18371,True,2,20396;18692,321.0,10.090083000000583,True,1.16901e-07,40.65808400000037
1,30,2,40,20231371,True,1,15654,True,1,16008,354.0,9.978750000000147,True,1.16901e-07,39.55829100000052
1,30,2,42,20231373,True,1,26824,False,0,,,5.808000000000035,False,1.0,38.53158300000015
1,30,2,41,20231372,True,1,7838,True,1,7374,464.0,11.28366699999983,True,3.92966e-06,41.773791999999865
1,30,2,43,20231374,True,1,13416,True,2,13114;11230,302.0,10.671666999999552,True,1.50301e-07,38.27516700000011
1,30,2,44,20231375,True,1,14698,True,1,14378,320.0,10.684124999999156,True,1.03148e-07,42.05137499999978
1,30,2,46,20231377,True,1,25792,True,1,24823,969.0,10.547833000000395,True,0.000182448479,45.344540999999516
1,30,2,45,20231376,True,1,21948,True,1,20302,1646.0,10.598374999999827,True,4.2103497e-05,47.23429199999973
1,30,2,47,20231378,True,1,3341,True,1,5980,2639.0,11.132374999999861,True,0.000985221704,45.616499999999505
1,30,3,0,20231381,True,1,27506,False,0,,,6.8612080000001185,True,0.000182448479,45.68058300000022
1,30,2,49,20231380,True,1,21015,True,1,20724,291.0,12.712167000000107,True,4.2103497e-05,45.63604200000082
1,30,3,1,20231382,True,1,16707,True,1,16220,487.0,9.626166000000325,True,1.50301e-07,43.14274999999945
1,30,2,48,20231379,True,1,21225,True,1,21562,337.0,12.80075000000025,True,3.92966e-06,48.56766700000037
1,30,3,2,20231383,True,1,14605,True,2,14604;16087,1.0,12.564291999999533,True,1.50301e-07,39.693959000000056
1,30,3,4,20231385,True,1,8894,False,0,,,7.396707999999919,True,1.537693e-06,43.282166999999205
1,30,3,3,20231384,True,1,6379,True,1,6392,13.0,13.058041999999936,True,1.537693e-06,41.74804099999996
1,30,3,5,20231386,True,1,21223,True,1,21129,94.0,11.856417000000619,True,6.98951e-07,41.748833999999846
1,30,3,6,20231387,True,1,10970,True,1,11192,222.0,10.320249999999476,True,2.1967e-07,42.22391699999939
1,30,3,7,20231388,True,1,2248,False,0,,,6.869291000000111,True,0.000806451717,41.65149999999951
1,30,3,9,20231390,True,1,3051,True,1,3980,929.0,11.519209000000252,True,1.178898e-05,43.119542000000344
1,30,3,8,20231389,True,1,4237,True,2,3974;5332,263.0,11.570290999999955,True,1.178898e-05,43.62570799999954
1,30,3,10,20231391,True,1,16159,True,1,16243,84.0,11.034750000000315,True,3.66117e-07,38.9622919999999
1,30,3,11,20231392,True,1,10527,True,1,10690,163.0,11.41104199999976,True,3.92966e-06,42.771667000000235
1,30,3,13,20231394,True,1,3645,True,1,3498,147.0,10.958041000000307,True,0.000182448479,43.52241700000015
1,30,3,12,20231393,True,1,15335,True,1,15888,553.0,11.021874999999959,True,1.03148e-07,42.09479100000024
1,30,3,15,20231396,True,1,15359,True,1,15185,174.0,9.549583000000084,True,6.98951e-07,43.602499999999544
1,30,3,14,20231395,True,1,13342,True,1,13411,69.0,12.467291999999297,True,6.98951e-07,44.69612499999975
1,30,3,16,20231397,True,1,22090,True,1,22220,130.0,9.883417000000172,True,1.537693e-06,44.71983400000035
1,30,3,17,20231398,True,1,1968,False,0,,,8.06404099999991,True,0.000985221704,47.31895799999997
1,30,3,18,20231399,True,1,3537,False,0,,,6.7152500000000614,False,1.0,37.92770799999978
1,30,3,19,20231400,True,1,17793,True,2,17240;18996,553.0,10.654584000000078,True,1.178898e-05,41.674750000000316
1,30,3,21,20231402,True,1,23973,True,1,23266,707.0,11.349582999999441,True,3.92966e-06,42.71400000000014
1,30,3,20,20231401,True,1,20726,True,1,20826,100.0,11.517417000000307,True,1.537693e-06,42.824541999999965
1,30,3,23,20231404,True,1,25829,False,0,,,8.218084000000125,False,1.0,41.80124999999979
1,30,3,22,20231403,True,1,6018,True,1,5837,181.0,11.140166000000562,True,4.2103497e-05,45.356084000000685
1,30,3,24,20231405,True,1,19299,True,1,19714,415.0,11.147792000000045,True,1.03148e-07,42.72570799999986
1,30,3,25,20231406,True,1,7255,True,1,7266,11.0,11.284125000000422,True,2.1967e-07,43.42183300000002
1,30,3,26,20231407,True,1,7417,True,1,8406,989.0,11.653917000000291,True,1.537693e-06,40.17716599999943
1,30,3,27,20231408,True,1,4336,False,0,,,6.563625000000073,True,1.178898e-05,38.23891700000015
1,30,3,28,20231409,True,1,16248,True,1,16106,142.0,11.328666000000709,True,3.66117e-07,44.18783299999962
1,30,3,29,20231410,True,1,25400,True,1,25548,148.0,10.998458000000433,True,0.000182448479,42.49816700000064
1,30,3,30,20231411,True,1,4877,True,1,5110,233.0,8.892625000000542,True,0.000985221704,39.04875000000008
1,30,3,31,20231412,True,1,9152,True,1,9142,10.0,11.039832999999888,True,2.1967e-07,42.472708000000026
1,30,3,33,20231414,True,1,21263,True,1,20844,419.0,10.590458999999441,True,6.98951e-07,42.511250000000445
1,30,3,32,20231413,True,1,4967,True,1,4568,399.0,11.062334000000007,True,0.000182448479,42.851124999999435
1,30,3,34,20231415,True,1,6537,True,1,6458,79.0,11.715792000000391,True,1.178898e-05,38.366124999999585
1,30,3,35,20231416,True,1,11696,True,1,11218,478.0,9.894625000000268,True,1.50301e-07,37.392625000000734
1,30,3,37,20231418,True,1,13637,True,1,12439,1198.0,10.342209000000047,True,1.93402e-07,40.65433299999999
1,30,3,36,20231417,True,1,19294,True,1,19732,438.0,10.578708999999797,True,3.66117e-07,44.01787499999976
1,30,3,38,20231419,True,1,12581,True,1,13009,428.0,10.28812499999976,True,1.03148e-07,42.02074999999983
1,30,3,39,20231420,True,1,19285,True,1,19409,124.0,10.838749999999564,True,3.46848e-07,39.89433300000034
1,30,3,40,20231421,True,1,23825,True,2,23202;24946,623.0,11.348375000000743,True,4.2103497e-05,42.35975000000014
1,30,3,41,20231422,True,1,22701,True,1,22115,586.0,11.559083999999942,True,4.2103497e-05,42.81575000000082
1,30,3,42,20231423,True,1,20828,True,1,20528,300.0,10.406750000000464,True,2.1967e-07,39.68470899999943
1,30,3,43,20231424,True,1,1544,False,0,,,7.860332999999997,True,0.000985221704,37.18316700000024
1,30,3,45,20231426,True,1,28027,False,0,,,6.231917000000031,True,0.000182448479,37.27966699999996
1,30,3,44,20231425,True,1,8513,True,1,8748,235.0,10.990207999999946,True,3.66117e-07,37.85358300000041
1,30,3,46,20231427,True,1,18029,True,1,17788,241.0,12.699165999999984,True,1.03148e-07,37.51958299999991
1,30,3,48,20231429,True,1,3032,False,0,,,6.2511659999993086,True,0.000985221704,41.3692499999998
1,30,3,47,20231428,True,1,15655,True,1,15589,66.0,12.533708999999504,True,3.66117e-07,42.403457999999894
1,50,0,0,20231431,True,1,15382,True,1,15854,472.0,10.684207999999806,True,1e-12,43.030792000000595
1,30,3,49,20231430,True,1,3594,True,1,3534,60.0,11.278250000000156,True,4.2103497e-05,46.58783299999936
1,50,0,1,20231432,True,1,15038,True,1,14886,152.0,11.545334000000018,True,0.0,40.355542000000355
1,50,0,3,20231434,True,1,2246,False,0,,,6.3697080000002515,False,1.0,44.39366700000047
1,50,0,2,20231433,True,1,7567,True,1,7226,341.0,11.33358299999987,True,1.41e-10,46.077834000000095
1,50,0,4,20231435,True,1,3228,False,0,,,6.546542000000599,False,1.0,42.249916000000276
1,50,0,5,20231436,True,1,10100,True,1,10200,100.0,11.852958999999608,True,0.0,39.61687499999922
1,50,0,6,20231437,True,1,19255,True,1,19006,249.0,11.500792000000537,True,7e-12,39.26370800000001
1,50,0,7,20231438,True,1,13466,True,1,13417,49.0,10.103790999999696,True,0.0,47.118708000000176
1,50,0,8,20231439,True,1,16873,True,1,16618,255.0,10.173624999999298,True,1e-12,46.40645799999987
1,50,0,9,20231440,True,1,12694,True,1,12394,300.0,9.805375000000005,True,0.0,46.27479199999929
1,50,0,11,20231442,True,1,3153,False,0,,,6.163416999999782,True,0.000217108114,42.90954100000022
1,50,0,10,20231441,True,1,14574,True,1,14122,452.0,10.765709000000179,True,0.0,44.74245900000007
1,50,0,12,20231443,True,1,24807,True,1,24706,101.0,10.978875000000166,True,4.40509e-07,43.974790999999236
1,50,0,14,20231445,True,1,14004,True,1,14054,50.0,11.394750000000009,True,0.0,41.60337499999933
1,50,0,13,20231444,True,1,20927,True,1,20912,15.0,13.462875000000096,True,7e-12,43.30954100000017
1,50,0,16,20231447,True,1,17762,True,1,17750,12.0,10.439292000000044,True,2e-12,44.38808400000038
1,50,0,17,20231448,True,1,3854,True,1,3986,132.0,12.919750000000008,True,3.146495e-06,42.30562500000001
1,50,0,15,20231446,True,1,22791,True,1,23973,1182.0,11.387916000000331,True,4.40509e-07,44.913457999999906
1,50,0,19,20231450,True,1,26816,False,0,,,6.617792000000122,True,8.0093e-08,41.65979199999992
1,50,0,18,20231449,True,1,3002,True,1,3260,258.0,12.13458300000081,True,2.831845e-06,42.786041000000274
1,50,0,20,20231451,True,1,9961,True,1,9768,193.0,12.22095900000042,True,3e-12,41.179333999999734
1,50,0,21,20231452,True,1,18184,True,1,16964,1220.0,10.335917000000805,True,0.0,38.16037500000036
1,50,0,22,20231453,True,1,10532,True,1,10815,283.0,10.97929200000003,True,0.0,38.87679199999994
1,50,0,24,20231455,True,1,10782,True,1,10794,12.0,10.328207999999783,True,1e-12,43.44245800000035
1,50,0,25,20231456,True,1,6002,True,1,6002,0.0,11.600916999999988,True,1.07e-10,44.28095800000076
1,50,0,23,20231454,True,1,15026,True,1,16730,1704.0,10.254500000000277,True,0.0,45.35283400000001
1,50,0,26,20231457,True,1,4532,True,1,4884,352.0,11.118624999999938,True,4.40509e-07,41.0287079999998
1,50,0,27,20231458,True,1,17445,True,1,17362,83.0,11.039750000000126,True,1e-12,41.372040999999804
1,50,0,28,20231459,True,1,6442,True,1,6612,170.0,12.498542000000334,True,3.21e-10,40.53925000000014
1,50,0,29,20231460,True,1,15376,True,2,14230;15480,104.0,10.866583000000318,True,0.0,39.05883300000035
1,50,0,30,20231461,True,1,26327,True,1,26232,95.0,12.573083000000373,True,3.504051e-06,37.70741700000002
1,50,0,31,20231462,True,1,20892,True,1,21157,265.0,11.946583000000288,True,1.6e-11,44.95104200000011
1,50,0,32,20231463,True,1,24934,True,2,24924;23338,10.0,11.753083999999525,True,1.6764e-08,46.76129200000023
1,50,0,33,20231464,True,1,10630,True,1,10376,254.0,11.764374999999383,True,5e-12,44.552749999999364
1,50,0,34,20231465,True,1,6154,True,1,5668,486.0,12.095792000000216,True,3.21e-10,41.389000000000564
1,50,0,36,20231467,True,1,26759,False,0,,,7.29366599999981,True,0.000204081618,42.800625000000814
1,50,0,35,20231466,True,1,10844,True,1,11059,215.0,11.656749999999327,True,3e-12,44.509249999999945
1,50,0,37,20231468,True,1,16552,True,1,16338,214.0,10.509832999999524,True,0.0,38.32945799999976
1,50,0,38,20231469,True,1,15002,True,1,15786,784.0,11.904458000000062,True,0.0,37.39358300000006
1,50,0,39,20231470,True,1,18430,True,1,18466,36.0,10.01050000000081,True,7e-12,42.855124999999994
1,50,0,41,20231472,True,1,13064,True,1,13285,221.0,10.806375000000479,True,0.0,42.38512500000002
1,50,0,40,20231471,True,1,18161,True,1,17698,463.0,10.766457999999979,True,1e-12,41.60141699999986
1,50,0,42,20231473,True,1,3980,True,1,3774,206.0,11.826040999999954,True,1.6764e-08,43.33329099999972
1,50,0,43,20231474,True,1,14017,True,1,13980,37.0,10.96945800000082,True,0.0,44.95679099999972
1,50,0,44,20231475,True,1,8263,True,1,7906,357.0,10.64504200000016,True,3.21e-10,45.128874999999624
1,50,0,45,20231476,True,1,9318,True,1,9132,186.0,11.036665999999862,True,1e-12,43.189416999999786
1,50,0,46,20231477,True,1,15159,True,1,16026,867.0,11.55674999999956,True,0.0,39.20216700000001
1,50,0,47,20231478,True,1,2718,False,0,,,6.147041000000186,True,0.000204081618,40.6196250000006
1,50,0,49,20231480,True,1,26418,False,0,,,6.742915999999433,True,0.000204081618,42.55299999999984
1,50,0,48,20231479,True,1,20562,True,1,20868,306.0,11.445457999999853,True,1.6e-11,40.940292000000156
1,50,1,0,20231481,True,1,11653,True,1,11379,274.0,11.867915999999923,True,0.0,37.423500000000054
1,50,1,1,20231482,True,1,15779,True,1,15840,61.0,11.14029200000033,True,0.0,46.8633340000002
1,50,1,2,20231483,True,1,21413,True,1,21736,323.0,11.193458000000156,True,1.07e-10,46.16645800000008
1,50,1,3,20231484,True,1,15610,True,1,15642,32.0,9.209667000000366,True,0.0,45.408708000000075
1,50,1,4,20231485,True,1,5420,True,1,5507,87.0,9.381250000000563,True,1.071e-09,43.52762500000029
1,50,1,5,20231486,True,1,26631,False,0,,,6.851541999999711,True,2.831845e-06,40.18341700000061
1,50,1,7,20231488,True,1,3997,True,1,4204,207.0,11.55770899999986,True,1.6764e-08,40.781584000000315
1,50,1,6,20231487,True,1,4084,True,1,4410,326.0,10.861124999999916,True,1.6764e-08,43.125290999999955
1,50,1,8,20231489,True,1,26161,True,1,26373,212.0,13.036333999999705,True,4.40509e-07,37.58312500000027
1,50,1,10,20231491,True,1,7059,True,2,4920;6162,897.0,10.916374999999867,True,3.991e-09,46.46362500000034
1,50,1,9,20231490,True,1,3195,True,1,3775,580.0,11.008624999999661,True,4.40509e-07,47.230374999999825
1,50,1,11,20231492,True,1,4430,True,1,4307,123.0,11.478083999999278,True,9.3131e-08,44.79191600000032
1,50,1,12,20231493,True,1,17888,True,2,19058;17260,628.0,11.704249999999305,True,3.9e-11,43.79683400000012
1,50,1,13,20231494,True,1,20357,True,1,20664,307.0,11.626458000000284,True,1.6e-11,37.021166000000605
1,50,1,14,20231495,True,1,10711,True,1,10784,73.0,10.509167000000375,True,0.0,46.002417000000406
1,50,1,15,20231496,True,1,15777,True,1,15476,301.0,10.665666000000407,True,0.0,43.61375000000045
1,50,1,16,20231497,True,1,13605,True,1,14321,716.0,12.75716700000018,True,0.0,41.69229100000038
1,50,1,17,20231498,True,1,22661,True,1,23004,343.0,10.677915999999676,True,1e-11,46.52162499999957
1,50,1,19,20231500,True,1,17244,True,1,16942,302.0,9.76591700000018,True,1e-12,53.89083300000053
1,50,1,18,20231499,True,1,9786,True,1,9874,88.0,10.498957999999448,True,1e-12,49.86029199999997
1,50,1,20,20231501,True,1,9496,True,1,10134,638.0,9.888000000000119,True,2e-12,55.703165999999804
1,50,1,21,20231502,True,1,10176,True,1,11050,874.0,11.30437500000081,True,1.07e-10,50.38883300000041
1,50,1,24,20231505,True,1,8586,True,1,8470,116.0,10.440041000000733,True,7e-12,48.41179100000037
1,50,1,23,20231504,True,1,17037,True,1,16668,369.0,9.823332999999934,True,0.0,48.5692499999999
1,50,1,22,20231503,True,1,24547,True,1,24796,249.0,10.70595799999996,True,1.071e-09,51.432082999999906
1,50,1,25,20231506,True,1,10834,True,1,10836,2.0,10.25429099999986,True,1e-12,45.941165999999534
1,50,1,27,20231508,True,1,7240,True,1,7119,121.0,11.837250000000132,True,7e-12,46.718207999999706
1,50,1,26,20231507,True,1,8556,True,1,8488,68.0,12.28425000000044,True,2e-12,48.677624999999836
1,50,1,28,20231509,True,1,9127,True,2,9044;7999,83.0,12.888709000000276,True,3.21e-10,46.1286249999997
1,50,1,29,20231510,True,1,9683,True,1,8459,1224.0,14.25191700000017,True,3.21e-10,43.91966699999994
1,50,1,30,20231511,True,1,26638,True,1,26452,186.0,11.0331669999999,True,4.40509e-07,47.33891700000026
1,50,1,32,20231513,True,1,3632,True,1,3582,50.0,10.538833000000025,True,2.831845e-06,47.0804170000001
1,50,1,31,20231512,True,1,17142,True,2,17394;15890,252.0,10.65729199999943,True,1e-12,47.7735000000008
1,50,1,33,20231514,True,1,26074,False,0,,,6.700667000000493,True,4.40509e-07,41.80995799999998
1,50,1,36,20231517,True,1,3094,False,0,,,6.103750000000296,True,4.40509e-07,42.98533299999985
1,50,1,35,20231516,True,1,21212,True,1,21534,322.0,11.847333000000404,True,1e-12,47.64529200000034
1,50,1,34,20231515,True,1,3602,True,1,3920,318.0,11.15433300000035,True,3.991e-09,48.00825000000053
1,50,1,37,20231518,True,1,22744,True,1,23016,272.0,12.171333000000395,True,1.07e-10,43.776124999999944
1,50,1,38,20231519,True,1,24377,True,1,24272,105.0,11.786541000000206,True,3.21e-10,44.40329200000015
1,50,1,40,20231521,True,1,27196,False,0,,,8.467582999999834,True,0.000204081618,44.841958000000126
1,50,1,39,20231520,True,1,9336,True,1,9274,62.0,10.687792000000584,True,0.0,45.430917000000015
1,50,1,41,20231522,True,1,4011,False,0,,,7.762624999999801,False,1.0,40.167292000000465
1,50,1,42,20231523,True,1,2565,False,0,,,6.14212500000022,True,2.1710815e-05,38.888041999999956
1,50,1,44,20231525,True,1,10139,True,1,10277,138.0,12.384166999999557,True,1.07e-10,50.11937500000041
1,50,1,45,20231526,True,1,10324,True,1,9196,1128.0,9.998458000000099,True,0.0,50.822624999999455
1,50,1,43,20231524,True,1,21649,True,1,21190,459.0,11.6482910000002,True,1e-12,50.93945799999933
1,50,1,46,20231527,True,1,5326,True,1,5622,296.0,12.26116699999924,True,5.3e-11,40.898042000000245
1,50,1,47,20231528,True,1,21056,True,1,20928,128.0,12.334000000000067,True,1.07e-10,51.03329199999962
1,50,1,48,20231529,True,1,5414,True,1,5353,61.0,12.079874999999518,True,1.339e-09,52.97745799999998
1,50,1,49,20231530,True,1,10994,True,1,10850,144.0,11.33445899999952,True,1e-12,45.97462500000038
1,50,2,0,20231531,True,1,21312,True,1,21322,10.0,13.139499999999416,True,1.6e-11,40.268792
1,50,2,2,20231533,True,1,20454,True,1,20730,276.0,11.21045899999995,True,7e-12,46.76283399999992
1,50,2,1,20231532,True,1,6708,True,1,6899,191.0,12.255707999999643,True,7e-12,49.39662499999997
1,50,2,4,20231535,True,1,19749,True,1,19801,52.0,11.448665999999719,True,0.0,42.17354200000045
1,50,2,3,20231534,True,1,19185,True,1,18728,457.0,10.610291999999966,True,2e-12,49.75616699999996
1,50,2,7,20231538,True,1,26818,False,0,,,6.183541999999598,True,4.40509e-07,42.18037500000005
1,50,2,5,20231536,True,1,9110,True,2,8890;9598,220.0,12.260250000000639,True,5.3e-11,43.592915999999704
1,50,2,6,20231537,True,1,14763,True,1,14625,138.0,11.16962499999996,True,0.0,44.53204199999927
1,50,2,8,20231539,True,1,15149,True,1,15020,129.0,12.24283399999937,True,1e-12,38.84433300000012
1,50,2,10,20231541,True,1,24937,False,0,,,6.001041000000207,True,1.08653e-07,42.51370899999962
1,50,2,9,20231540,True,1,14822,True,1,14454,368.0,10.018582999999914,True,0.0,42.197541999999366
1,50,2,12,20231543,True,1,13023,True,1,12827,196.0,10.253957999999841,True,0.0,42.01016699999993
1,50,2,11,20231542,True,1,20233,True,1,20040,193.0,10.222125000000304,True,1e-11,43.822042000000394
1,50,2,13,20231544,True,1,20660,True,1,20813,153.0,11.550040999999567,True,3.9e-11,38.079124999999436
1,50,2,14,20231545,True,1,11281,True,1,11012,269.0,11.300417000000174,True,1e-12,43.841291999999754
1,50,2,15,20231546,True,1,15430,True,1,15946,516.0,10.446959000000255,True,0.0,41.93025000000006
1,50,2,16,20231547,True,1,8629,True,2,7356;8996,367.0,10.23033299999998,True,1.071e-09,40.26033299999998
1,50,2,17,20231548,True,1,26724,False,0,,,6.250125000000217,True,2.831845e-06,36.382125000000265
1,50,2,18,20231549,True,1,4236,True,1,4386,150.0,10.68729200000007,True,2.831845e-06,41.4680409999999
1,50,2,20,20231551,True,1,13029,False,0,,,6.402708000000423,True,2e-12,44.04845800000068
1,50,2,19,20231550,True,1,7378,True,1,6854,524.0,10.268083999999789,True,2.831845e-06,43.68529200000015
1,50,2,21,20231552,True,1,24380,True,1,24417,37.0,11.951415999999604,True,4.40509e-07,38.08954099999973
1,50,2,22,20231553,True,1,25196,True,1,25744,548.0,11.05945900000016,True,2.831845e-06,40.82995899999986
1,50,2,23,20231554,True,1,8898,True,1,8949,51.0,9.925791999999767,True,1.07e-10,42.57229200000001
1,50,2,24,20231555,True,1,16705,True,1,16808,103.0,10.3181250000004,True,0.0,41.08183300000068
1,50,2,25,20231556,True,1,26754,False,0,,,6.499166999999417,True,2.831845e-06,38.243709000000514
1,50,2,27,20231558,True,1,21168,False,0,,,6.121291999999556,True,1.41e-10,45.65845900000021
1,50,2,26,20231557,True,1,22705,True,1,23102,397.0,10.704083000000253,True,4.12e-10,42.6437910000006
1,50,2,28,20231559,True,1,17619,True,1,17690,71.0,11.383375000000306,True,0.0,43.62920899999967
1,50,2,29,20231560,True,1,12898,True,1,12202,696.0,13.147749999999903,True,3e-12,41.10633400000019
1,50,2,33,20231564,True,1,28340,False,0,,,5.809541000000529,False,1.0,48.371000000000386
1,50,2,31,20231562,True,1,12989,True,1,13140,151.0,10.465541999999495,True,0.0,48.01441700000009
1,50,2,32,20231563,True,1,25186,True,1,25344,158.0,11.489916999999572,True,4.40509e-07,47.82400000000031
1,50,2,30,20231561,True,1,7392,True,1,7356,36.0,11.583665999999937,True,1.071e-09,49.427707999999626
1,50,2,35,20231566,True,1,28023,False,0,,,6.066167000000178,True,2.1710815e-05,39.35579099999931
1,50,2,34,20231565,True,1,22529,True,1,22221,308.0,9.296083999999816,True,1.41e-10,40.36704199999974
1,50,2,36,20231567,True,1,24616,True,1,24506,110.0,10.450915999999921,True,1.07e-10,43.785167000000236
1,50,2,37,20231568,True,1,5446,True,1,5390,56.0,12.424792000000018,True,3.9e-11,39.99112500000024
1,50,2,39,20231570,True,1,28133,False,0,,,5.964791000000247,True,0.000204081618,40.47012499999969
1,50,2,38,20231569,True,1,1854,False,0,,,5.996999999999808,True,0.000204081618,42.40483400000006
1,50,2,40,20231571,True,1,8530,True,1,8294,236.0,10.933917000000015,True,1.6764e-08,41.71304199999959
1,50,2,41,20231572,True,1,14292,True,1,14105,187.0,10.72287499999991,True,2e-12,40.71458299999975
1,50,2,42,20231573,True,1,20527,True,1,20508,19.0,11.098375000000438,True,0.0,42.43733300000052
1,50,2,43,20231574,True,1,18870,True,1,19139,269.0,10.899042000000136,True,3e-12,40.47458299999995
1,50,2,44,20231575,True,1,2621,False,0,,,6.172000000000288,True,0.000204081618,39.37795800000021
1,50,2,45,20231576,True,1,20063,True,1,20193,130.0,10.812833000000133,True,3e-12,36.90749999999987
1,50,2,46,20231577,True,1,19980,True,1,20600,620.0,10.586958000000202,True,1.6e-11,41.94379199999965
1,50,2,47,20231578,True,1,10070,True,1,10583,513.0,11.190000000000033,True,2e-12,45.34916699999947
1,50,2,49,20231580,True,1,16280,True,1,16310,30.0,11.03616699999943,True,2e-12,40.936624999999616
1,50,2,48,20231579,True,1,1730,False,0,,,6.451124999999891,True,0.002448979765,47.42895800000024
1,50,3,0,20231581,True,1,2262,False,0,,,6.2609579999994835,True,0.000217108114,40.183542000000294
1,50,3,1,20231582,True,1,17235,True,1,16815,420.0,10.775499999999383,True,3e-12,41.36633399999923
1,50,3,2,20231583,True,1,7603,True,2,7934;9776,331.0,10.863166000000035,True,2e-12,43.110249999999795
1,50,3,3,20231584,True,1,18178,True,1,18177,1.0,11.870374999999989,True,3e-12,38.35591699999963
1,50,3,4,20231585,True,1,21731,True,1,20918,813.0,11.704374999999878,True,1.339e-09,38.63729199999977
1,50,3,5,20231586,True,1,19504,True,1,19980,476.0,10.870042000000524,True,3.9e-11,38.1307909999995
1,50,3,6,20231587,True,1,16473,True,1,16846,373.0,10.79008299999984,True,0.0,38.21491699999946
1,50,3,7,20231588,True,1,6548,True,1,6501,47.0,11.59899999999947,True,3.991e-09,41.624749999999544
1,50,3,8,20231589,True,1,9814,True,1,9576,238.0,11.512792000000438,True,2e-12,36.84933300000015
1,50,3,10,20231591,True,1,2948,False,0,,,8.594082999999308,False,1.0,44.4535419999994
1,50,3,9,20231590,True,1,18155,True,1,18449,294.0,10.51429199999987,True,0.0,44.48979200000025
1,50,3,11,20231592,True,1,17543,True,1,17996,453.0,10.571665999999702,True,3.21e-10,43.12245800000003
1,50,3,13,20231594,True,1,27179,False,0,,,6.910541999999964,True,0.000204081618,40.43933300000013
1,50,3,12,20231593,True,1,24635,True,1,24622,13.0,11.706167000000711,True,3.991e-09,40.506167000000204
1,50,3,14,20231595,True,1,3881,True,1,4026,145.0,11.17520900000013,True,0.000204081618,39.00929200000025
1,50,3,15,20231596,True,1,9721,True,1,9633,88.0,10.98862499999953,True,7e-12,38.920625000000264
1,50,3,16,20231597,True,1,6198,True,1,6356,158.0,11.613749999999534,True,3.991e-09,38.10341699999942
1,50,3,18,20231599,True,1,7263,True,2,7541;9280,278.0,10.647917000000007,True,3e-12,45.668416999999906
1,50,3,17,20231598,True,1,21178,True,2,21786;20435,608.0,10.716291999999683,True,3.21e-10,45.83291700000025
1,50,3,19,20231600,True,1,5480,True,1,5676,196.0,11.805584000000202,True,1.41e-10,43.33720899999971
1,50,3,20,20231601,True,1,13237,True,1,13538,301.0,10.172666999999969,True,3.21e-10,37.85841699999981
1,50,3,21,20231602,True,1,5501,True,1,5055,446.0,12.141290999999832,True,3.991e-09,37.91566700000004
1,50,3,23,20231604,True,1,2776,False,0,,,5.833874999999544,True,2.1710815e-05,43.6707080000005
1,50,3,22,20231603,True,1,17246,True,1,17410,164.0,10.659084000000263,True,3e-12,41.817374999999934
1,50,3,24,20231605,True,1,4059,True,1,3704,355.0,11.646291000000808,True,2.831845e-06,37.64945799999975
1,50,3,26,20231607,True,1,7694,False,0,,,6.501499999999716,True,1.9957e-08,41.067707999999925
1,50,3,25,20231606,True,1,4114,True,1,3856,258.0,11.34133300000073,True,4.40509e-07,42.60445899999965
1,50,3,27,20231608,True,1,15905,True,1,15664,241.0,11.592709000000312,True,0.0,41.66791699999983
1,50,3,29,20231610,True,1,11932,True,1,11616,316.0,11.357958000000501,True,1e-12,39.887541999999776
1,50,3,28,20231609,True,1,26598,True,1,26437,161.0,11.42966699999981,True,2.831845e-06,40.996791999999616
1,50,3,30,20231611,True,1,20941,True,1,20514,427.0,10.691125000000135,True,3e-12,40.569041999999556
1,50,3,31,20231612,True,1,14929,True,1,14886,43.0,10.455874999999892,True,0.0,40.51620800000055
1,50,3,32,20231613,True,1,27279,True,1,25468,1811.0,12.27525000000007,True,8.0093e-08,38.21629099999946
1,50,3,34,20231615,True,1,28343,False,0,,,6.568999999999825,True,3.146495e-06,44.49237499999992
1,50,3,33,20231614,True,1,23786,True,1,25293,1507.0,11.355040999999844,True,1.07e-10,44.59854200000013
1,50,3,35,20231616,True,1,11315,True,2,12075;13907,760.0,10.880999999999474,True,0.0,43.09274999999957
1,50,3,36,20231617,True,1,27173,True,1,26047,1126.0,11.125874999999397,True,0.000204081618,41.446875000000105
1,50,3,37,20231618,True,1,8905,True,1,9027,122.0,12.259083000000004,True,1e-12,40.291374999999796
1,50,3,38,20231619,True,1,23798,True,1,23590,208.0,11.328040999999622,True,3.21e-10,41.7729170000003
1,50,3,39,20231620,True,1,10817,True,1,10617,200.0,10.342041999999552,True,0.0,41.390584000000175
1,50,3,40,20231621,True,1,1628,False,0,,,6.49199999999972,False,1.0,38.284333000000004
1,50,3,41,20231622,True,1,13331,True,1,13489,158.0,9.97408399999955,True,0.0,47.170083999999335
1,50,3,42,20231623,True,1,12219,True,2,12106;12273,54.0,10.84462499999983,True,1e-12,47.3567500000005
1,50,3,44,20231625,True,1,1782,False,0,,,6.4778750000007435,True,0.002448979765,47.653500000000015
1,50,3,43,20231624,True,1,10775,True,1,10578,197.0,11.271958000000026,True,2e-12,48.296041999999595
1,50,3,45,20231626,True,1,25796,True,1,25870,74.0,11.787875000000447,True,3.991e-09,44.55575000000067
1,50,3,48,20231629,True,1,26292,True,1,25894,398.0,11.340457999999387,True,3.146495e-06,43.81695899999993
1,50,3,46,20231627,True,1,24803,True,1,24540,263.0,11.859667000000407,True,0.000204081618,45.79633399999938
1,50,3,47,20231628,True,1,17466,True,1,16921,545.0,11.807375000000064,True,0.0,44.34683299999964
2,20,0,0,20231631,True,2,20970;23084,False,0,,,7.606124999999686,False,1.0,40.87766600000009
2,20,0,2,20231633,True,2,16508;27247,False,0,,,5.928374999999875,True,0.003508772468,45.074374999999556
2,20,0,1,20231632,True,2,23487;27697,True,1,21230,4362.0,7.690082999999959,True,0.000386996951,45.9780830000005
2,20,0,3,20231634,True,2,2254;15689,True,1,13480,6717.5,8.934375000000827,True,0.000103199185,43.45295899999968
1,50,3,49,20231630,True,1,16773,True,2,14864;16746,27.0,10.37200000000027,True,0.0,48.810041000000304
2,20,0,6,20231637,True,2,1683;3351,False,0,,,5.162458000000036,False,1.0,43.047707999999574
2,20,0,4,20231635,True,2,23020;26156,False,0,,,6.687499999999957,False,1.0,45.13474999999989
2,20,0,5,20231636,True,2,11815;13569,False,0,,,6.244542000000131,False,1.0,43.44533400000028
2,20,0,7,20231638,True,2,5125;17688,True,1,17694,6287.5,10.798334000000409,True,7.1445589e-05,38.032541999999836
2,20,0,9,20231640,True,2,12652;20525,False,0,,,4.604332999999627,False,1.0,40.98695900000049
2,20,0,8,20231639,True,2,2530;18990,True,1,17230,8230.0,9.305166999999948,True,7.1445596e-05,40.672250000000076
2,20,0,14,20231645,True,2,8096;14094,False,0,,,6.359374999999723,True,0.001031991909,52.35620799999996
2,20,0,10,20231641,True,2,24282;26455,True,2,21869;23581,1787.5,10.753708000000195,True,0.004127967637,51.62716700000036
2,20,0,11,20231642,True,2,7948;17681,True,2,16438;8230,762.5,12.635541999999944,True,0.000103199185,51.33129200000042
2,20,0,12,20231643,True,2,2130;26931,False,0,,,7.684833999999974,True,0.003508772235,50.86429199999998
2,20,0,13,20231644,True,2,14057;17138,False,0,,,7.0371250000000884,True,0.001031991909,51.25941699999981
2,20,0,15,20231646,True,2,7187;24597,True,1,7674,8705.0,13.253708000000586,True,5.9537997e-05,48.05887499999972
2,20,0,17,20231648,True,2,20789;27410,False,0,,,4.809040999999681,False,1.0,47.57104199999951
2,20,0,16,20231647,True,2,13931;22383,False,0,,,8.688499999999877,True,0.000386996951,54.87974999999956
2,20,0,19,20231650,True,2,6136;23144,False,0,,,6.704415999999824,True,0.000180598596,51.415875
2,20,0,20,20231651,True,2,10453;16637,False,0,,,6.079917000000101,True,0.003508772468,52.644042000000724
2,20,0,22,20231653,True,2,15197;17187,False,0,,,5.391416000000149,False,1.0,53.01504199999929
2,20,0,18,20231649,True,2,13272;26217,True,1,13141,6603.5,9.51820800000025,True,0.000180598596,52.26170800000052
2,20,0,21,20231652,True,2,14183;27966,True,1,14158,6916.5,8.226999999999762,True,7.1445596e-05,51.98566600000021
2,20,0,24,20231655,True,2,24375;27403,False,0,,,5.37333399999973,False,1.0,41.504125000000336
2,20,0,23,20231654,True,2,14145;22510,True,1,13641,4686.5,10.507125000000173,True,7.1445589e-05,42.89662500000002
2,20,0,25,20231656,True,2,7974;15490,False,0,,,5.9317500000002354,True,0.003508772468,41.74083300000042
2,20,0,28,20231659,True,2,15639;18088,False,0,,,6.70320799999935,False,1.0,47.55850000000006
2,20,0,26,20231657,True,2,5136;10343,True,1,9718,2603.5,9.604541999999938,True,0.003508772468,47.45137499999963
2,20,0,29,20231660,True,2,13398;19458,False,0,,,6.236832999999997,True,0.003508772468,48.76179199999964
2,20,0,30,20231661,True,2,19257;27578,True,1,18922,4495.5,9.334500000000467,True,0.000103199185,48.564915999999236
2,20,0,33,20231664,True,2,9306;11800,False,0,,,5.96450000000015,False,1.0,42.332584000000395
2,20,0,31,20231662,True,2,10033;14430,False,0,,,6.372583000000098,False,1.0,57.53879099999981
2,20,0,27,20231658,True,2,2500;18086,True,1,17506,7793.0,48.905082999999294,True,7.1445596e-05,40.96237499999944
2,20,0,35,20231666,True,2,10887;20008,False,0,,,6.273165999999719,True,0.000180598567,50.846916999999436
2,20,0,37,20231668,True,2,21706;23621,False,0,,,6.413084000000069,False,1.0,48.22874999999982
2,20,0,32,20231663,True,2,20030;26238,False,0,,,48.79287499999929,False,1.0,48.03008299999956
2,20,0,34,20231665,True,2,16834;27900,True,1,16754,5613.0,9.323624999999502,True,0.000103199185,60.0715420000002
2,20,0,36,20231667,True,2,26121;27854,False,0,,,5.04454100000018,False,1.0,62.555666999999815
2,20,0,39,20231670,True,2,20434;23043,False,0,,,5.058249999999376,False,1.0,46.68933400000075
2,20,0,38,20231669,True,2,26307;27824,True,1,26158,907.5,12.38341600000048,False,1.0,44.66958400000021
2,20,0,40,20231671,True,2,22596;28308,True,2,22134;23266,2752.0,10.382459000000566,True,0.000386996981,39.68166599999989
2,20,0,43,20231674,True,2,3373;19484,False,0,,,4.978125000000055,True,0.000180598567,57.84583300000001
2,20,0,42,20231673,True,2,12448;27140,True,1,14230,7346.0,9.370665999999694,True,0.000103199185,55.882666999999664
2,20,0,41,20231672,True,2,18202;26206,True,1,18916,4002.0,10.038332999999788,True,0.000103199185,56.12416600000003
2,20,0,45,20231676,True,2,25897;27993,False,0,,,4.763749999999511,False,1.0,54.28891700000005
2,20,0,47,20231678,True,2,8551;11818,False,0,,,5.070166999999515,False,1.0,49.96008299999932
2,20,0,44,20231675,True,2,4945;11730,True,1,11816,3478.5,9.800084000000098,True,0.000386996951,56.44437499999988
2,20,0,48,20231679,True,2,13864;19632,False,0,,,6.097624999999773,False,1.0,47.10124999999987
2,20,0,46,20231677,True,2,18601;26105,True,1,20480,3752.0,10.733749999999986,True,0.000386996951,52.10275000000042
2,20,2,1,20231682,True,2,16815;20345,False,0,,,6.238541000000097,False,1.0,48.725499999999755
2,20,0,49,20231680,True,2,15274;23773,True,1,13480,6043.5,7.139915999999857,True,0.000515995955,48.57862499999932
2,20,2,3,20231684,True,2,9002;17567,False,0,,,6.409666999999786,True,0.000180598567,51.37595900000047
2,20,2,4,20231685,True,2,1707;8691,True,1,8401,3492.0,9.40595899999952,False,1.0,51.71612499999956
2,20,2,2,20231683,True,2,3510;12803,True,2,11364;13220,4135.5,10.030792000000233,True,0.000180598596,55.51983299999996
2,20,2,5,20231686,True,2,19476;21196,False,0,,,5.858417000000671,False,1.0,51.408083000000104
2,20,2,6,20231687,True,2,5755;24524,False,0,,,6.166832999999983,True,5.953799e-05,50.55008300000008
2,20,2,0,20231681,True,2,12918;23119,True,1,12737,5281.5,51.88383299999977,True,0.000103199185,39.93783399999984
2,20,2,8,20231689,True,2,17705;24278,False,0,,,6.994208000000057,False,1.0,36.42574999999937
2,20,2,7,20231688,True,2,23564;27292,True,1,23522,1906.0,13.787083000000422,True,0.003508772468,39.545541999999934
2,20,2,9,20231690,True,2,7052;9153,False,0,,,5.946250000000042,False,1.0,40.70995899999996
2,20,2,12,20231693,True,2,14052;24568,False,0,,,4.866541999999363,True,0.000386996951,45.72483299999952
2,20,2,13,20231694,True,2,20266;22680,False,0,,,6.360250000000178,False,1.0,45.70554200000032
2,20,2,10,20231691,True,2,18782;28402,True,1,18656,4936.0,10.57854200000019,True,0.000386996981,47.59804099999965
2,20,2,11,20231692,True,2,3175;16483,True,1,17394,7565.0,10.705291999999922,True,0.000103199185,48.62979199999984
2,20,2,14,20231695,True,2,6782;24151,True,1,6411,9055.5,10.122166000000377,True,5.9537997e-05,39.931750000000044
2,20,2,15,20231696,True,2,7393;11887,False,0,,,5.504290999999384,False,1.0,39.095665999999696
2,20,2,16,20231697,True,2,9080;11383,False,0,,,8.479667000000468,False,1.0,37.81374999999976
2,20,2,17,20231698,True,2,21106;27924,True,1,20961,3554.0,12.373791999999995,True,0.003508772468,37.34724999999983
2,20,2,18,20231699,True,2,14672;17736,False,0,,,6.678041999999884,False,1.0,43.34216700000049
2,20,2,19,20231700,True,2,8129;11516,False,0,,,5.893499999999996,False,1.0,43.94404199999968
2,20,2,20,20231701,True,2,19575;24000,False,0,,,7.033374999999786,False,1.0,43.201125000000395
2,20,2,21,20231702,True,2,19585;21646,False,0,,,6.984291000000198,False,1.0,43.00624999999947
2,20,2,22,20231703,True,2,6555;10174,False,0,,,5.809874999999742,False,1.0,39.69754199999986
2,20,2,23,20231704,True,2,4780;27373,False,0,,,6.468707999999879,True,0.000386996981,39.080208999999755
2,20,2,24,20231705,True,2,2955;27168,True,1,3572,12106.5,10.93408400000051,True,0.001031991909,41.11962499999944
2,20,2,25,20231706,True,2,13218;23967,False,0,,,7.752041000000709,True,0.001031991909,39.872250000000165
2,20,2,26,20231707,True,2,18649;23935,False,0,,,5.898042000000103,False,1.0,46.39191700000023
2,20,2,27,20231708,True,2,11189;22519,False,0,,,6.320374999999601,True,0.001031991909,45.01066699999967
2,20,2,28,20231709,True,2,18281;20464,False,0,,,5.804667000000485,False,1.0,44.515582999999914
2,20,2,29,20231710,True,2,4622;16381,True,1,18480,7978.5,10.423375000000235,True,5.953799e-05,41.79245899999984
2,20,2,30,20231711,True,2,12226;22072,True,1,12204,4945.0,12.43887499999996,True,7.1445589e-05,38.02674999999933
2,20,2,31,20231712,True,2,3097;12184,True,2,11980;4333,720.0,12.122500000000258,True,0.000180598567,38.4085840000008
2,20,2,33,20231714,True,2,6373;7977,False,0,,,6.006292000000357,False,1.0,41.96270799999979
2,20,2,32,20231713,True,2,18962;23691,True,1,19744,2364.5,11.815290999999561,True,0.001031991909,41.65370899999932
2,20,2,35,20231716,True,2,23754;25700,False,0,,,6.89745799999919,False,1.0,41.267791999999304
2,20,2,36,20231717,True,2,26824;28352,False,0,,,7.4714589999995695,False,1.0,47.7641249999996
2,20,2,34,20231715,True,2,12922;23230,True,1,13980,5154.0,10.727042000000075,True,0.000180598567,48.909459000000766
2,20,2,37,20231718,True,2,3364;19306,False,0,,,5.4314170000004935,True,5.9537997e-05,46.30825000000094
2,20,2,39,20231720,True,2,18221;23017,False,0,,,5.706083999999834,True,0.001031991909,41.358666999999016
2,20,2,38,20231719,True,2,6782;24754,False,0,,,6.178917000000617,True,0.000103199185,44.92679099999908
2,20,2,41,20231722,True,2,12152;18965,False,0,,,7.410082999999901,True,0.004127967637,43.25854100000015
2,20,2,40,20231721,True,2,1712;21802,True,1,21923,10166.0,9.058542000000003,True,0.001031991909,43.79391700000035
2,20,2,42,20231723,True,2,26397;28396,False,0,,,5.494708000000514,False,1.0,39.58029200000013
2,20,2,43,20231724,True,2,24277;26221,False,0,,,6.8087079999994415,False,1.0,43.76308299999998
2,20,2,44,20231725,True,2,13640;23359,False,0,,,6.425874999999692,True,0.001031991909,44.77975000000001
2,20,2,45,20231726,True,2,19036;25840,False,0,,,6.027791999999366,False,1.0,45.58508300000064
2,20,2,47,20231728,True,2,20859;24873,False,0,,,6.498624999998981,False,1.0,44.30158300000109
2,20,2,46,20231727,True,2,19689;24803,False,0,,,6.056208000000396,False,1.0,46.19404199999977
2,20,2,48,20231729,True,2,4231;16770,False,0,,,5.666500000000241,True,0.000386996951,43.14658400000049
2,20,2,49,20231730,True,2,24616;28227,False,0,,,6.1534580000000005,False,1.0,46.83354099999981
2,30,0,0,20231731,True,2,8766;13368,False,0,,,6.8754159999997455,True,0.000182448464,43.07158299999969
2,30,0,2,20231733,True,2,19242;21503,False,0,,,6.88287500000051,False,0.006896552164,40.22066599999974
2,30,0,1,20231732,True,2,20852;26605,True,1,23730,2876.5,11.20320799999952,True,0.000985221821,43.73687500000045
2,30,0,4,20231735,True,2,15253;19669,True,2,14234;15312,2208.0,9.836417000000708,True,3.929659e-06,47.97216699999929
2,30,0,3,20231734,True,2,1620;24910,True,1,25802,12537.0,10.344416999998884,True,4.2103497e-05,49.79920800000137
2,30,0,5,20231736,True,2,8156;10011,False,0,,,6.493250000000117,True,0.000985221821,50.30524999999919
2,30,0,6,20231737,True,2,20437;23802,False,0,,,6.549749999999577,True,4.2103493e-05,39.869166999999095
2,30,0,8,20231739,True,2,3579;6894,True,1,6864,1657.5,12.129415999998727,True,0.000985221821,41.46700000000081
2,30,0,7,20231738,True,2,10268;24778,True,2,10896;24267,569.5,14.20216600000046,True,6.98951e-07,43.31054100000031
2,30,0,9,20231740,True,2,4082;12665,True,1,13120,4746.5,11.909707999999242,True,2.1967e-07,37.15287499999853
2,30,0,11,20231742,True,2,26390;27890,False,0,,,6.20387499999886,False,1.0,38.33033400000119
2,30,0,10,20231741,True,2,8009;14127,True,1,13946,3059.0,10.356500000000324,True,4.2103493e-05,41.70775000000049
2,30,0,13,20231744,True,2,6010;13685,True,2,6178;14145,314.0,13.24737499999884,True,1.1788978e-05,39.278209000000786
2,30,0,12,20231743,True,2,21908;26003,True,1,22043,2047.5,11.868207999999214,True,1.1788978e-05,40.32016600000077
2,30,0,14,20231745,True,2,14358;17046,False,0,,,7.789374999999765,False,1.0,37.841249999999604
2,30,0,16,20231747,True,2,11572;15375,False,0,,,7.133500000000126,False,0.006896552164,43.790708999999595
2,30,0,15,20231746,True,2,14371;25067,True,2,14254;25538,294.0,12.866250000000079,True,1.537693e-06,41.084249999999045
2,30,0,17,20231748,True,2,1811;25729,True,2,25757;23730,10973.5,10.364499999999666,True,3.66117e-07,39.72091600000027
2,30,0,19,20231750,True,2,23227;26784,True,2,20962;22802,2203.5,8.875040999999584,True,1.537693e-06,44.305833000001016
2,30,0,20,20231751,True,2,26822;28360,False,0,,,5.844500000000252,True,0.000182448464,40.00241700000018
2,30,0,18,20231749,True,2,15354;26940,True,1,15375,5793.0,10.464875000000262,True,1.50301e-07,44.158375000000305
2,30,0,21,20231752,True,2,15785;27772,True,1,16063,5993.5,10.126833999999363,True,6.98951e-07,40.82970800000041
2,30,0,22,20231753,True,2,21660;27561,True,1,21819,2950.5,10.891250000000241,True,0.000985221821,40.26558400000013
2,30,0,23,20231754,True,2,6187;15577,True,3,15518;13825;5841,202.5,14.094791999999856,True,1.537693e-06,42.948917000000364
2,30,0,24,20231755,True,2,6726;20981,True,2,20694;6630,191.5,15.109208000000152,True,1.50301e-07,43.72379199999976
2,30,0,25,20231756,True,2,2312;19562,True,1,19480,8625.0,10.958457999999283,True,2.1967e-07,43.17795799999935
2,30,0,28,20231759,True,2,6045;13447,False,0,,,7.233207999998825,True,0.000182448464,45.98858400000161
2,30,0,26,20231757,True,2,15453;22959,False,0,,,8.597166999999573,True,5.125642e-06,46.929417000001195
2,30,0,27,20231758,True,2,3456;13928,True,1,13756,5236.0,12.186625000000006,True,1.16901e-07,46.551625000001096
2,30,0,29,20231760,True,2,19278;24716,False,0,,,7.1088750000001255,False,0.006896552164,45.990208000000976
2,30,0,30,20231761,True,2,16701;26103,True,1,16914,4701.0,10.046834000000615,True,3.929659e-06,42.13720799999976
2,30,0,31,20231762,True,2,19395;27991,True,1,19370,4323.0,11.868791999999573,True,1.537693e-06,41.86412500000003
2,30,0,32,20231763,True,2,15910;22033,True,2,15739;22390,264.0,14.70199999999977,True,0.000182448464,41.759875000000335
2,30,0,33,20231764,True,2,8910;16479,True,2,17107;9094,406.0,14.58549999999903,True,3.929659e-06,40.945958000000005
2,30,0,35,20231766,True,2,16095;27676,True,1,16442,5790.5,9.613458000000463,True,1.1788978e-05,41.426250000000664
2,30,0,34,20231765,True,2,17207;24058,True,3,17980;24260;19730,487.5,12.199583000001013,True,0.000182448464,45.75875000000096
2,30,0,36,20231767,True,2,8772;17362,False,0,,,6.985166999999848,True,3.929659e-06,45.24212499999969
2,30,0,38,20231769,True,2,20466;23990,False,0,,,7.4069589999989915,True,0.000182448464,45.10299999999923
2,30,0,37,20231768,True,2,11439;20641,True,2,20588;11994,304.0,12.737583000001607,True,1.16901e-07,42.172207999998435
2,30,0,39,20231770,True,2,18581;26743,True,1,20480,4081.0,11.50845899999986,True,3.92966e-06,42.46041599999906
2,30,0,40,20231771,True,2,23126;27605,True,1,22991,2374.5,11.9721669999997,True,0.000985221821,43.89495799999921
2,30,0,41,20231772,True,2,16802;26296,True,1,17122,4747.0,12.06175000000087,True,3.929659e-06,41.33662499999957
2,30,0,42,20231773,True,2,22661;27680,True,1,23024,2509.5,11.398665999999835,True,4.2103493e-05,42.33491599999972
2,30,0,44,20231775,True,2,17746;20138,False,0,,,6.18637500000041,False,1.0,46.11233400000003
2,30,0,45,20231776,True,2,19204;22067,False,0,,,5.657583000001409,False,1.0,48.29175000000063
2,30,0,46,20231777,True,2,16454;24995,False,0,,,5.302000000000362,False,1.0,46.58195800000087
2,30,0,43,20231774,True,2,1825;7144,True,1,7248,2763.5,10.819749999999573,True,4.2103493e-05,46.563416999999774
2,30,0,48,20231779,True,2,25236;27612,False,0,,,8.159374999999969,False,0.006896552164,39.54554200000082
2,30,0,49,20231780,True,2,21931;24765,False,0,,,8.35070800000004,False,1.0,43.011333999999124
2,30,0,47,20231778,True,2,10087;22092,True,2,20754;9804,810.5,15.996624999999653,True,6.98951e-07,43.78799999999927
2,30,2,1,20231782,True,2,22608;25022,False,0,,,6.197624999998652,False,1.0,44.58295899999953
2,30,2,0,20231781,True,2,7126;27139,True,1,5894,11238.5,11.705665999999226,True,3.66117e-07,42.89483400000016
2,30,2,3,20231784,True,2,19019;27851,True,1,18136,5299.0,10.367208999999988,True,1.537693e-06,44.97866700000053
2,30,2,2,20231783,True,2,19312;26247,True,3,18182;20078;26395,457.0,12.25924999999961,True,4.2103493e-05,46.378625000000895
2,30,2,4,20231785,True,2,9209;28234,True,1,8653,10068.5,10.131708000001183,True,1.03148e-07,46.01120799999947
2,30,2,5,20231786,True,2,24111;27967,True,1,23349,2690.0,11.037457999998779,True,0.000210517479,46.36383300000091
2,30,2,7,20231788,True,2,23645;25900,False,0,,,7.243292000000068,True,0.000985221821,44.82937499999906
2,30,2,6,20231787,True,2,16424;21658,False,0,,,7.613375000000033,True,0.000985221821,45.82520800000012
2,30,2,9,20231790,True,2,22559;25732,False,0,,,6.799499999999625,False,0.006896552164,40.66283399999904
2,30,2,8,20231789,True,2,15907;21729,False,0,,,7.373582999999684,False,1.0,43.13929100000102
2,30,2,10,20231791,True,2,6328;8661,False,0,,,6.721000000000643,False,1.0,39.40558399999894
2,30,2,11,20231792,True,2,12642;22296,True,1,12580,4889.0,10.741417000000197,True,6.98951e-07,43.3420420000008
2,30,2,12,20231793,True,2,23184;26897,True,1,23469,1856.5,10.879957999998524,True,0.000182448464,42.055250000000655
2,30,2,14,20231795,True,2,18658;28217,True,1,17517,5920.5,10.317708999998843,True,6.98951e-07,40.230875000000665
2,30,2,13,20231794,True,2,2738;25555,True,2,3480;25938,562.5,13.417458000001048,True,4.2103497e-05,45.51941700000128
2,30,2,15,20231796,True,2,12322;28141,True,2,13230;12094,7569.5,11.471750000000114,True,1.16901e-07,48.00166600000111
2,30,2,16,20231797,True,2,22894;26829,False,0,,,8.285292000000055,False,0.006896552164,46.56841700000136
2,30,2,17,20231798,True,2,9049;16249,True,2,8750;16469,259.5,11.473457999999326,True,5.49176e-07,45.75524999999914
2,30,2,18,20231799,True,2,17685;21155,True,1,18010,1735.0,11.993958999999776,True,4.2103493e-05,44.11216699999976
2,30,2,19,20231800,True,2,7747;26472,False,0,,,6.002249999999876,True,6.98951e-07,43.06920800000036
2,30,2,20,20231801,True,2,20999;27657,True,2,19480;21230,3329.0,11.505874999999222,True,1.1788978e-05,40.40637499999988
2,30,2,21,20231802,True,2,6020;9211,False,0,,,6.853291000000539,True,0.000210517464,37.997999999999976
2,30,2,24,20231805,True,2,21298;23364,False,0,,,7.5459580000014626,True,0.000985221821,45.751333000000116
2,30,2,23,20231804,True,2,11104;27137,True,1,10884,8236.5,12.00745900000122,True,1.16901e-07,45.67108300000022
2,30,2,22,20231803,True,2,5745;13828,True,3,5934;4181;14061,211.0,13.718624999999207,True,1.1788978e-05,45.248374999999896
2,30,2,27,20231808,True,2,15167;18736,False,0,,,6.340458000000382,True,4.2103493e-05,46.963334000000856
2,30,2,25,20231806,True,2,9522;23384,True,2,10515;22946,715.5,12.129790999999557,True,1.03148e-07,48.76333300000013
2,30,2,26,20231807,True,2,8444;13783,True,1,13722,2669.5,10.470125000001218,True,6.98951e-07,46.77258300000098
2,30,2,28,20231809,True,2,14345;25228,True,2,24940;14662,302.5,14.568833000000225,True,1.50301e-07,41.65920800000045
2,30,2,29,20231810,True,2,21402;25980,False,0,,,8.276833000000039,False,1.0,37.85879199999975
2,30,2,30,20231811,True,2,15567;19540,False,0,,,7.811874999999802,True,0.000182448464,40.45591700000095
2,30,2,31,20231812,True,2,2949;17885,True,1,18030,7613.0,10.96904200000104,True,1.50301e-07,48.099208000000004
2,30,2,34,20231815,True,2,14951;19197,False,0,,,5.556832999999983,True,4.2103493e-05,47.82320900000059
2,30,2,32,20231813,True,2,10516;25730,True,3,10560;9641;26086,200.0,14.350832999999952,True,1.03148e-07,49.81816699999975
2,30,2,35,20231816,True,2,26235;28306,False,0,,,6.081667000000124,False,1.0,50.4746659999995
2,30,2,36,20231817,True,2,18034;21173,False,0,,,7.900791999999157,False,1.0,47.445584000000096
2,30,2,33,20231814,True,2,5796;26549,True,2,26614;5990,129.5,16.494375000000616,True,6.98951e-07,47.446209000000295
2,30,2,37,20231818,True,2,10830;17909,False,0,,,7.606958000000219,True,6.98951e-07,40.566707999998286
2,30,2,38,20231819,True,2,23348;26660,True,1,23433,1656.0,12.920082999999138,True,4.2103493e-05,38.16504099999918
2,30,2,42,20231823,True,2,20542;27727,False,0,,,6.450250000000324,True,0.000182448464,50.38016600000006
2,30,2,40,20231821,True,2,16978;28345,True,1,16981,5683.5,10.81775000000107,True,3.929659e-06,57.01074999999989
2,30,2,39,20231820,True,2,13762;24539,True,2,24878;13730,185.5,13.218541999998834,True,2.1967e-07,56.640124999999486
2,30,2,43,20231824,True,2,22091;27240,True,1,22032,2633.5,8.909875000000511,True,1.1788978e-05,57.0271670000011
2,30,2,41,20231822,True,2,23544;27715,True,1,23063,2566.5,13.024458000000294,True,1.1788978e-05,57.41558399999924
2,30,2,44,20231825,True,2,12046;27634,True,1,11998,7842.0,10.226416999998378,True,1.03148e-07,54.66691700000048
2,30,2,45,20231826,True,2,22515;24602,False,0,,,6.333582999999976,False,0.006896552164,55.579666999999944
2,30,2,46,20231827,True,2,12559;20264,False,0,,,6.578249999998675,True,4.2103493e-05,41.536332999999814
2,30,2,47,20231828,True,2,15955;20694,False,0,,,7.287833000001243,True,0.000985221821,38.19341700000045
2,50,0,2,20231833,True,2,24763;26472,False,0,,,6.204750000000203,False,1.0,42.66762499999999
2,30,2,48,20231829,True,2,21323;23595,False,0,,,7.024334000000465,False,1.0,48.186334000000386
2,50,0,1,20231832,True,2,21158;25825,True,2,21068;25810,52.5,13.034334000000314,True,1.6764e-08,48.76970800000002
2,50,0,3,20231834,True,2,6082;17328,True,2,6094;18026,355.0,11.408375000000248,True,1e-12,46.716083999999825
2,50,0,4,20231835,True,2,8403;27098,True,1,7839,9911.5,12.346875000000423,True,1.071e-09,38.201542000001254
2,50,0,0,20231831,True,2,19318;26501,True,2,19250;26642,104.5,12.452416999998661,True,1.41e-10,50.434458999999876
2,30,2,49,20231830,True,2,4840;22290,True,2,22630;4812,184.0,16.447417000000186,True,1.50301e-07,47.84124999999939
2,50,0,5,20231836,True,2,16642;26251,True,2,26295;16632,27.0,14.456041999999059,True,3e-12,39.319542000001206
2,50,0,7,20231838,True,2,7853;19883,True,2,7967;19570,213.5,11.058499999998972,True,1e-12,44.003667000000135
2,50,0,6,20231837,True,2,10922;28317,True,1,10695,8924.5,11.883167000000583,True,0.0,44.9052089999995
2,50,0,9,20231840,True,2,5370;7779,False,0,,,6.59112499999992,False,1.0,40.14175000000009
2,50,0,8,20231839,True,2,3119;13147,True,3,13894;4342;12472,949.0,13.492625000001368,True,3.991e-09,45.506374999998656
2,50,0,10,20231841,True,2,20136;22879,True,2,24762;20134,942.5,12.076915999999827,True,3.991e-09,44.568250000001086
2,50,0,11,20231842,True,2,19788;24813,True,2,24613;18972,508.0,13.04691700000049,True,1.071e-09,45.95429200000112
2,50,0,12,20231843,True,2,5878;24719,True,3,5762;3891;24777,87.0,11.540874999999673,True,1.07e-10,44.596374999999355
2,50,0,13,20231844,True,2,11289;13395,False,0,,,7.182959000001432,True,2.359871e-05,38.656500000000094
2,50,0,14,20231845,True,2,6447;9144,False,0,,,7.491332999999045,True,0.000204081647,41.313583000000875
2,50,0,15,20231846,True,2,17445;21252,False,0,,,7.54791699999835,True,4.40509e-07,41.541582999998994
2,50,0,16,20231847,True,2,17926;26746,True,1,17730,4606.0,11.233374999999768,True,7e-12,38.07262499999986
2,50,0,17,20231848,True,2,18515;21662,False,0,,,7.264708000001008,True,8.0093e-08,39.60904100000029
2,50,0,19,20231850,True,2,12942;15785,False,0,,,7.001750000000584,True,2.359871e-05,44.001291999999026
2,50,0,18,20231849,True,2,18346;26908,True,2,18266;24940,1024.0,11.752625000001515,True,3.991e-09,44.14458299999957
2,50,0,20,20231851,True,2,3059;24116,True,1,24400,10812.5,11.955792000000187,True,1e-12,42.86900000000138
2,50,0,21,20231852,True,2,12836;14342,False,0,,,6.673000000001039,False,1.0,42.11887499999989
2,50,0,22,20231853,True,2,13894;27148,True,1,13832,6689.0,11.693250000000432,True,0.0,43.94333300000142
2,50,0,24,20231855,True,2,25165;27454,False,0,,,7.583834000000067,True,0.000204081647,45.81629199999959
2,50,0,23,20231854,True,2,17243;24550,True,2,24124;17388,285.5,13.678750000000406,True,4.12e-10,45.63433300000064
2,50,0,25,20231856,True,2,17903;19934,False,0,,,7.542750000000709,True,0.002448979532,40.67245799999952
2,50,0,28,20231859,True,2,26649;28279,True,1,26378,1086.0,9.586083999998607,True,4.40509e-07,42.94345799999988
2,50,0,26,20231857,True,2,16712;24251,True,2,18071;24200,705.0,14.860333999999753,True,1.07e-10,46.90612499999958
2,50,0,27,20231858,True,2,4139;22423,True,2,22523;3876,181.5,14.919374999999846,True,7e-12,45.81462500000022
2,50,0,29,20231860,True,2,12935;22754,True,2,21942;12903,422.0,11.190292000000213,True,1e-12,45.475124999999395
2,50,0,31,20231862,True,2,8955;20797,True,2,9529;20820,298.5,10.928625000000025,True,7e-12,44.70466700000131
2,50,0,30,20231861,True,2,18432;25447,True,2,25039;18702,339.0,13.332000000000122,True,1.07e-10,47.22329099999989
2,50,0,32,20231863,True,2,3312;14726,True,1,16537,7518.0,12.626833000000559,True,2e-12,46.861583000000095
2,50,0,33,20231864,True,2,18456;24766,True,2,18370;24842,81.0,15.237958000000162,True,1.6764e-08,41.98662499999983
2,50,0,36,20231867,True,2,26718;28245,False,0,,,6.079541000000077,False,1.0,46.59499999999994
2,50,0,35,20231866,True,2,15313;18244,False,0,,,6.330000000000169,True,2.831846e-06,46.86133300000073
2,50,0,34,20231865,True,2,5058;20769,True,2,5576;20594,346.5,10.501375000000479,True,0.0,49.76058300000119
2,50,0,37,20231868,True,2,9714;24965,True,3,11512;9884;24804,165.5,12.709125000000654,True,0.0,42.176708000001284
2,50,0,38,20231869,True,2,21483;28242,True,1,21452,3410.5,10.904416000000694,True,3.21e-10,42.346499999998954
2,50,0,40,20231871,True,2,26560;28099,False,0,,,6.300249999998897,False,1.0,46.866582999999906
2,50,0,39,20231870,True,2,11979;28006,True,1,12400,8013.5,11.09758300000152,True,0.0,46.417250000001076
2,50,0,41,20231872,True,2,9196;27532,True,1,9012,9352.0,12.500832999998934,True,1e-12,43.96483400000051
2,50,0,42,20231873,True,2,4191;27379,False,0,,,8.36037500000053,True,8.0093e-08,39.3763749999998
2,50,0,43,20231874,True,2,13474;27675,True,1,14906,7100.5,11.955500000000896,True,1e-12,38.256166000000036
2,50,0,44,20231875,True,2,3493;9753,True,3,3101;3422;9762,40.0,13.793666999999843,True,5.3e-11,41.06179199999893
2,50,0,45,20231876,True,2,5564;23250,True,3,6608;5672;23309,83.5,12.040499999999454,True,0.0,44.16708399999969
2,50,0,46,20231877,True,2,2255;20806,True,1,20196,9275.5,12.15745900000087,True,0.0,39.93991699999988
2,50,0,47,20231878,True,2,5765;26592,True,1,5792,10413.5,12.281124999999449,True,2e-12,42.79374999999952
2,50,0,48,20231879,True,2,14798;23161,True,2,14077;22715,583.5,12.212167000001273,True,2.2e-11,42.660874999999265
2,50,0,49,20231880,True,2,10168;26389,True,1,9602,8676.5,11.193416999999428,True,1e-12,42.198041000000686
2,50,2,0,20231881,True,2,6539;25662,True,2,5654;25768,495.5,12.776624999998987,True,1e-12,42.39437500000065
2,50,2,1,20231882,True,2,18665;23125,True,2,19095;25318,1311.5,13.388000000000844,True,2.831846e-06,40.56700000000113
2,50,2,3,20231884,True,2,22492;25885,False,0,,,6.7206249999998136,True,0.000204081647,42.09587499999934
2,50,2,2,20231883,True,2,20299;27399,True,2,26222;20379,628.5,12.589750000000066,True,7e-12,41.925082999998864
2,50,2,4,20231885,True,2,19560;23086,True,2,23090;19379,92.5,12.083249999999879,True,3.991e-09,40.17387500000069
2,50,2,6,20231887,True,2,24546;27826,False,0,,,7.143583999999592,False,1.0,41.34012499999962
2,50,2,5,20231886,True,2,25194;27798,True,1,25174,1322.0,12.646499999998895,True,4.40509e-07,42.577749999999526
2,50,2,7,20231888,True,2,12946;18129,True,2,19210;13272,703.5,13.505582999998822,True,5.00579e-07,43.41941700000085
2,50,2,10,20231891,True,2,17731;19314,False,0,,,8.159083000000678,False,1.0,43.47562499999924
2,50,2,9,20231890,True,2,12738;28399,True,1,12858,7830.5,11.177375000000822,True,1e-12,44.71845800000018
2,50,2,8,20231889,True,2,8990;24786,True,2,25289;9100,306.5,14.9630829999996,True,7e-12,44.45716699999913
2,50,2,11,20231892,True,2,2016;5668,True,2,5995;2160,235.5,13.461458000000093,True,1.6764e-08,40.651249999999806
2,50,2,12,20231893,True,2,2351;15376,True,1,15211,6512.5,10.959292000000787,True,0.0,39.405458999999254
2,50,2,13,20231894,True,2,8759;18180,True,2,18144;9064,170.5,13.08083300000007,True,1e-12,42.239166999999966
2,50,2,14,20231895,True,2,2351;22219,True,1,21381,9934.0,12.681374999999662,True,1e-12,42.54791700000027
2,50,2,15,20231896,True,2,4825;16720,True,2,4886;16852,96.5,14.777875000000051,True,7e-12,39.900917000000646
2,50,2,16,20231897,True,2,5622;17534,True,2,5274;17584,199.0,10.678249999999778,True,0.0,42.36220899999843
2,50,2,18,20231899,True,2,19498;24112,True,1,19280,2525.0,11.09279099999938,True,2.1710814e-05,47.61704200000061
2,50,2,17,20231898,True,2,15405;20436,True,2,20672;15297,172.0,12.813375000000349,True,3.21e-10,48.30629200000125
2,50,2,19,20231900,True,2,25050;27866,True,2,27752;24862,151.0,12.873792000000606,True,1.6764e-08,42.95454200000037
2,50,2,20,20231901,True,2,25474;28180,False,0,,,6.06462500000049,False,1.0,38.506542000000366
2,50,2,22,20231903,True,2,20798;23285,False,0,,,7.523917000000324,True,0.000204081647,44.14616699999918
2,50,2,21,20231902,True,2,6565;10658,True,1,10670,2058.5,12.3102080000006,True,2.831846e-06,43.385959000000085
2,50,2,23,20231904,True,2,25949;28125,True,1,26000,1088.0,11.642249999999521,True,2.1710814e-05,37.58416600000025
2,50,2,25,20231906,True,2,26527;28327,True,1,25210,2217.0,11.235499999999732,True,0.002551020356,44.18641599999873
2,50,2,24,20231905,True,2,5831;20042,True,2,6192;19674,364.5,16.072875000000764,True,3e-12,44.9485420000002
2,50,2,28,20231909,True,2,24786;26315,False,0,,,6.2533750000000055,False,1.0,45.66087499999938
2,50,2,26,20231907,True,2,16056;22391,True,2,22550;16111,107.0,12.663958000000974,True,3.9e-11,47.1756249999995
2,50,2,27,20231908,True,2,18465;27533,True,1,18116,4883.0,10.830291000001324,True,7e-12,47.40349999999971
2,50,2,29,20231910,True,2,10101;20967,True,3,9645;20172;21272,380.5,10.969542000001553,True,0.0,40.5413750000001
2,50,2,30,20231911,True,2,5991;13823,True,2,5996;13692,68.0,12.819041999998504,True,1e-12,42.50604200000119
2,50,2,31,20231912,True,2,3536;24301,True,1,24506,10587.5,11.185666000001149,True,3.21e-10,42.59883299999956
2,50,2,33,20231914,True,2,20542;27066,True,1,20604,3262.0,11.93262500000003,True,1.6764e-08,51.89920800000003
2,50,2,32,20231913,True,2,5818;13140,True,2,12458;4906,797.0,13.679833000001196,True,1.07e-10,50.96266699999852
2,50,2,34,20231915,True,2,5881;24867,True,2,25135;5361,394.0,10.751083999998912,True,3.9e-11,49.62758399999956
2,50,2,36,20231917,True,2,21716;24646,False,0,,,7.450583000000677,True,0.002448979532,48.867541999999986
2,50,2,35,20231916,True,2,20138;23671,True,2,20202;24196,294.5,12.266041000000172,True,3.21e-10,46.37766699999979
2,50,2,37,20231918,True,2,22216;26496,True,1,22160,2196.0,11.952124999998759,True,8.0093e-08,37.60124999999981
2,50,2,38,20231919,True,2,19000;24444,True,2,18507;25286,667.5,11.597708999998346,True,3.21e-10,37.935457999999755
2,50,2,39,20231920,True,2,23313;28162,True,2,23520;27770,299.5,11.724082999998942,True,1.071e-09,39.41350000000021
2,50,2,40,20231921,True,2,5170;21709,True,2,22130;5675,463.0,10.73712499999857,True,0.0,42.37233299999943
2,50,2,41,20231922,True,2,18405;23750,False,0,,,6.308792000000452,True,1.6764e-08,43.1216249999995
2,50,2,42,20231923,True,2,18791;20663,False,0,,,6.162707999999739,True,0.000217108143,43.693083000000854
2,50,2,44,20231925,True,2,5268;16093,True,2,5642;16248,264.5,11.236416999999221,True,0.0,43.83112499999875
2,50,2,43,20231924,True,2,4004;25186,True,2,25197;4043,25.0,10.011415999999329,True,0.0,44.64241700000038
2,50,2,45,20231926,True,2,1705;18289,True,1,18411,8414.0,12.071957999999938,True,0.0,40.25154200000003
2,50,2,46,20231927,True,2,1601;4636,True,1,4817,1698.5,11.65054199999993,True,0.000204081647,39.3100000000004
2,50,2,47,20231928,True,2,10948;17713,True,1,11083,3382.5,11.47087499999877,True,1.07e-10,40.09925000000081
0,10,0,0,20231931,False,0,,False,0,,,4.948209000000148,False,1.0,49.129332999999775
0,10,0,1,20231932,False,0,,False,0,,,4.567750000001425,False,1.0,49.5071669999998
0,10,0,2,20231933,False,0,,False,0,,,4.134791000000249,False,1.0,48.75554199999854
2,50,2,48,20231929,True,2,15607;24074,True,2,24270;15650,119.5,10.099624999998724,True,3e-12,49.21954199999945
2,50,2,49,20231930,True,2,16191;25975,True,2,24402;16653,1017.5,13.894625000000715,True,3.21e-10,49.346416999998866
0,10,0,3,20231934,False,0,,False,0,,,4.191875000000067,False,1.0,48.47308300000108
0,10,0,4,20231935,False,0,,False,0,,,5.0814579999993725,False,1.0,48.526917000000225
0,10,0,5,20231936,False,0,,False,0,,,3.7034170000005417,False,1.0,44.66999999999999
0,10,0,6,20231937,False,0,,False,0,,,4.146874999999994,False,1.0,38.85687500000046
0,10,0,8,20231939,False,0,,False,0,,,3.9786250000002354,False,1.0,51.3714580000002
0,10,0,7,20231938,False,0,,False,0,,,4.318042000001299,False,1.0,52.58375000000015
0,10,0,9,20231940,False,0,,False,0,,,3.87658299999849,False,1.0,52.38108300000022
0,10,0,10,20231941,False,0,,False,0,,,4.116333000000694,False,1.0,51.5210830000008
0,10,0,11,20231942,False,0,,False,0,,,3.359624999999866,False,1.0,52.26112500000113
0,10,0,12,20231943,False,0,,False,0,,,4.458333000000536,False,1.0,47.960165999999305
0,10,0,13,20231944,False,0,,False,0,,,4.767374999998353,False,1.0,47.767874999999904
0,10,0,14,20231945,False,0,,False,0,,,3.2063749999995395,False,1.0,38.811875000000384
0,10,0,15,20231946,False,0,,False,0,,,3.119750000001531,False,1.0,55.81262499999973
0,10,0,17,20231948,False,0,,False,0,,,2.7011669999996712,False,1.0,57.68950000000039
0,10,0,16,20231947,False,0,,False,0,,,4.895291000000412,False,1.0,57.17070899999932
0,10,0,18,20231949,False,0,,False,0,,,4.119999999998569,False,1.0,57.366666000000066
0,10,0,19,20231950,False,0,,False,0,,,3.9112499999998107,False,1.0,57.35266699999997
0,10,0,20,20231951,False,0,,False,0,,,3.4499590000010016,False,1.0,55.42308300000087
0,10,0,21,20231952,False,0,,False,0,,,3.7381249999999255,False,1.0,55.56224999999948
0,10,0,22,20231953,False,0,,False,0,,,4.4583750000004585,False,1.0,41.1859579999998
0,10,0,23,20231954,False,0,,False,0,,,3.5317080000005774,False,1.0,38.089833000000795
0,10,0,24,20231955,False,0,,False,0,,,4.814707999999612,False,1.0,54.9557079999996
0,10,0,25,20231956,False,0,,False,0,,,4.2668750000007805,False,1.0,56.326250000001465
0,10,0,26,20231957,False,0,,False,0,,,3.8567500000006305,False,1.0,56.39279200000047
0,10,0,27,20231958,False,0,,False,0,,,4.629583999999909,False,1.0,55.44829100000115
0,10,0,28,20231959,False,0,,False,0,,,3.9983329999984107,False,1.0,56.08891700000029
0,10,0,29,20231960,False,0,,False,0,,,4.639458999999846,False,1.0,56.18949999999856
0,10,0,30,20231961,False,0,,False,0,,,5.10733299999977,False,1.0,52.78295799999988
0,10,0,31,20231962,False,0,,False,0,,,4.243208000000109,False,1.0,41.85895800000061
0,10,0,32,20231963,False,0,,False,0,,,5.9269999999997935,False,1.0,58.50062500000064
0,10,0,33,20231964,False,0,,False,0,,,6.143459000000462,False,1.0,60.859417000001415
0,10,0,34,20231965,False,0,,False,0,,,5.011792000001236,False,1.0,61.77316700000013
0,10,0,35,20231966,False,0,,False,0,,,4.421084000000519,False,1.0,62.37858399999929
0,10,0,38,20231969,False,0,,False,0,,,4.470666000001344,False,1.0,61.12283399999896
0,10,0,36,20231967,False,0,,False,0,,,4.965750000000213,False,1.0,62.071082999999305
0,10,0,37,20231968,False,0,,False,0,,,5.745499999999737,False,1.0,61.44591700000035
0,10,0,39,20231970,False,0,,False,0,,,4.691375000000164,False,1.0,45.063750000000624
0,10,0,40,20231971,False,0,,False,0,,,5.680375000000737,False,1.0,56.22462500000047
0,10,0,41,20231972,False,0,,False,0,,,5.179999999999296,False,1.0,63.14424999999879
0,10,0,42,20231973,False,0,,False,0,,,4.409916999998487,False,1.0,64.72095800000055
0,10,0,43,20231974,False,0,,False,0,,,3.931167000001068,False,1.0,63.96100000000082
0,10,0,45,20231976,False,0,,False,0,,,4.362792000000226,False,1.0,64.2687500000001
0,10,0,44,20231975,False,0,,False,0,,,4.923250000000934,False,1.0,64.41537500000116
0,10,0,46,20231977,False,0,,False,0,,,4.6442089999985114,False,1.0,64.73145800000069
0,10,0,47,20231978,False,0,,False,0,,,3.6548750000005015,False,1.0,62.25787500000024
0,10,0,48,20231979,False,0,,False,0,,,4.411750000000936,False,1.0,37.26958400000058
0,10,0,49,20231980,False,0,,False,0,,,4.567833999999493,False,1.0,46.68799999999962
0,10,1,1,20231982,False,0,,False,0,,,3.267415999999912,False,1.0,54.82429200000105
0,10,1,2,20231983,False,0,,False,0,,,3.190749999999909,False,1.0,56.0021250000009
0,10,1,4,20231985,False,0,,False,0,,,3.293208000000547,False,1.0,55.733709000000076
0,10,1,0,20231981,False,0,,False,0,,,5.443875000000986,False,1.0,56.88045800000019
0,10,1,3,20231984,False,0,,False,0,,,4.1576660000011145,False,1.0,57.3572500000008
0,10,1,5,20231986,False,0,,False,0,,,3.105916999999181,False,1.0,55.87858300000015
0,10,1,6,20231987,False,0,,False,0,,,4.637834000000396,False,1.0,39.36095799999961
0,10,1,7,20231988,False,0,,False,0,,,5.139833000001204,False,1.0,36.547125000000236
0,10,1,8,20231989,False,0,,False,0,,,4.2357080000012814,False,1.0,51.66279199999835
0,10,1,11,20231992,False,0,,False,0,,,4.6711669999996985,False,1.0,56.593541999999886
0,10,1,9,20231990,False,0,,False,0,,,4.699958000001558,False,1.0,58.80287499999959
0,10,1,13,20231994,False,0,,False,0,,,4.22966600000052,False,1.0,57.971957999999546
0,10,1,12,20231993,False,0,,False,0,,,4.164624999999589,False,1.0,59.09300000000073
0,10,1,10,20231991,False,0,,False,0,,,3.557166999998529,False,1.0,60.627333000001116
0,10,1,14,20231995,False,0,,False,0,,,3.975958999999918,False,1.0,50.56420899999914
0,10,1,15,20231996,False,0,,False,0,,,3.197749999999999,False,1.0,39.62849999999918
0,10,1,16,20231997,False,0,,False,0,,,5.381292000000926,False,1.0,41.050750000000136
0,10,1,17,20231998,False,0,,False,0,,,4.589499999999802,False,1.0,53.04520800000034
0,10,1,18,20231999,False,0,,False,0,,,4.2003330000000005,False,1.0,59.39837499999889
0,10,1,20,20232001,False,0,,False,0,,,3.648999999999347,False,1.0,60.485124999999584
0,10,1,19,20232000,False,0,,False,0,,,3.9994169999992835,False,1.0,61.5372919999988
0,10,1,21,20232002,False,0,,False,0,,,4.190957999998801,False,1.0,61.17845900000063
0,10,1,22,20232003,False,0,,False,0,,,4.821250000000887,False,1.0,62.06937500000009
0,10,1,23,20232004,False,0,,False,0,,,4.4480829999997695,False,1.0,55.92808299999952
0,10,1,24,20232005,False,0,,False,0,,,4.281957999999975,False,1.0,39.1510420000003
0,10,1,25,20232006,False,0,,False,0,,,5.607458000000065,False,1.0,37.73599999999888
0,10,1,26,20232007,False,0,,False,0,,,3.807624999998538,False,1.0,40.41854200000117
0,10,1,27,20232008,False,0,,False,0,,,4.525375000000054,False,1.0,53.21200000000026
0,10,1,28,20232009,False,0,,False,0,,,4.541500000000198,False,1.0,55.2855000000001
0,10,1,29,20232010,False,0,,False,0,,,4.627916000000454,False,1.0,56.061458000000286
0,10,1,30,20232011,False,0,,False,0,,,6.07166600000042,False,1.0,54.09466699999932
0,10,1,31,20232012,False,0,,False,0,,,4.3216660000009455,False,1.0,55.304791000001075
0,10,1,32,20232013,False,0,,False,0,,,4.797374999998993,False,1.0,47.01104199999939
0,10,1,33,20232014,False,0,,False,0,,,4.46529199999901,False,1.0,41.611875000000964
0,10,1,34,20232015,False,0,,False,0,,,5.002207999998731,False,1.0,41.16141599999956
0,10,1,35,20232016,False,0,,False,0,,,4.149290999999167,False,1.0,44.81125000000041
0,10,1,36,20232017,False,0,,False,0,,,4.268458000000308,False,1.0,55.06629200000113
0,10,1,40,20232021,False,0,,False,0,,,3.2591669999995077,False,1.0,51.17191699999957
0,10,1,37,20232018,False,0,,False,0,,,3.0476670000005868,False,1.0,55.806541999999126
0,10,1,38,20232019,False,0,,False,0,,,3.743459000000726,False,1.0,53.4548749999999
0,10,1,39,20232020,False,0,,False,0,,,3.8102920000007146,False,1.0,53.60720799999896
0,10,1,41,20232022,False,0,,False,0,,,6.230833000000047,False,1.0,37.91937499999953
0,10,1,42,20232023,False,0,,False,0,,,4.65724999999928,False,1.0,39.52662500000059
0,10,1,43,20232024,False,0,,False,0,,,5.5084170000014865,False,1.0,36.73883299999936
0,10,1,45,20232026,False,0,,False,0,,,4.024333000000269,False,1.0,52.68075000000039
0,10,1,44,20232025,False,0,,False,0,,,3.5387910000004297,False,1.0,56.38687499999939
0,10,1,46,20232027,False,0,,False,0,,,4.447124999998664,False,1.0,58.16054199999954
0,10,1,48,20232029,False,0,,False,0,,,4.3798749999997,False,1.0,58.6397500000011
0,10,1,47,20232028,False,0,,False,0,,,4.735582999998655,False,1.0,59.14904200000137
0,10,1,49,20232030,False,0,,False,0,,,5.032125000001386,False,1.0,55.790292000001074
0,10,2,0,20232031,False,0,,False,0,,,3.4583749999992364,False,1.0,51.888958999999346
0,10,2,1,20232032,False,0,,False,0,,,3.846874999998917,False,1.0,41.188541000000356
0,10,2,2,20232033,False,0,,False,0,,,6.361791999999866,False,1.0,41.5928749999992
0,10,2,3,20232034,False,0,,False,0,,,6.31645800000058,False,1.0,48.36170899999992
0,10,2,5,20232036,False,0,,False,0,,,4.430583999999627,False,1.0,54.24933399999965
0,10,2,6,20232037,False,0,,False,0,,,4.1795829999990985,False,1.0,55.011249999999734
0,10,2,4,20232035,False,0,,False,0,,,4.222374999999445,False,1.0,54.94262500000069
0,10,2,7,20232038,False,0,,False,0,,,4.550000000000054,False,1.0,57.71499999999996
0,10,2,9,20232040,False,0,,False,0,,,5.073000000001215,False,1.0,48.3251659999997
0,10,2,8,20232039,False,0,,False,0,,,5.667665999999016,False,1.0,55.90754099999984
0,10,2,10,20232041,False,0,,False,0,,,4.324374999999492,False,1.0,41.70454199999973
0,10,2,11,20232042,False,0,,False,0,,,6.499417000000562,False,1.0,41.288209000001075
0,10,2,12,20232043,False,0,,False,0,,,4.968958000000967,False,1.0,57.34220800000145
0,10,2,13,20232044,False,0,,False,0,,,4.875624999998607,False,1.0,57.35633299999954
0,10,2,14,20232045,False,0,,False,0,,,5.171708000000663,False,1.0,56.862917000000124
0,10,2,16,20232047,False,0,,False,0,,,4.279374999999419,False,1.0,56.46237500000062
0,10,2,15,20232046,False,0,,False,0,,,4.557083999999989,False,1.0,57.211542000001
0,10,2,17,20232048,False,0,,False,0,,,4.419916999999884,False,1.0,56.36979100000161
0,10,2,18,20232049,False,0,,False,0,,,4.895125000000888,False,1.0,39.19391600000033
0,10,2,19,20232050,False,0,,False,0,,,6.693916999999772,False,1.0,40.25487500000047
0,10,2,20,20232051,False,0,,False,0,,,4.41187500000062,False,1.0,51.52799999999935
0,10,2,23,20232054,False,0,,False,0,,,4.4243340000011955,False,1.0,61.33979200000006
0,10,2,24,20232055,False,0,,False,0,,,3.3944590000007935,False,1.0,62.30154100000007
0,10,2,25,20232056,False,0,,False,0,,,4.318459000000274,False,1.0,61.50108399999965
0,10,2,21,20232052,False,0,,False,0,,,6.319749999999402,False,1.0,61.52770799999985
0,10,2,22,20232053,False,0,,False,0,,,4.4366660000001445,False,1.0,62.680832999999936
0,10,2,26,20232057,False,0,,False,0,,,5.450750000001392,False,1.0,57.64879200000017
0,10,2,27,20232058,False,0,,False,0,,,3.303415999999615,False,1.0,46.63266600000071
0,10,2,28,20232059,False,0,,False,0,,,4.560458000000267,False,1.0,40.23916600000099
0,10,2,29,20232060,False,0,,False,0,,,4.433665999998837,False,1.0,60.317916999999
0,10,2,32,20232063,False,0,,False,0,,,4.898541999999395,False,1.0,61.55337499999902
0,10,2,31,20232062,False,0,,False,0,,,4.3272080000011925,False,1.0,63.1871670000006
0,10,2,33,20232064,False,0,,False,0,,,5.837917000000914,False,1.0,62.208124999999725
0,10,2,35,20232066,False,0,,False,0,,,4.823333999999235,False,1.0,60.75099999999978
0,10,2,30,20232061,False,0,,False,0,,,4.51279100000157,False,1.0,65.49962499999928
0,10,2,34,20232065,False,0,,False,0,,,4.7788339999996765,False,1.0,63.15566700000019
0,10,2,36,20232067,False,0,,False,0,,,5.925958999998926,False,1.0,39.974208999998595
0,10,2,38,20232069,False,0,,False,0,,,4.88283299999992,False,1.0,65.89883300000032
0,10,2,39,20232070,False,0,,False,0,,,4.580875000000262,False,1.0,65.57766700000123
0,10,2,37,20232068,False,0,,False,0,,,5.701583000000454,False,1.0,67.84133399999881
0,10,2,40,20232071,False,0,,False,0,,,4.5541250000002975,False,1.0,65.88804200000098
0,10,2,41,20232072,False,0,,False,0,,,4.1487089999989735,False,1.0,65.01749999999973
0,10,2,42,20232073,False,0,,False,0,,,4.71950000000021,False,1.0,65.81974999999929
0,10,2,43,20232074,False,0,,False,0,,,4.923584000000147,False,1.0,66.04933400000057
0,10,2,44,20232075,False,0,,False,0,,,5.537625000000546,False,1.0,57.39895800000028
0,10,2,45,20232076,False,0,,False,0,,,5.8204160000006055,False,1.0,44.07141699999961
0,10,3,0,20232081,False,0,,False,0,,,4.488374999999323,False,1.0,42.715167000000775
0,10,2,49,20232080,False,0,,False,0,,,4.117417000001566,False,1.0,44.0562920000005
0,10,2,46,20232077,False,0,,False,0,,,4.209375000000293,False,1.0,45.24870899999911
0,10,2,47,20232078,False,0,,False,0,,,5.552500000000293,False,1.0,389.500666
0,10,3,5,20232086,False,0,,False,0,,,7.572667000001587,False,1.0,176.86162499999904
0,10,3,1,20232082,False,0,,False,0,,,5.104333999998545,False,1.0,388.2579579999987
0,10,3,6,20232087,False,0,,False,0,,,5.477250000000211,False,1.0,178.42766699999936
0,10,3,4,20232085,False,0,,False,0,,,7.000666999999794,False,1.0,178.42779100000072
0,10,2,48,20232079,False,0,,False,0,,,4.890791999999422,False,1.0,390.81366599999967
0,10,3,3,20232084,False,0,,False,0,,,6.442665999999875,False,1.0,178.99400000000122
0,10,3,2,20232083,False,0,,False,0,,,4.2668750000007805,False,1.0,388.4387919999988
0,10,3,7,20232088,False,0,,False,0,,,5.3093749999995055,False,1.0,69.50862499999921
0,10,3,9,20232090,False,0,,False,0,,,5.60216699999927,False,1.0,68.36179199999926
0,10,3,10,20232091,False,0,,False,0,,,5.74354199999938,False,1.0,69.15658399999991
0,10,3,8,20232089,False,0,,False,0,,,5.339958000000422,False,1.0,70.27754200000125
0,10,3,12,20232093,False,0,,False,0,,,5.788416999999768,False,1.0,69.18004199999928
0,10,3,13,20232094,False,0,,False,0,,,6.829333000000659,False,1.0,69.10266600000092
0,10,3,14,20232095,False,0,,False,0,,,5.913208000000836,False,1.0,70.13858300000031
0,10,3,11,20232092,False,0,,False,0,,,6.343917000000587,False,1.0,72.23766699999956
0,10,3,17,20232098,False,0,,False,0,,,3.8622920000008776,False,1.0,68.44041599999962
0,10,3,20,20232101,False,0,,False,0,,,3.2426250000003876,False,1.0,68.19825000000002
0,10,3,15,20232096,False,0,,False,0,,,5.633082999999317,False,1.0,69.20037499999943
0,10,3,16,20232097,False,0,,False,0,,,5.213291999998759,False,1.0,69.48933400000001
0,10,3,18,20232099,False,0,,False,0,,,4.4709999999987815,False,1.0,70.77729199999894
0,10,3,21,20232102,False,0,,False,0,,,4.0919999999999845,False,1.0,70.29183300000064
0,10,3,22,20232103,False,0,,False,0,,,3.918000000000532,False,1.0,69.30341700000042
0,10,3,19,20232100,False,0,,False,0,,,4.946917000001605,False,1.0,70.60566600000051
0,10,3,23,20232104,False,0,,False,0,,,5.474874999999102,False,1.0,64.10145799999967
0,10,3,24,20232105,False,0,,False,0,,,4.876959000000625,False,1.0,64.21508299999878
0,10,3,25,20232106,False,0,,False,0,,,4.564124999999919,False,1.0,65.90875000000018
0,10,3,26,20232107,False,0,,False,0,,,4.094666000000302,False,1.0,65.33033300000035
0,10,3,28,20232109,False,0,,False,0,,,4.377124999999538,False,1.0,65.79599999999886
0,10,3,27,20232108,False,0,,False,0,,,4.626499999998757,False,1.0,65.95229200000041
0,10,3,30,20232111,False,0,,False,0,,,3.837749999998863,False,1.0,67.75270900000052
0,10,3,29,20232110,False,0,,False,0,,,5.022124999999988,False,1.0,66.69391700000027
0,10,3,31,20232112,False,0,,False,0,,,5.334208000000729,False,1.0,62.741292000000115
0,10,3,32,20232113,False,0,,False,0,,,4.3205830000001555,False,1.0,65.43379100000024
0,10,3,33,20232114,False,0,,False,0,,,4.327291000000955,False,1.0,65.2415830000006
0,10,3,36,20232117,False,0,,False,0,,,5.119750000000423,False,1.0,65.61087500000085
0,10,3,34,20232115,False,0,,False,0,,,5.86029199999949,False,1.0,66.4230830000001
0,10,3,35,20232116,False,0,,False,0,,,4.324542000000875,False,1.0,66.83429199999935
0,10,3,37,20232118,False,0,,False,0,,,4.628375000001128,False,1.0,65.30391700000138
0,10,3,38,20232119,False,0,,False,0,,,5.218750000000938,False,1.0,63.400250000000824
0,10,3,39,20232120,False,0,,False,0,,,6.543875000000199,False,1.0,62.434624999999855
0,10,3,40,20232121,False,0,,False,0,,,5.443249999999011,False,1.0,62.27550000000015
0,10,3,44,20232125,False,0,,False,0,,,4.427583000000013,False,1.0,62.854749999999626
0,10,3,41,20232122,False,0,,False,0,,,5.891333000000998,False,1.0,64.74958299999933
0,10,3,43,20232124,False,0,,False,0,,,3.842167000000174,False,1.0,64.22916699999881
0,10,3,45,20232126,False,0,,False,0,,,5.886832999999925,False,1.0,62.91249999999948
0,10,3,42,20232123,False,0,,False,0,,,4.951457999998965,False,1.0,64.86741700000032
0,10,3,46,20232127,False,0,,False,0,,,5.2509999999994506,False,1.0,64.85987499999979
0,10,3,48,20232129,False,0,,False,0,,,5.169208999999952,False,1.0,52.22870899999954
0,10,3,47,20232128,False,0,,False,0,,,5.52912500000069,False,1.0,57.15183300000071
0,10,3,49,20232130,False,0,,False,0,,,4.594082999998861,False,1.0,59.49883299999925
0,20,0,0,20232131,False,0,,False,0,,,5.151791999999489,False,1.0,58.498291000001146
0,20,0,4,20232135,False,0,,False,0,,,6.543708999998898,False,1.0,57.88420799999905
0,20,0,2,20232133,False,0,,False,0,,,5.573541000000404,False,1.0,59.99829199999951
0,20,0,3,20232134,False,0,,False,0,,,5.332082999998988,False,1.0,60.65887499999967
0,20,0,1,20232132,False,0,,False,0,,,5.944999999998757,False,1.0,61.088542000000245
0,20,0,5,20232136,False,0,,False,0,,,6.1468329999989635,False,1.0,39.56779099999963
0,20,0,6,20232137,False,0,,False,0,,,6.223374999999365,False,1.0,38.93583300000003
0,20,0,8,20232139,False,0,,False,0,,,5.739041,False,1.0,52.87762499999893
0,20,0,7,20232138,False,0,,False,0,,,4.947333000000498,False,1.0,55.43395800000006
0,20,0,12,20232143,False,0,,False,0,,,5.330999999999975,False,1.0,55.73637500000039
0,20,0,9,20232140,False,0,,False,0,,,5.6704169999992615,False,1.0,57.312666999999706
0,20,0,10,20232141,False,0,,False,0,,,6.715374999998858,False,1.0,56.918500000000094
0,20,0,11,20232142,False,0,,False,0,,,5.546000000000717,False,1.0,58.87562500000065
0,20,0,13,20232144,False,0,,False,0,,,6.0500409999999505,False,1.0,44.21070899999968
0,20,0,14,20232145,False,0,,False,0,,,6.023208000000224,False,1.0,42.348625000000695
0,20,0,16,20232147,False,0,,False,0,,,4.299041000001225,False,1.0,52.215708000000305
0,20,0,15,20232146,False,0,,False,0,,,6.233500000000447,False,1.0,52.19354199999948
0,20,0,18,20232149,False,0,,False,0,,,5.4154999999997955,False,1.0,53.08191600000001
0,20,0,19,20232150,False,0,,False,0,,,4.90941700000036,False,1.0,53.33304100000014
0,20,0,17,20232148,False,0,,False,0,,,4.869957999998675,False,1.0,54.3583750000014
0,20,0,20,20232151,False,0,,False,0,,,5.389499999999714,False,1.0,51.63012499999908
0,20,0,22,20232153,False,0,,False,0,,,5.147291000000109,False,1.0,42.6499999999983
0,20,0,21,20232152,False,0,,False,0,,,6.36233300000022,False,1.0,45.77720799999874
0,20,0,23,20232154,False,0,,False,0,,,6.043791999999826,False,1.0,46.06283300000058
0,20,0,24,20232155,False,0,,False,0,,,6.6144999999995235,False,1.0,52.58912500000079
0,20,0,27,20232158,False,0,,False,0,,,5.367083999999522,False,1.0,52.84870900000094
0,20,0,26,20232157,False,0,,False,0,,,6.568542000000122,False,1.0,54.10983300000005
0,20,0,28,20232159,False,0,,False,0,,,5.0791669999998845,False,1.0,53.05229200000028
0,20,0,25,20232156,False,0,,False,0,,,6.087999999998317,False,1.0,54.33675000000093
0,20,0,30,20232161,False,0,,False,0,,,5.4499579999998105,False,1.0,47.10512499999986
0,20,0,29,20232160,False,0,,False,0,,,5.258958000000646,False,1.0,48.57479199999837
0,20,0,31,20232162,False,0,,False,0,,,8.083833000000595,False,1.0,39.89141699999976
0,20,0,32,20232163,False,0,,False,0,,,6.191125000000852,False,1.0,38.63025000000064
0,20,0,33,20232164,False,0,,False,0,,,5.990374999999659,False,1.0,49.69979199999841
0,20,0,35,20232166,False,0,,False,0,,,6.0778750000007875,False,1.0,48.3851659999992
0,20,0,36,20232167,False,0,,False,0,,,6.975291999999911,False,1.0,49.37349999999974
0,20,0,34,20232165,False,0,,False,0,,,5.310915999999111,False,1.0,50.34195800000063
0,20,0,38,20232169,False,0,,False,0,,,5.776291999998406,False,1.0,46.86145800000041
0,20,0,37,20232168,False,0,,False,0,,,6.207291000000836,False,1.0,47.4031669999988
0,20,0,39,20232170,False,0,,False,0,,,4.982541999998702,False,1.0,40.88533399999861
0,20,0,40,20232171,False,0,,False,0,,,6.262707999999506,False,1.0,40.23537499999996
0,20,0,43,20232174,False,0,,False,0,,,4.6165000000009115,False,1.0,52.999916999999286
0,20,0,41,20232172,False,0,,False,0,,,6.144834000000543,False,1.0,53.275583999999654
0,20,0,42,20232173,False,0,,False,0,,,6.140291999999548,False,1.0,53.95445799999976
0,20,0,44,20232175,False,0,,False,0,,,6.117332999998837,False,1.0,53.04370900000066
0,20,0,46,20232177,False,0,,False,0,,,6.148292000000666,False,1.0,51.65400000000098
0,20,0,45,20232176,False,0,,False,0,,,6.68754199999988,False,1.0,51.34974999999997
0,20,0,47,20232178,False,0,,False,0,,,5.582083000000182,False,1.0,38.75020899999981
0,20,0,48,20232179,False,0,,False,0,,,5.3842919999986805,False,1.0,38.803833999999426
0,20,1,1,20232182,False,0,,False,0,,,4.9118329999995325,False,1.0,56.07483300000027
0,20,1,0,20232181,False,0,,False,0,,,5.04274999999943,False,1.0,57.085916000000125
0,20,0,49,20232180,False,0,,False,0,,,6.043915999999427,False,1.0,57.12479199999976
0,20,1,2,20232183,False,0,,False,0,,,5.832584000000196,False,1.0,55.36962499999909
0,20,1,3,20232184,False,0,,False,0,,,6.383874999999151,False,1.0,56.71145800000055
0,20,1,4,20232185,False,0,,False,0,,,5.884875000001344,False,1.0,57.14591699999971
0,20,1,5,20232186,False,0,,False,0,,,5.568041000000079,False,1.0,53.39862499999981
0,20,1,6,20232187,False,0,,False,0,,,5.9000419999986065,False,1.0,50.90695800000056
0,20,1,7,20232188,False,0,,False,0,,,5.68795899999941,False,1.0,49.59129100000048
0,20,1,8,20232189,False,0,,False,0,,,7.274083000000431,False,1.0,53.970582999999905
0,20,1,10,20232191,False,0,,False,0,,,4.633584000000468,False,1.0,55.847542000000416
0,20,1,9,20232190,False,0,,False,0,,,5.911832999998978,False,1.0,56.24070799999892
0,20,1,11,20232192,False,0,,False,0,,,4.636208000000863,False,1.0,55.963833999999935
0,20,1,12,20232193,False,0,,False,0,,,5.318208999998575,False,1.0,56.161041999999384
0,20,1,14,20232195,False,0,,False,0,,,5.882458999998619,False,1.0,54.78420799999917
0,20,1,13,20232194,False,0,,False,0,,,5.4833329999990355,False,1.0,57.05554199999874
0,20,1,15,20232196,False,0,,False,0,,,6.603667000000257,False,1.0,37.90441599999994
0,20,1,17,20232198,False,0,,False,0,,,5.093167000000065,False,1.0,55.783499999998654
0,20,1,18,20232199,False,0,,False,0,,,4.867749999998949,False,1.0,54.08083300000044
0,20,1,16,20232197,False,0,,False,0,,,5.908917000001068,False,1.0,55.65149999999974
0,20,1,19,20232200,False,0,,False,0,,,5.4713329999991345,False,1.0,54.93329200000119
0,20,1,20,20232201,False,0,,False,0,,,6.322667000000948,False,1.0,53.948166999999714
0,20,1,22,20232203,False,0,,False,0,,,5.265167000001014,False,1.0,54.52745900000089
0,20,1,21,20232202,False,0,,False,0,,,5.818582999999933,False,1.0,54.63166700000066
0,20,1,23,20232204,False,0,,False,0,,,7.17087499999991,False,1.0,40.048583000000804
0,20,1,24,20232205,False,0,,False,0,,,6.309249999999267,False,1.0,58.45870799999986
0,20,1,26,20232207,False,0,,False,0,,,6.3195829999997954,False,1.0,58.28541700000045
0,20,1,27,20232208,False,0,,False,0,,,5.867667000000409,False,1.0,58.03208300000051
0,20,1,28,20232209,False,0,,False,0,,,4.624833000001161,False,1.0,58.4907500000007
0,20,1,29,20232210,False,0,,False,0,,,5.87629199999995,False,1.0,57.59262500000162
0,20,1,30,20232211,False,0,,False,0,,,4.751750000000499,False,1.0,58.21500000000057
0,20,1,25,20232206,False,0,,False,0,,,6.0264169999992845,False,1.0,64.12641700000066
0,20,1,31,20232212,False,0,,False,0,,,4.919749999999112,False,1.0,45.72479199999968
0,20,1,33,20232214,False,0,,False,0,,,4.335833000000733,False,1.0,54.39716599999933
0,20,1,32,20232213,False,0,,False,0,,,5.765374999999295,False,1.0,62.030832999999674
0,20,1,34,20232215,False,0,,False,0,,,4.986999999999853,False,1.0,63.84845800000072
0,20,1,35,20232216,False,0,,False,0,,,4.507750000000144,False,1.0,62.75320800000017
0,20,1,37,20232218,False,0,,False,0,,,5.415292000000349,False,1.0,64.03816699999965
0,20,1,38,20232219,False,0,,False,0,,,5.258790999999263,False,1.0,62.14775000000117
0,20,1,39,20232220,False,0,,False,0,,,5.759416000000073,False,1.0,58.536042000000066
0,20,1,36,20232217,False,0,,False,0,,,5.6284160000004135,False,1.0,64.14524999999927
0,20,1,40,20232221,False,0,,False,0,,,6.867375000000564,False,1.0,37.69520800000059
0,20,1,41,20232222,False,0,,False,0,,,6.570332999999096,False,1.0,37.455749999999455
0,20,1,42,20232223,False,0,,False,0,,,6.161875000000094,False,1.0,52.465875000001105
0,20,1,43,20232224,False,0,,False,0,,,6.496542000000716,False,1.0,52.45587499999971
0,20,1,44,20232225,False,0,,False,0,,,6.687957999998773,False,1.0,53.85162500000007
0,20,1,45,20232226,False,0,,False,0,,,6.705458000000775,False,1.0,55.08141699999847
0,20,1,47,20232228,False,0,,False,0,,,5.11162499999962,False,1.0,55.61241700000075
0,20,1,46,20232227,False,0,,False,0,,,7.135416000000561,False,1.0,54.39679200000036
0,20,1,48,20232229,False,0,,False,0,,,4.653833000000773,False,1.0,39.82991599999863
0,20,1,49,20232230,False,0,,False,0,,,5.7780420000010935,False,1.0,40.44820799999904
0,20,2,0,20232231,False,0,,False,0,,,6.754708000000775,False,1.0,48.6398329999993
0,20,2,1,20232232,False,0,,False,0,,,6.705375000001013,False,1.0,49.364125000000314
0,20,2,4,20232235,False,0,,False,0,,,4.971083000000931,False,1.0,51.30812500000026
0,20,2,3,20232234,False,0,,False,0,,,4.989458000000724,False,1.0,52.94424999999947
0,20,2,5,20232236,False,0,,False,0,,,6.779540999998446,False,1.0,52.262582999999196
0,20,2,2,20232233,False,0,,False,0,,,5.623041999999856,False,1.0,54.42525000000131
0,20,2,6,20232237,False,0,,False,0,,,6.623708000001116,False,1.0,42.02899999999943
0,20,2,7,20232238,False,0,,False,0,,,5.968375000000137,False,1.0,39.97779200000018
0,20,2,9,20232240,False,0,,False,0,,,5.590459000000436,False,1.0,41.92733400000037
0,20,2,8,20232239,False,0,,False,0,,,6.203499999999806,False,1.0,44.22791600000053
0,20,2,10,20232241,False,0,,False,0,,,6.071333999999595,False,1.0,48.2785830000001
0,20,2,11,20232242,False,0,,False,0,,,4.6180420000005995,False,1.0,50.105917000001554
0,20,2,13,20232244,False,0,,False,0,,,5.3740409999996075,False,1.0,49.5020420000003
0,20,2,12,20232243,False,0,,False,0,,,5.829499999999044,False,1.0,49.450666000000254
0,20,2,14,20232245,False,0,,False,0,,,7.174250000000271,False,1.0,48.2614580000007
0,20,2,15,20232246,False,0,,False,0,,,6.081208999999532,False,1.0,45.968374999999284
0,20,2,16,20232247,False,0,,False,0,,,6.497083999999376,False,1.0,43.233624999999165
0,20,2,17,20232248,False,0,,False,0,,,6.6384169999995635,False,1.0,40.424208000001016
0,20,2,19,20232250,False,0,,False,0,,,5.148375000000982,False,1.0,50.8757089999996
0,20,2,20,20232251,False,0,,False,0,,,5.168665999999433,False,1.0,49.90354200000091
0,20,2,21,20232252,False,0,,False,0,,,4.648500000000055,False,1.0,51.02004099999924
0,20,2,18,20232249,False,0,,False,0,,,7.080249999999566,False,1.0,52.22212500000012
0,20,2,22,20232253,False,0,,False,0,,,6.269416999998612,False,1.0,49.455874999999594
0,20,2,23,20232254,False,0,,False,0,,,5.900999999999712,False,1.0,49.636124999999254
0,20,2,24,20232255,False,0,,False,0,,,5.013707999999895,False,1.0,42.33041700000051
0,20,2,25,20232256,False,0,,False,0,,,6.398958000000121,False,1.0,43.200125000000256
0,20,2,27,20232258,False,0,,False,0,,,6.229417000000126,False,1.0,52.517334000000915
0,20,2,28,20232259,False,0,,False,0,,,5.692292000000876,False,1.0,53.64770899999982
0,20,2,29,20232260,False,0,,False,0,,,5.114458000001321,False,1.0,54.29208299999999
0,20,2,26,20232257,False,0,,False,0,,,5.72916699999837,False,1.0,55.26670900000141
0,20,2,30,20232261,False,0,,False,0,,,5.065333999999311,False,1.0,52.915125000000174
0,20,2,31,20232262,False,0,,False,0,,,5.946542000000221,False,1.0,52.086582999999465
0,20,2,33,20232264,False,0,,False,0,,,5.799708999999709,False,1.0,42.56849999999979
0,20,2,32,20232263,False,0,,False,0,,,4.968124999999546,False,1.0,45.66983399999991
0,20,2,35,20232266,False,0,,False,0,,,5.174457999999049,False,1.0,50.39704200000017
0,20,2,36,20232267,False,0,,False,0,,,4.293125000000231,False,1.0,51.65716600000003
0,20,2,37,20232268,False,0,,False,0,,,5.878292000000229,False,1.0,54.385625000000104
0,20,2,34,20232265,False,0,,True,1,5124,,9.142082999998635,False,1.0,51.79245799999954
0,20,2,39,20232270,False,0,,False,0,,,6.311583000000454,False,1.0,50.71104199999965
0,20,2,38,20232269,False,0,,False,0,,,6.4416250000007835,False,1.0,51.73570799999894
0,20,2,40,20232271,False,0,,False,0,,,5.881834000000197,False,1.0,43.151166999999546
0,20,2,41,20232272,False,0,,False,0,,,6.9682919999998205,False,1.0,42.505959000001425
0,20,2,42,20232273,False,0,,False,0,,,5.548457999999812,False,1.0,46.42033299999859
0,20,2,43,20232274,False,0,,False,0,,,5.678207999999074,False,1.0,51.465666000000354
0,20,2,45,20232276,False,0,,False,0,,,5.548917000000486,False,1.0,57.087416999999974
0,20,2,46,20232277,False,0,,False,0,,,6.134707999999378,False,1.0,57.251833000000474
0,20,2,47,20232278,False,0,,False,0,,,5.187375000000216,False,1.0,57.811250000000314
0,20,2,44,20232275,False,0,,False,0,,,6.4766249999994585,False,1.0,59.81962499999938
0,20,2,49,20232280,False,0,,False,0,,,5.128416999999885,False,1.0,52.905333
0,20,2,48,20232279,False,0,,False,0,,,5.9930420000000595,False,1.0,54.574875000000134
0,20,3,0,20232281,False,0,,False,0,,,5.549207999999695,False,1.0,37.89674999999981
0,20,3,1,20232282,False,0,,False,0,,,6.762291999999448,False,1.0,39.54995899999858
0,20,3,2,20232283,False,0,,False,0,,,6.34362499999952,False,1.0,53.03695899999994
0,20,3,3,20232284,False,0,,False,0,,,5.014792000000767,False,1.0,54.62395800000053
0,20,3,5,20232286,False,0,,False,0,,,4.874083000000695,False,1.0,55.41116699999904
0,20,3,6,20232287,False,0,,False,0,,,5.434958999998685,False,1.0,55.05224999999925
0,20,3,4,20232285,False,0,,False,0,,,6.202500000000555,False,1.0,56.02791699999976
0,20,3,7,20232288,False,0,,False,0,,,5.244999999998612,False,1.0,55.69729199999962
0,20,3,8,20232289,False,0,,False,0,,,5.87699999999991,False,1.0,39.04616700000041
0,20,3,9,20232290,False,0,,False,0,,,5.762458000001303,False,1.0,38.21958300000006
0,20,3,10,20232291,False,0,,False,0,,,5.47587500000013,False,1.0,45.688667000000294
0,20,3,12,20232293,False,0,,False,0,,,4.8657920000003685,False,1.0,52.32600000000076
0,20,3,11,20232292,False,0,,False,0,,,5.948749999999947,False,1.0,53.123583999999724
0,20,3,14,20232295,False,0,,False,0,,,5.696541000000721,False,1.0,53.119374999999636
0,20,3,15,20232296,False,0,,False,0,,,6.811290999999997,False,1.0,51.76874999999903
0,20,3,13,20232294,False,0,,False,0,,,6.292624999998608,False,1.0,53.22116600000015
0,20,3,17,20232298,False,0,,False,0,,,5.515541000001178,False,1.0,43.992750000001024
0,20,3,16,20232297,False,0,,False,0,,,6.62312500000084,False,1.0,47.95741599999914
0,20,3,18,20232299,False,0,,False,0,,,6.6609169999996,False,1.0,39.99079199999933
0,20,3,20,20232301,False,0,,False,0,,,6.337416000000928,False,1.0,52.74541600000049
0,20,3,21,20232302,False,0,,False,0,,,6.857583000000389,False,1.0,52.99270899999975
0,20,3,22,20232303,False,0,,False,0,,,6.583708000000854,False,1.0,52.95058300000122
0,20,3,19,20232300,False,0,,False,0,,,6.836124999999527,False,1.0,55.86795900000041
0,20,3,23,20232304,False,0,,False,0,,,6.763375000000238,False,1.0,52.5526670000005
0,20,3,24,20232305,False,0,,False,0,,,5.839542000000364,False,1.0,51.00574999999985
0,20,3,25,20232306,False,0,,False,0,,,7.952750000001174,False,1.0,49.83424999999997
0,20,3,26,20232307,False,0,,False,0,,,6.919832999999542,False,1.0,38.87125000000147
0,20,3,28,20232309,False,0,,False,0,,,6.325000000000358,False,1.0,53.57366700000021
0,20,3,29,20232310,False,0,,False,0,,,6.1024169999992495,False,1.0,53.90108299999952
0,20,3,30,20232311,False,0,,False,0,,,6.337083000000021,False,1.0,56.77437499999982
0,20,3,27,20232308,False,0,,False,0,,,6.766833000000361,False,1.0,59.11200000000072
0,20,3,31,20232312,False,0,,False,0,,,6.681624999998803,False,1.0,57.10358299999996
0,20,3,32,20232313,False,0,,False,0,,,4.888958000000443,False,1.0,57.14191700000093
0,20,3,33,20232314,False,0,,False,0,,,6.251959000000085,False,1.0,56.37158400000075
0,20,3,34,20232315,False,0,,False,0,,,6.102957999999603,False,1.0,42.430208000000746
0,20,3,36,20232317,False,0,,False,0,,,5.9822499999988565,False,1.0,52.32008399999977
0,20,3,35,20232316,False,0,,False,0,,,5.978332999999836,False,1.0,62.00445900000062
0,20,3,37,20232318,False,0,,False,0,,,4.764166999999375,False,1.0,60.48495799999998
0,20,3,39,20232320,False,0,,False,0,,,5.507082999999469,False,1.0,61.150790999999316
0,20,3,38,20232319,False,0,,False,0,,,5.940416999999698,False,1.0,61.749416999999696
0,20,3,40,20232321,False,0,,False,0,,,5.823416000000137,False,1.0,60.337875000000096
0,20,3,42,20232323,False,0,,False,0,,,6.510624999998882,False,1.0,57.71266700000055
0,20,3,41,20232322,False,0,,False,0,,,6.179791999999296,False,1.0,59.34995800000031
0,20,3,43,20232324,False,0,,False,0,,,6.451165999999731,False,1.0,38.01395799999874
0,20,3,45,20232326,False,0,,False,0,,,6.146417000000071,False,1.0,58.48016600000072
0,20,3,46,20232327,False,0,,False,0,,,6.024124999999714,False,1.0,58.97091599999982
0,20,3,44,20232325,False,0,,False,0,,,7.9227500000005335,False,1.0,61.88129199999892
0,20,3,48,20232329,False,0,,False,0,,,5.910957999999411,False,1.0,59.5742089999991
0,20,3,47,20232328,False,0,,False,0,,,5.972999999999118,False,1.0,61.90212500000136
0,20,3,49,20232330,False,0,,False,0,,,5.051125000001377,False,1.0,60.9787500000003
0,30,0,0,20232331,False,0,,False,0,,,6.209459000000805,False,1.0,59.741416999999686
0,30,0,1,20232332,False,0,,False,0,,,5.829999999999558,False,1.0,40.892375000000314
0,30,0,2,20232333,False,0,,False,0,,,6.547125000000875,False,1.0,38.577042000000006
0,30,0,5,20232336,False,0,,False,0,,,6.071708000000342,False,1.0,53.851749999999754
0,30,0,4,20232335,False,0,,False,0,,,5.9570420000003566,False,1.0,55.12162499999995
0,30,0,7,20232338,False,0,,False,0,,,6.02162499999892,False,1.0,54.866541999999185
0,30,0,3,20232334,False,0,,False,0,,,6.816041999998745,False,1.0,57.495667000001305
0,30,0,6,20232337,False,0,,False,0,,,5.767083000000284,False,1.0,57.79725000000013
0,30,0,8,20232339,False,0,,False,0,,,5.939166000000995,False,1.0,57.79225000000032
0,30,0,9,20232340,False,0,,False,0,,,6.180792000000324,False,1.0,46.4758750000005
0,30,0,10,20232341,False,0,,False,0,,,6.062166999999619,False,1.0,41.907791999999944
0,30,0,11,20232342,False,0,,False,0,,,6.082499999999769,False,1.0,43.239125000001266
0,30,0,13,20232344,False,0,,False,0,,,6.024417000000781,False,1.0,58.15983300000127
0,30,0,12,20232343,False,0,,False,0,,,5.976291999999717,False,1.0,59.928833000000736
0,30,0,17,20232348,False,0,,False,0,,,4.832166999999998,False,1.0,57.72949999999888
0,30,0,15,20232346,False,0,,False,0,,,5.448791000000952,False,1.0,56.87845799999991
0,30,0,14,20232345,False,0,,False,0,,,7.837792000000121,False,1.0,59.62387499999977
0,30,0,16,20232347,False,0,,False,0,,,5.928542000001258,False,1.0,60.617957999999916
0,30,0,18,20232349,False,0,,False,0,,,6.265250000000222,False,1.0,39.959334000000624
0,30,0,19,20232350,False,0,,False,0,,,6.089459000000019,False,1.0,38.72845899999966
0,30,0,21,20232352,False,0,,False,0,,,5.787999999999016,False,1.0,53.88833299999973
0,30,0,22,20232353,False,0,,False,0,,,5.9685419999997436,False,1.0,55.16087500000033
0,30,0,20,20232351,False,0,,False,0,,,6.751000000001284,False,1.0,55.259291999998794
0,30,0,23,20232354,False,0,,False,0,,,6.556874999999351,False,1.0,57.10254200000087
0,30,0,24,20232355,False,0,,False,0,,,6.427125000000089,False,1.0,55.89808300000065
0,30,0,25,20232356,False,0,,False,0,,,5.977791999999482,False,1.0,56.279166999999575
0,30,0,26,20232357,False,0,,False,0,,,5.911958000000439,False,1.0,53.34150000000015
0,30,0,27,20232358,False,0,,False,0,,,6.207833999999579,False,1.0,41.756499999999974
0,30,0,28,20232359,False,0,,False,0,,,6.766083000000478,False,1.0,60.341583000001364
0,30,0,29,20232360,False,0,,False,0,,,6.231457999998469,False,1.0,59.370209000000784
0,30,0,30,20232361,False,0,,False,0,,,6.0459590000014884,False,1.0,60.28358300000036
0,30,0,31,20232362,False,0,,False,0,,,6.154875000000004,False,1.0,62.280957999998776
0,30,0,32,20232363,False,0,,False,0,,,6.15116600000043,False,1.0,62.03720899999965
0,30,0,33,20232364,False,0,,False,0,,,6.2070829999996135,False,1.0,61.281082999999015
0,30,0,34,20232365,False,0,,False,0,,,5.659084000001258,False,1.0,61.20441699999901
0,30,0,35,20232366,False,0,,False,0,,,7.213249999999505,False,1.0,53.485957999999556
0,30,0,38,20232369,False,0,,False,0,,,5.568833999999967,False,1.0,56.48658299999987
0,30,0,36,20232367,False,0,,False,0,,,7.6093750000012506,False,1.0,57.60591700000006
0,30,0,37,20232368,False,0,,False,0,,,6.701749999999507,False,1.0,59.6482500000004
0,30,0,39,20232370,False,0,,False,0,,,5.6152499999999606,False,1.0,60.17312500000038
0,30,0,41,20232372,False,0,,False,0,,,6.038207999999656,False,1.0,59.86870799999977
0,30,0,42,20232373,False,0,,False,0,,,5.77683299999876,False,1.0,59.98783299999921
0,30,0,40,20232371,False,0,,False,0,,,5.370375000000038,False,1.0,60.90716599999979
0,30,0,43,20232374,False,0,,False,0,,,6.4552500000001345,False,1.0,57.542791999999565
0,30,0,44,20232375,False,0,,False,0,,,7.074791999999164,False,1.0,53.589042000000475
0,30,0,45,20232376,False,0,,False,0,,,6.162083000001317,False,1.0,54.693957999999654
0,30,0,46,20232377,False,0,,False,0,,,6.478458000000131,False,1.0,54.66587500000131
0,30,1,0,20232381,False,0,,False,0,,,5.789375000000874,False,1.0,57.41729100000015
0,30,0,48,20232379,False,0,,False,0,,,5.673874999999384,False,1.0,58.10325000000027
0,30,0,49,20232380,False,0,,False,0,,,5.777082999999905,False,1.0,58.126333000000585
0,30,0,47,20232378,False,0,,False,0,,,5.926167000000149,False,1.0,59.57945900000006
0,30,1,1,20232382,False,0,,False,0,,,6.0603749999987855,False,1.0,58.42595800000083
0,30,1,3,20232384,False,0,,False,0,,,6.889792000000838,False,1.0,43.490666999998595
0,30,1,2,20232383,False,0,,False,0,,,7.278124999999136,False,1.0,47.06762500000039
0,30,1,4,20232385,False,0,,False,0,,,6.821165999999934,False,1.0,45.88695800000053
0,30,1,5,20232386,False,0,,False,0,,,5.9814590000009105,False,1.0,51.347583000000085
0,30,1,7,20232388,False,0,,False,0,,,5.640792000001227,False,1.0,51.77012499999911
0,30,1,6,20232387,False,0,,False,0,,,5.606124999999906,False,1.0,52.664332999999175
0,30,1,9,20232390,False,0,,False,0,,,6.944250000000096,False,1.0,50.066292000000345
0,30,1,8,20232389,False,0,,False,0,,,6.252832999999569,False,1.0,51.04675000000114
0,30,1,10,20232391,False,0,,False,0,,,6.870415999999935,False,1.0,46.34687499999934
0,30,1,12,20232393,False,0,,False,0,,,5.655875000000421,False,1.0,45.91150000000077
0,30,1,11,20232392,False,0,,False,0,,,6.8928750000001315,False,1.0,45.58604200000005
0,30,1,13,20232394,False,0,,False,0,,,6.671208000000206,False,1.0,58.895542000000134
0,30,1,17,20232398,False,0,,False,0,,,4.292958000000624,False,1.0,59.88462500000047
0,30,1,15,20232396,False,0,,False,0,,,6.561249999998964,False,1.0,58.06958299999998
0,30,1,16,20232397,False,0,,False,0,,,6.35604100000009,False,1.0,57.662000000000546
0,30,1,14,20232395,False,0,,False,0,,,7.323915999998931,False,1.0,57.99124999999883
0,30,1,18,20232399,False,0,,False,0,,,5.795541999999543,False,1.0,43.96820799999901
0,30,1,19,20232400,False,0,,False,0,,,6.8066249999994,False,1.0,47.80604199999949
0,30,1,20,20232401,False,0,,False,0,,,6.82624999999959,False,1.0,44.97095900000048
0,30,1,24,20232405,False,0,,False,0,,,5.722290999999657,False,1.0,51.05383300000099
0,30,1,25,20232406,False,0,,False,0,,,4.29658399999866,False,1.0,53.30254200000084
0,30,1,21,20232402,False,0,,False,0,,,6.421582999999842,False,1.0,52.29512500000055
0,30,1,23,20232404,False,0,,False,0,,,6.020167000000853,False,1.0,53.58320800000094
0,30,1,22,20232403,False,0,,False,0,,,5.873916000000534,False,1.0,53.97937499999905
0,30,1,26,20232407,False,0,,False,0,,,6.161875000000094,False,1.0,43.032124999999866
0,30,1,27,20232408,False,0,,False,0,,,6.604749999999271,False,1.0,42.910125000000576
0,30,1,28,20232409,False,0,,False,0,,,7.438332999999631,False,1.0,44.11195800000023
0,30,1,29,20232410,False,0,,False,0,,,5.809417000000039,False,1.0,51.953291000000235
0,30,1,30,20232411,False,0,,False,0,,,5.806166999999363,False,1.0,54.39858300000111
0,30,1,33,20232414,False,0,,False,0,,,5.563541999999089,False,1.0,52.54816599999934
0,30,1,31,20232412,False,0,,False,0,,,5.942250000000371,False,1.0,54.54029100000035
0,30,1,32,20232413,False,0,,False,0,,,5.7033329999995885,False,1.0,54.265041000000735
0,30,1,34,20232415,False,0,,False,0,,,7.446416000000511,False,1.0,42.559792000000485
0,30,1,35,20232416,False,0,,False,0,,,5.858124999999603,False,1.0,43.59737500000094
0,30,1,36,20232417,False,0,,False,0,,,5.856624999999838,False,1.0,44.479332999999954
0,30,1,37,20232418,False,0,,False,0,,,6.979624999999601,False,1.0,53.193166999999875
0,30,1,38,20232419,False,0,,False,0,,,8.022916999999907,False,1.0,56.10287500000055
0,30,1,40,20232421,False,0,,False,0,,,7.617249999999132,False,1.0,57.52179200000107
0,30,1,39,20232420,False,0,,False,0,,,7.969209000000532,False,1.0,57.68341599999971
0,30,1,41,20232422,False,0,,False,0,,,8.146916999999476,False,1.0,56.74170900000064
0,30,1,42,20232423,False,0,,False,0,,,8.387749999998917,False,1.0,55.95629199999941
0,30,1,44,20232425,False,0,,False,0,,,8.967957999999498,False,1.0,46.94391700000011
0,30,1,43,20232424,False,0,,False,0,,,9.250375000000588,False,1.0,48.586792000000045
0,30,1,45,20232426,False,0,,False,0,,,8.008916999999727,False,1.0,38.944958000000085
0,30,1,46,20232427,False,0,,False,0,,,5.922790999999705,False,1.0,51.834083999999336
0,30,1,48,20232429,False,0,,False,0,,,5.054375000000277,False,1.0,52.40008300000021
0,30,1,47,20232428,False,0,,False,0,,,5.783375000000035,False,1.0,55.995291000000336
0,30,2,0,20232431,False,0,,False,0,,,6.236540999999818,False,1.0,55.94374999999907
0,30,1,49,20232430,False,0,,False,0,,,5.9947499999992715,False,1.0,57.803208999999356
0,30,2,2,20232433,False,0,,False,0,,,6.254958999999616,False,1.0,53.67212500000029
0,30,2,1,20232432,False,0,,False,0,,,5.514624999999995,False,1.0,56.56662499999854
0,30,2,3,20232434,False,0,,False,0,,,6.767999999999219,False,1.0,40.49245799999923
0,30,2,4,20232435,False,0,,False,0,,,6.684417000000664,False,1.0,39.34087499999883
0,30,2,5,20232436,False,0,,False,0,,,6.733541999999204,False,1.0,41.99587499999957
0,30,2,6,20232437,False,0,,False,0,,,5.669832999998903,False,1.0,52.36491700000023
0,30,2,9,20232440,False,0,,False,0,,,6.177167000000594,False,1.0,49.22300000000135
0,30,2,8,20232439,False,0,,False,0,,,6.21766700000137,False,1.0,50.137499999999946
0,30,2,7,20232438,False,0,,False,0,,,5.812749999998701,False,1.0,50.16395800000062
0,30,2,10,20232441,False,0,,False,0,,,6.067749999999705,False,1.0,48.97449999999992
0,30,2,11,20232442,False,0,,False,0,,,6.106249999998425,False,1.0,38.122042000001244
0,30,2,12,20232443,False,0,,False,0,,,6.204125000000005,False,1.0,41.27120899999959
0,30,2,13,20232444,False,0,,False,0,,,6.5379159999992,False,1.0,40.37233300000054
0,30,2,14,20232445,False,0,,False,0,,,5.8519589999992405,False,1.0,50.10620800000076
0,30,2,15,20232446,False,0,,False,0,,,5.507832999999351,False,1.0,51.188124999999474
0,30,2,16,20232447,False,0,,False,0,,,6.247790999999836,False,1.0,50.6182079999995
0,30,2,17,20232448,False,0,,False,0,,,6.179791999999296,False,1.0,51.16724999999889
0,30,2,18,20232449,False,0,,False,0,,,6.44812500000036,False,1.0,51.67562499999967
0,30,2,19,20232450,False,0,,False,0,,,7.176582999999681,False,1.0,47.010874999999785
0,30,2,20,20232451,False,0,,False,0,,,5.874915999999786,False,1.0,40.8644589999998
0,30,2,21,20232452,False,0,,False,0,,,7.382166999999384,False,1.0,39.00770799999975
0,30,2,22,20232453,False,0,,False,0,,,6.103916999999015,False,1.0,47.186832999999595
0,30,2,23,20232454,False,0,,False,0,,,5.6709999999995375,False,1.0,52.630500000001135
0,30,2,24,20232455,False,0,,False,0,,,5.931792000000158,False,1.0,55.7114580000011
0,30,2,26,20232457,False,0,,False,0,,,5.080749999999412,False,1.0,54.63983399999961
0,30,2,25,20232456,False,0,,False,0,,,5.505499999999941,False,1.0,55.51737500000087
0,30,2,27,20232458,False,0,,False,0,,,5.787207999999211,False,1.0,52.83062500000035
0,30,2,28,20232459,False,0,,False,0,,,6.158625000001194,False,1.0,44.341624999999496
0,30,2,29,20232460,False,0,,False,0,,,6.03241600000004,False,1.0,40.497874999999794
0,30,2,30,20232461,False,0,,False,0,,,7.022457999999787,False,1.0,39.32266600000034
0,30,2,33,20232464,False,0,,False,0,,,6.179166000000791,False,1.0,54.40183300000001
0,30,2,35,20232466,False,0,,False,0,,,5.587082999999993,False,1.0,56.4643750000009
0,30,2,32,20232463,False,0,,False,0,,,6.105916999999295,False,1.0,57.71441600000138
0,30,2,31,20232462,False,0,,False,0,,,7.831917000000743,False,1.0,60.33441699999997
0,30,2,34,20232465,False,0,,False,0,,,6.06262500000021,False,1.0,57.75687500000082
0,30,2,36,20232467,False,0,,False,0,,,5.301540999999688,False,1.0,56.019666999999274
0,30,2,37,20232468,False,0,,False,0,,,6.235542000000649,False,1.0,53.84162500000045
0,30,2,38,20232469,False,0,,False,0,,,7.720584000001196,False,1.0,38.76041700000066
0,30,2,39,20232470,False,0,,False,0,,,5.895458000001241,False,1.0,48.088833999999636
0,30,2,41,20232472,False,0,,False,0,,,5.056666999999848,False,1.0,57.51812499999964
0,30,2,40,20232471,False,0,,False,0,,,6.583292000000185,False,1.0,58.10374999999901
0,30,2,42,20232473,False,0,,False,0,,,5.990042000000528,False,1.0,59.05866699999862
0,30,2,43,20232474,False,0,,False,0,,,5.523207999999613,False,1.0,59.254749999999135
0,30,2,45,20232476,False,0,,False,0,,,6.0445419999997085,False,1.0,57.08037499999996
0,30,2,44,20232475,False,0,,False,0,,,4.979667000000632,False,1.0,59.36550000000018
0,30,2,46,20232477,False,0,,False,0,,,6.985874999999808,False,1.0,43.91004100000018
0,30,2,47,20232478,False,0,,False,0,,,7.403000000000048,False,1.0,37.97383300000057
0,30,2,49,20232480,False,0,,False,0,,,5.943625000000452,False,1.0,58.44412500000118
0,30,2,48,20232479,False,0,,False,0,,,6.954583000000625,False,1.0,62.25404100000098
0,30,3,0,20232481,False,0,,False,0,,,6.097958999999875,False,1.0,60.142166999998636
0,30,3,1,20232482,False,0,,False,0,,,6.0653750000003726,False,1.0,59.385209000000216
0,30,3,2,20232483,False,0,,False,0,,,4.457416999999353,False,1.0,60.52124999999897
0,30,3,3,20232484,False,0,,False,0,,,5.462707999999594,False,1.0,59.425167000000556
0,30,3,4,20232485,False,0,,False,0,,,7.744583999999222,False,1.0,56.39745799999929
0,30,3,5,20232486,False,0,,False,0,,,6.296959000000157,False,1.0,40.232540999999955
0,30,3,6,20232487,False,0,,False,0,,,5.858375000000748,False,1.0,65.95770799999912
0,30,3,9,20232490,False,0,,False,0,,,5.423874999999967,False,1.0,64.16458400000025
0,30,3,8,20232489,False,0,,False,0,,,5.70808300000003,False,1.0,65.0165420000004
0,30,3,7,20232488,False,0,,False,0,,,5.90633300000043,False,1.0,65.02374999999994
0,30,3,10,20232491,False,0,,False,0,,,6.103167000000909,False,1.0,63.94395799999941
0,30,3,12,20232493,False,0,,False,0,,,6.189707999999072,False,1.0,63.23183400000154
0,30,3,11,20232492,False,0,,False,0,,,6.006458999999964,False,1.0,64.96304100000039
0,30,3,13,20232494,False,0,,False,0,,,8.537875000000028,False,1.0,52.11558299999908
0,30,3,15,20232496,False,0,,False,0,,,5.850499999999315,False,1.0,61.90191700000014
0,30,3,14,20232495,False,0,,False,0,,,5.652749999999429,False,1.0,63.311666999998906
0,30,3,16,20232497,False,0,,False,0,,,6.062667000000133,False,1.0,66.75650000000033
0,30,3,17,20232498,False,0,,False,0,,,5.916707999999105,False,1.0,66.20574999999995
0,30,3,18,20232499,False,0,,False,0,,,6.571000000000993,False,1.0,65.37095800000081
0,30,3,20,20232501,False,0,,False,0,,,6.27383299999984,False,1.0,65.00254199999844
0,30,3,19,20232500,False,0,,False,0,,,5.942375000000055,False,1.0,66.00570799999872
0,30,3,21,20232502,False,0,,False,0,,,6.05237500000122,False,1.0,65.5376659999991
0,30,3,22,20232503,False,0,,False,0,,,6.882958000000272,False,1.0,63.261167000000285
0,30,3,23,20232504,False,0,,False,0,,,6.508166999999787,False,1.0,64.14645799999974
0,30,3,25,20232506,False,0,,False,0,,,5.386790999999391,False,1.0,65.08395800000066
0,30,3,26,20232507,False,0,,False,0,,,5.700209000000456,False,1.0,64.96700000000111
0,30,3,24,20232505,False,0,,False,0,,,6.291666999999279,False,1.0,65.40079100000007
0,30,3,27,20232508,False,0,,False,0,,,5.948165999999588,False,1.0,64.9228329999989
0,30,3,29,20232510,False,0,,False,0,,,5.638708999999409,False,1.0,64.56170800000116
0,30,3,28,20232509,False,0,,False,0,,,6.264041999999748,False,0.005681818351,64.79675000000107
0,30,3,30,20232511,False,0,,False,0,,,6.441208000000032,False,1.0,43.91679200000098
0,30,3,31,20232512,False,0,,False,0,,,6.307749999999501,False,1.0,46.107499999999746
0,30,3,33,20232514,False,0,,False,0,,,5.217292000001095,False,1.0,51.531792000000465
0,30,3,32,20232513,False,0,,False,0,,,5.749750000001441,False,1.0,51.68512499999878
0,30,3,36,20232517,False,0,,False,0,,,5.564958000000786,False,1.0,50.301167000000646
0,30,3,34,20232515,False,0,,False,0,,,6.014207999999854,False,1.0,52.666332999999455
0,30,3,37,20232518,False,0,,False,0,,,5.75591700000011,False,1.0,49.020875000000075
0,30,3,38,20232519,False,0,,False,0,,,6.237833000000137,False,1.0,41.40979200000139
0,30,3,39,20232520,False,0,,False,0,,,5.918833000000845,False,1.0,41.898207999999215
0,30,3,40,20232521,False,0,,False,0,,,6.022542000000186,False,1.0,38.27783299999865
0,30,3,41,20232522,False,0,,False,0,,,6.007666000000356,False,1.0,46.64779199999991
0,30,3,42,20232523,False,0,,False,0,,,5.750457999999625,False,1.0,51.55462499999963
0,30,3,43,20232524,False,0,,False,0,,,5.689708000000238,False,1.0,51.03004099999886
0,30,3,44,20232525,False,0,,False,0,,,6.209833999999859,False,1.0,50.20945799999943
0,30,3,45,20232526,False,0,,False,0,,,6.699666000001159,False,1.0,43.034457999999276
0,30,3,46,20232527,False,0,,False,0,,,6.618958000000674,False,1.0,43.69608400000047
0,30,3,47,20232528,False,0,,False,0,,,6.952083999999914,False,1.0,39.603832999999256
0,30,3,48,20232529,False,0,,False,0,,,5.7808749999992415,False,1.0,43.18458400000047
0,30,3,35,20232516,False,0,,False,0,,,5.188374999999468,False,1.0,162.17299999999923
0,50,0,0,20232531,False,0,,False,0,,,6.27816599999953,False,1.0,46.5037499999994
0,30,3,49,20232530,False,0,,False,0,,,7.551291000000404,False,1.0,45.414333000000084
0,50,0,1,20232532,False,0,,False,0,,,7.0602079999986245,False,1.0,46.007375000000295
0,50,0,2,20232533,False,0,,False,0,,,6.1916659999994295,False,1.0,42.1446250000006
0,50,0,3,20232534,False,0,,False,0,,,5.978875000000272,False,1.0,44.396540999999345
0,50,0,4,20232535,False,0,,False,0,,,7.29087499999892,False,1.0,41.61291699999836
0,50,0,5,20232536,False,0,,False,0,,,7.005208000000707,False,1.0,38.77208299999957
0,50,0,6,20232537,False,0,,False,0,,,7.397832999998855,False,1.0,40.88624999999979
0,50,0,7,20232538,False,0,,False,0,,,5.608916999999991,False,1.0,44.050375000001196
0,50,0,9,20232540,False,0,,False,0,,,6.177707999999171,False,1.0,44.212583000000194
0,50,0,8,20232539,False,0,,False,0,,,6.097957999999792,False,1.0,45.23374999999952
0,50,0,10,20232541,False,0,,False,0,,,6.417541999999443,False,1.0,38.97975000000109
0,50,0,11,20232542,False,0,,False,0,,,6.664749999998776,False,1.0,42.207791999999245
0,50,0,12,20232543,False,0,,False,0,,,7.361832999999152,False,1.0,41.908250000000535
0,50,0,13,20232544,False,0,,False,0,,,8.388500000000576,False,1.0,42.27258299999903
0,50,0,14,20232545,False,0,,False,0,,,6.915959000000527,False,1.0,39.38512499999902
0,50,0,15,20232546,False,0,,False,0,,,6.2167920000000265,False,1.0,46.96049999999907
0,50,0,16,20232547,False,0,,False,0,,,6.22958299999965,False,1.0,45.94991699999973
0,50,0,17,20232548,False,0,,False,0,,,6.3988340000005195,False,1.0,46.83912499999998
0,50,0,18,20232549,False,0,,False,0,,,8.1532080000013,False,1.0,39.28937500000096
0,50,0,20,20232551,False,0,,False,0,,,6.530791999999508,False,1.0,43.120207999999494
0,50,0,19,20232550,False,0,,False,0,,,7.2833330000001695,False,1.0,44.17895899999991
0,50,0,21,20232552,False,0,,False,0,,,6.700666999998717,False,1.0,44.080832999998876
0,50,0,22,20232553,False,0,,False,0,,,6.884958000000552,False,1.0,42.03966599999909
0,50,0,23,20232554,False,0,,False,0,,,6.057832999999846,False,1.0,43.14108400000016
0,50,0,24,20232555,False,0,,False,0,,,6.3687919999999565,False,1.0,44.998124999999334
0,50,0,25,20232556,False,0,,False,0,,,6.116957999999784,False,1.0,44.70779100000044
0,50,0,26,20232557,False,0,,False,0,,,6.911249999999924,False,1.0,40.836207999999985
0,50,0,28,20232559,False,0,,False,0,,,6.075291000000149,False,1.0,43.72545800000083
0,50,0,27,20232558,False,0,,False,0,,,6.609709000001018,False,1.0,44.98475000000113
0,50,0,29,20232560,False,0,,False,0,,,7.739042000000751,False,1.0,45.06937499999886
0,50,0,30,20232561,False,0,,False,0,,,7.799667000000454,False,1.0,45.04720899999981
0,50,0,32,20232563,False,0,,False,0,,,6.7845420000001155,False,1.0,45.77162500000043
0,50,0,31,20232562,False,0,,False,0,,,7.5927920000005145,False,1.0,46.782791000000046
0,50,0,33,20232564,False,0,,False,0,,,6.796165999999104,False,1.0,46.282415999998605
0,50,0,34,20232565,False,0,,False,0,,,7.67850000000081,False,1.0,41.275916000000024
0,50,0,36,20232567,False,0,,False,0,,,6.67262500000021,False,1.0,43.20795799999999
0,50,0,35,20232566,False,0,,False,0,,,6.913292000000126,False,1.0,44.57341699999873
0,50,0,38,20232569,False,0,,False,0,,,6.698042000000015,False,1.0,44.92624999999961
0,50,0,37,20232568,False,0,,False,0,,,6.571709000001036,False,1.0,45.26674999999969
0,50,0,39,20232570,False,0,,False,0,,,6.7522919999998265,False,1.0,46.331999999999596
0,50,0,41,20232572,False,0,,False,0,,,6.89474999999895,False,1.0,45.21183299999976
0,50,0,40,20232571,False,0,,False,0,,,6.778167000000224,False,1.0,47.516790999999614
0,50,0,42,20232573,False,0,,False,0,,,6.2856669999984405,False,1.0,46.81174999999982
0,50,0,44,20232575,False,0,,False,0,,,6.370708000000391,False,1.0,44.271165999999695
0,50,0,43,20232574,False,0,,False,0,,,6.979249999998771,False,1.0,44.51820899999959
0,50,0,45,20232576,False,0,,False,0,,,6.527042000000094,False,1.0,48.81116700000021
0,50,0,46,20232577,False,0,,False,0,,,6.67333300000017,False,1.0,48.398875000000174
0,50,0,47,20232578,False,0,,False,0,,,7.39879099999996,False,1.0,50.325583999999424
0,50,0,49,20232580,False,0,,False,0,,,6.466624999999837,False,1.0,48.630792000000866
0,50,0,48,20232579,False,0,,False,0,,,6.543166000000156,False,1.0,49.352583000001005
0,50,1,0,20232581,False,0,,False,0,,,7.218874999999514,False,1.0,43.21583399999973
0,50,1,1,20232582,False,0,,False,0,,,6.218750000000384,False,1.0,45.014166999999716
0,50,1,2,20232583,False,0,,False,0,,,7.984666000000473,False,1.0,43.24200000000111
0,50,1,3,20232584,False,0,,False,0,,,6.578041999999229,False,1.0,40.62150000000031
0,50,1,4,20232585,False,0,,False,0,,,6.631000000000498,False,1.0,44.80695799999879
0,50,1,6,20232587,False,0,,False,0,,,6.79441599999997,False,1.0,49.03158299999966
0,50,1,7,20232588,False,0,,False,0,,,6.632458000000341,False,1.0,48.81520800000061
0,50,1,5,20232586,False,0,,False,0,,,6.320917000000037,False,1.0,51.57325000000057
0,50,1,8,20232589,False,0,,False,0,,,6.2179999999987245,False,1.0,48.40666599999999
0,50,1,9,20232590,False,0,,False,0,,,6.1674589999984875,False,1.0,47.05966700000097
0,50,1,10,20232591,False,0,,False,0,,,7.829250000000343,False,1.0,45.4408750000006
0,50,1,11,20232592,False,0,,False,0,,,6.07254200000007,False,1.0,69.95866699999986
0,50,1,12,20232593,False,0,,False,0,,,5.946624999999983,False,1.0,67.19350000000013
0,50,1,13,20232594,False,0,,False,0,,,7.090833999999546,False,1.0,76.10979199999868
0,50,1,15,20232596,False,0,,False,0,,,6.929832999999164,False,1.0,74.0312499999991
0,50,1,16,20232597,False,0,,False,0,,,6.824874999999508,False,1.0,74.2067500000001
0,50,1,14,20232595,False,0,,False,0,,,7.26441599999994,False,1.0,76.93637499999895
0,50,1,18,20232599,False,0,,False,0,,,7.183915999998902,False,1.0,45.936832999998956
0,50,1,17,20232598,False,0,,False,0,,,7.245624999999478,False,1.0,46.777374999999566
0,50,1,19,20232600,False,0,,False,0,,,7.028249999999403,False,1.0,47.161917000000386
0,50,1,20,20232601,False,0,,False,0,,,7.121291999999002,False,1.0,45.88004200000029
0,50,1,24,20232605,False,0,,False,0,,,6.772291000000763,False,1.0,48.06637499999944
0,50,1,23,20232604,False,0,,False,0,,,7.6137499999990865,False,1.0,49.358832999999436
0,50,1,21,20232602,False,0,,False,0,,,7.966249999999064,False,1.0,51.82262499999979
0,50,1,22,20232603,False,0,,False,0,,,7.825125000000099,False,1.0,51.493708999998944
0,50,1,26,20232607,False,0,,False,0,,,6.932291000000035,False,1.0,48.97733399999993
0,50,1,28,20232609,False,0,,False,0,,,6.00133299999861,False,1.0,47.563417000000996
0,50,1,25,20232606,False,0,,False,0,,,6.258292000000054,False,1.0,50.46833299999953
0,50,1,27,20232608,False,0,,False,0,,,5.785999999998737,False,1.0,48.520208999999426
0,50,1,30,20232611,False,0,,False,0,,,7.042999999999466,False,1.0,47.13104200000018
0,50,1,29,20232610,False,0,,False,0,,,6.9377499999987435,False,1.0,47.27166600000032
0,50,1,31,20232612,False,0,,False,0,,,6.8223329999987925,False,1.0,48.464125000000635
0,50,1,32,20232613,False,0,,False,0,,,6.718583999999694,False,1.0,48.79495800000022
0,50,1,35,20232616,False,0,,False,0,,,6.809249999999878,False,1.0,50.06062499999864
0,50,1,33,20232614,False,0,,False,0,,,6.253416999999928,False,1.0,52.533582999998885
0,50,1,34,20232615,False,0,,False,0,,,6.395541000001614,False,1.0,51.490499999999884
0,50,1,36,20232617,False,0,,False,0,,,6.6702499999991005,False,1.0,51.23691700000066
0,50,1,37,20232618,False,0,,False,0,,,7.356708999999739,False,1.0,48.55341700000082
0,50,1,38,20232619,False,0,,False,0,,,7.295917000000429,False,1.0,48.435374999998615
0,50,1,39,20232620,False,0,,False,0,,,7.745291000000876,False,1.0,46.84737500000047
0,50,1,40,20232621,False,0,,False,0,,,6.425750000000008,False,1.0,49.86554199999915
0,50,1,41,20232622,False,0,,False,0,,,7.6016250000012775,False,1.0,48.0769169999995
0,50,1,42,20232623,False,0,,False,0,,,6.549249999999063,False,1.0,49.34312500000004
0,50,1,43,20232624,False,0,,False,0,,,7.656791000000496,False,1.0,48.29720799999926
0,50,1,44,20232625,False,0,,False,0,,,7.526374999999419,False,1.0,48.50650000000023
0,50,1,46,20232627,False,0,,False,0,,,6.612999999999758,False,1.0,44.970541999999725
0,50,1,45,20232626,False,0,,False,0,,,7.892709000000053,False,1.0,43.76833299999916
0,50,1,47,20232628,False,0,,False,0,,,7.566249999999997,False,1.0,46.45629200000023
0,50,1,48,20232629,False,0,,False,0,,,7.592416999999685,False,1.0,45.03212500000053
0,50,2,1,20232632,False,0,,False,0,,,6.155334000000678,False,1.0,52.55941599999936
0,50,2,0,20232631,False,0,,False,0,,,6.132833999998866,False,1.0,53.39291699999826
0,50,1,49,20232630,False,0,,False,0,,,6.6406249999992895,False,1.0,53.612708000001064
0,50,2,2,20232633,False,0,,False,0,,,8.14491600000089,False,1.0,50.93512499999875
0,50,2,4,20232635,False,0,,False,0,,,7.228291000000553,False,1.0,50.28399999999955
0,50,2,3,20232634,False,0,,False,0,,,7.330333000000522,False,1.0,50.61929200000037
0,50,2,5,20232636,False,0,,False,0,,,7.661333999999798,False,1.0,48.29991699999958
0,50,2,6,20232637,False,0,,False,0,,,9.132750000000911,False,1.0,47.27191700000155
0,50,2,10,20232641,False,0,,False,0,,,7.815291000000002,False,1.0,47.10575000000006
0,50,2,8,20232639,False,0,,False,0,,,6.65620899999908,False,1.0,47.921209000000076
0,50,2,9,20232640,False,0,,False,0,,,6.610667000000348,False,1.0,48.364249999998776
0,50,2,7,20232638,False,0,,False,0,,,6.171040999999988,False,1.0,48.63591700000036
0,50,2,12,20232643,False,0,,False,0,,,8.560875000000578,False,1.0,43.98291599999915
0,50,2,14,20232645,False,0,,False,0,,,8.275082999999128,False,1.0,45.92279100000063
0,50,2,11,20232642,False,0,,False,0,,,9.344041000000303,False,1.0,49.440999999999846
0,50,2,13,20232644,False,0,,False,0,,,8.0260420000009,False,1.0,47.488500000000045
0,50,2,18,20232649,False,0,,False,0,,,6.566624999999604,False,1.0,49.11874999999988
0,50,2,17,20232648,False,0,,False,0,,,7.490874999998454,False,1.0,49.57787500000066
0,50,2,16,20232647,False,0,,False,0,,,6.552541000001355,False,1.0,52.15587500000041
0,50,2,15,20232646,False,0,,False,0,,,6.314874999999276,False,1.0,52.86487500000092
0,50,2,19,20232650,False,0,,False,0,,,6.9031670000008205,False,1.0,47.608249999999686
0,50,2,20,20232651,False,0,,False,0,,,7.280583000000007,False,1.0,47.44737500000085
0,50,2,22,20232653,False,0,,False,0,,,6.752415999999428,False,1.0,46.16387499999952
0,50,2,21,20232652,False,0,,False,0,,,6.7905839999991,False,1.0,48.19341700000024
0,50,2,26,20232657,False,0,,False,0,,,6.102166999999881,False,1.0,49.45975000000047
0,50,2,23,20232654,False,0,,False,0,,,7.788874999999251,False,1.0,50.217625000000155
0,50,2,25,20232656,False,0,,False,0,,,7.006333999999725,False,1.0,50.54491599999977
0,50,2,24,20232655,False,0,,False,0,,,6.715207999999251,False,1.0,51.76141599999973
0,50,2,27,20232658,False,0,,False,0,,,6.329917000000407,False,1.0,46.53120899999941
0,50,2,29,20232660,False,0,,False,0,,,6.601584000000216,False,1.0,47.193124999999725
0,50,2,30,20232661,False,0,,False,0,,,6.276040999999566,False,1.0,46.68479100000056
0,50,2,28,20232659,False,0,,False,0,,,6.856915999998492,False,1.0,48.53679200000016
0,50,2,32,20232663,False,0,,False,0,,,6.4761249999989445,False,1.0,47.508125000000234
0,50,2,33,20232664,False,0,,False,0,,,6.122500000000031,False,1.0,47.147499999999454
0,50,2,31,20232662,False,0,,False,0,,,6.276999999998978,False,1.0,47.12366699999926
0,50,2,34,20232665,False,0,,False,0,,,6.19162499999959,False,1.0,48.459707999999324
0,50,2,35,20232666,False,0,,False,0,,,6.223542000000748,False,1.0,38.66879200000106
0,50,2,36,20232667,False,0,,False,0,,,5.81674999999926,False,1.0,44.98874999999991
0,50,2,37,20232668,False,0,,False,0,,,5.932875000000948,False,1.0,45.854332999999414
0,50,2,38,20232669,False,0,,False,0,,,5.903041999999914,False,1.0,45.0071670000014
0,50,2,40,20232671,False,0,,False,0,,,6.089459000000019,False,1.0,48.33729099999928
0,50,2,42,20232673,False,0,,False,0,,,6.206374999999653,False,1.0,47.463875000000044
0,50,2,39,20232670,False,0,,False,0,,,6.4219580000006715,False,1.0,48.92691599999921
0,50,2,41,20232672,False,0,,False,0,,,5.947457999999628,False,1.0,49.48183299999975
0,50,2,43,20232674,False,0,,False,0,,,7.87275000000065,False,1.0,37.768208000001025
0,50,2,44,20232675,False,0,,False,0,,,7.132625000000559,False,1.0,43.160457999999124
0,50,2,45,20232676,False,0,,False,0,,,6.278040999999845,False,1.0,43.80016600000047
0,50,2,46,20232677,False,0,,False,0,,,6.463166999999714,False,1.0,44.257416999998966
0,50,2,48,20232679,False,0,,False,0,,,6.15708299999973,False,1.0,47.834082999999694
0,50,2,47,20232678,False,0,,False,0,,,6.481167000000454,False,1.0,48.12899999999942
0,50,2,49,20232680,False,0,,False,0,,,5.4455420000003585,False,1.0,48.335707999999755
0,50,3,0,20232681,False,0,,False,0,,,6.426000000001153,False,1.0,49.1289160000008
0,50,3,1,20232682,False,0,,False,0,,,7.255792000000483,False,1.0,43.4789999999996
0,50,3,2,20232683,False,0,,False,0,,,6.137000000000725,False,1.0,46.5491250000003
0,50,3,3,20232684,False,0,,False,0,,,5.957458000001026,False,1.0,45.3808750000011
0,50,3,4,20232685,False,0,,False,0,,,6.093874999999471,False,1.0,45.34470800000001
0,50,3,7,20232688,False,0,,False,0,,,6.443584000001223,False,1.0,50.185750000000695
0,50,3,8,20232689,False,0,,False,0,,,5.846667000000139,False,1.0,51.639791999999574
0,50,3,5,20232686,False,0,,False,0,,,6.989167000000407,False,1.0,51.596040999999815
0,50,3,6,20232687,False,0,,False,0,,,6.232167000000288,False,1.0,52.0685830000005
0,50,3,9,20232690,False,0,,False,0,,,6.2222499999986525,False,1.0,48.69216600000037
0,50,3,10,20232691,False,0,,False,0,,,6.142875000000103,False,1.0,43.04258400000016
0,50,3,12,20232693,False,0,,False,0,,,6.1407090000002995,False,1.0,45.57437499999928
0,50,3,11,20232692,False,0,,False,0,,,6.582708999999909,False,1.0,46.12654099999958
0,50,3,13,20232694,False,0,,False,0,,,6.398665999999054,False,1.0,49.253042000000136
0,50,3,17,20232698,False,0,,False,0,,,6.254625000000402,False,1.0,52.17133400000051
0,50,3,15,20232696,False,0,,False,0,,,6.155624999999887,False,1.0,51.90975000000009
0,50,3,16,20232697,False,0,,False,0,,,6.768457999999811,False,1.0,52.34095800000027
0,50,3,14,20232695,False,0,,False,0,,,7.067875000000612,False,1.0,53.45987499999971
0,50,3,18,20232699,False,0,,False,0,,,6.288542000000064,False,1.0,48.517249999999734
0,50,3,19,20232700,False,0,,False,0,,,6.846458000000055,False,1.0,46.186000000000504
0,50,3,20,20232701,False,0,,False,0,,,6.751665999999545,False,1.0,46.11625000000075
0,50,3,21,20232702,False,0,,False,0,,,6.716167000000439,False,1.0,39.78383399999963
0,50,3,24,20232705,False,0,,False,0,,,7.18258300000052,False,1.0,45.799542000001026
0,50,3,23,20232704,False,0,,False,0,,,6.1325419999995745,False,1.0,48.15304100000084
0,50,3,25,20232706,False,0,,False,0,,,6.0659169999990326,False,1.0,48.98545800000065
0,50,3,22,20232703,False,0,,False,0,,,6.70154200000006,False,1.0,51.34616600000008
0,50,3,26,20232707,False,0,,False,0,,,7.109790999999532,False,1.0,49.47183300000013
0,50,3,27,20232708,False,0,,False,0,,,6.482166999999706,False,1.0,49.37166599999898
0,50,3,28,20232709,False,0,,False,0,,,6.857459000000787,False,1.0,48.81508299999915
0,50,3,29,20232710,False,0,,False,0,,,6.9885420000002085,False,1.0,38.962209000001025
0,50,3,30,20232711,False,0,,False,0,,,6.677833000001243,False,1.0,40.028582999999784
0,50,3,33,20232714,False,0,,False,0,,,7.127041000000389,False,1.0,50.11799999999944
0,50,3,32,20232713,False,0,,False,0,,,6.901958000000263,False,1.0,51.46112499999944
0,50,3,31,20232712,False,0,,False,0,,,7.289542000000537,False,1.0,51.73925000000068
0,50,3,35,20232716,False,0,,False,0,,,6.4349999999997465,False,1.0,49.10700000000112
0,50,3,36,20232717,False,0,,False,0,,,5.876583999999241,False,1.0,50.791999999999504
0,50,3,34,20232715,False,0,,False,0,,,5.938165999999967,False,1.0,53.891332999999264
0,50,3,37,20232718,False,0,,False,0,,,6.399209000001349,False,1.0,38.65629200000065
0,50,3,38,20232719,False,0,,False,0,,,7.6590000000003045,False,1.0,39.36479099999879
0,50,3,39,20232720,False,0,,False,0,,,6.212124999999347,False,1.0,46.439624999997875
0,50,3,41,20232722,False,0,,False,0,,,6.9459580000010845,False,1.0,48.03012500000037
0,50,3,40,20232721,False,0,,False,0,,,6.776540999998915,False,1.0,48.092583000000744
0,50,3,44,20232725,False,0,,False,0,,,6.280083000000047,False,1.0,47.66854200000026
0,50,3,43,20232724,False,0,,False,0,,,6.092333999999866,False,1.0,49.28166699999892
0,50,3,42,20232723,False,0,,False,0,,,6.0685419999995105,False,1.0,49.638333000000756
0,50,3,45,20232726,False,0,,False,0,,,6.960540999999765,False,1.0,40.949624999999656
0,50,3,46,20232727,False,0,,False,0,,,6.053792000003,False,1.0,39.47358399999956
0,50,3,47,20232728,False,0,,False,0,,,7.334750000001833,False,1.0,39.065583000002846
0,50,3,48,20232729,False,0,,False,0,,,7.309040999999183,False,1.0,39.07816600000302
0,50,3,49,20232730,False,0,,False,0,,,7.031166000000866,False,1.0,39.62399999999988
