global_idx,scenario_id,category,rep_idx,seed,n_taxa,length_nt,theta,rho,beta,alpha,is_recombinant,num_true_trees,num_true_bps,segregating_sites,informative_sites,rhiz_detected,rhiz_num_bps,rhiz_bps,rhiz_time_ms,phi_p_val,phi_detected,maxchi_p_val,maxchi_detected,nss_p_val,nss_detected,phi_suite_time_ms,three_p_val,three_detected,three_time_ms,total_time_ms
0,power_n10_th5_rho1,power,0,20060801,10,1000,5.0,1.0,0.0,inf,True,3,2,7,3,False,0,,3.91,1.0,False,1.0,False,1.0,False,30.82,1.0,False,54.42,101.95
1,power_n10_th5_rho1,power,1,20068720,10,1000,5.0,1.0,0.0,inf,True,2,1,11,7,False,0,,5.64,1.0,False,0.856,False,1.0,False,21.94,1.0,False,58.87,101.68
2,power_n10_th5_rho1,power,2,20076639,10,1000,5.0,1.0,0.0,inf,True,4,3,21,8,False,0,,5.74,0.282,False,0.954,False,0.489,False,26.05,1.0,False,55.01,98.87
3,power_n10_th5_rho1,power,3,20084558,10,1000,5.0,1.0,0.0,inf,True,5,4,6,6,False,0,,2.66,1.0,False,1.0,False,1.0,False,31.51,1.0,False,54.32,101.17
4,power_n10_th5_rho1,power,4,20092477,10,1000,5.0,1.0,0.0,inf,True,5,4,20,13,False,0,,5.43,1.0,False,0.636,False,1.0,False,29.68,1.0,False,53.34,103.36
5,power_n10_th5_rho1,power,5,20100396,10,1000,5.0,1.0,0.0,inf,True,6,5,12,5,False,0,,5.48,1.0,False,0.304,False,1.0,False,24.04,1.0,False,59.84,102.56
6,power_n10_th5_rho1,power,6,20108315,10,1000,5.0,1.0,0.0,inf,True,2,1,19,14,False,0,,5.61,0.274,False,0.399,False,0.026,True,31.04,1.0,False,53.07,103.19
7,power_n10_th5_rho1,power,7,20116234,10,1000,5.0,1.0,0.0,inf,True,3,2,18,14,False,0,,5.42,1.0,False,0.967,False,1.0,False,29.24,1.0,False,50.97,99.99
8,power_n10_th5_rho1,power,8,20124153,10,1000,5.0,1.0,0.0,inf,True,2,1,33,8,False,0,,5.96,1.0,False,0.104,False,1.0,False,21.02,1.0,False,43.23,79.84
9,power_n10_th5_rho1,power,9,20132072,10,1000,5.0,1.0,0.0,inf,True,3,2,23,22,False,0,,6.76,0.0854,False,0.735,False,0.016,True,18.44,1.0,False,40.73,77.31
10,power_n10_th5_rho1,power,10,20139991,10,1000,5.0,1.0,0.0,inf,True,5,4,19,14,False,0,,6.62,0.274,False,0.991,False,0.067,False,16.37,1.0,False,42.85,75.59
11,power_n10_th5_rho1,power,11,20147910,10,1000,5.0,1.0,0.0,inf,True,2,1,10,4,False,0,,4.88,1.0,False,0.989,False,1.0,False,15.72,1.0,False,42.13,73.5
12,power_n10_th5_rho1,power,12,20155829,10,1000,5.0,1.0,0.0,inf,True,2,1,4,0,False,0,,3.34,1.0,False,1.0,False,1.0,False,13.75,1.0,False,34.87,62.68
13,power_n10_th5_rho1,power,13,20163748,10,1000,5.0,1.0,0.0,inf,True,4,3,5,3,False,0,,2.46,1.0,False,1.0,False,1.0,False,13.61,1.0,False,35.63,61.9
14,power_n10_th5_rho1,power,14,20171667,10,1000,5.0,1.0,0.0,inf,True,2,1,17,9,False,0,,5.9,1.0,False,0.506,False,1.0,False,16.43,1.0,False,42.43,74.2
15,power_n10_th5_rho1,power,15,20179586,10,1000,5.0,1.0,0.0,inf,True,2,1,15,12,False,0,,5.2,1.0,False,0.305,False,1.0,False,15.98,1.0,False,44.09,75.3
16,power_n10_th5_rho1,power,16,20187505,10,1000,5.0,1.0,0.0,inf,True,4,3,11,9,False,0,,4.33,0.21,False,0.914,False,0.16,False,15.7,1.0,False,26.53,58.22
17,power_n10_th5_rho1,power,17,20195424,10,1000,5.0,1.0,0.0,inf,True,2,1,16,15,False,0,,6.26,1.0,False,0.437,False,1.0,False,17.45,1.0,False,26.98,60.95
18,power_n10_th5_rho1,power,18,20203343,10,1000,5.0,1.0,0.0,inf,True,2,1,6,4,False,0,,4.34,1.0,False,1.0,False,1.0,False,14.89,1.0,False,30.97,59.4
19,power_n10_th5_rho1,power,19,20211262,10,1000,5.0,1.0,0.0,inf,True,4,3,14,9,False,0,,4.77,1.0,False,0.893,False,1.0,False,16.4,1.0,False,31.87,63.17
20,power_n10_th5_rho1,power,20,20219181,10,1000,5.0,1.0,0.0,inf,False,1,0,6,5,False,0,,3.32,1.0,False,1.0,False,1.0,False,13.79,1.0,False,30.93,57.38
21,power_n10_th5_rho1,power,21,20227100,10,1000,5.0,1.0,0.0,inf,True,5,4,26,23,False,0,,4.88,1.0,False,0.242,False,1.0,False,19.88,1.0,False,30.39,64.92
22,power_n10_th5_rho1,power,22,20235019,10,1000,5.0,1.0,0.0,inf,True,5,4,10,5,False,0,,5.18,0.369,False,0.948,False,0.385,False,16.04,1.0,False,30.91,62.11
23,power_n10_th5_rho1,power,23,20242938,10,1000,5.0,1.0,0.0,inf,True,4,3,22,20,True,2,585;585,9.21,0.0278,True,0.005,True,0.014,True,18.74,1.0,False,27.82,65.31
24,power_n10_th5_rho1,power,24,20250857,10,1000,5.0,1.0,0.0,inf,True,4,3,16,10,False,0,,5.63,1.0,False,0.394,False,1.0,False,17.69,1.0,False,25.96,59.8
25,power_n10_th5_rho1,power,25,20258776,10,1000,5.0,1.0,0.0,inf,True,5,4,17,12,False,0,,5.28,1.0,False,0.999,False,1.0,False,16.44,1.0,False,25.37,56.73
26,power_n10_th5_rho1,power,26,20266695,10,1000,5.0,1.0,0.0,inf,True,3,2,12,2,False,0,,5.92,1.0,False,1.0,False,1.0,False,16.71,1.0,False,29.46,62.49
27,power_n10_th5_rho1,power,27,20274614,10,1000,5.0,1.0,0.0,inf,True,3,2,15,12,False,0,,7.34,1.0,False,0.267,False,1.0,False,16.54,1.0,False,34.64,69.07
28,power_n10_th5_rho1,power,28,20282533,10,1000,5.0,1.0,0.0,inf,True,3,2,8,6,False,0,,4.41,1.0,False,0.925,False,1.0,False,15.51,1.0,False,33.65,64.78
29,power_n10_th5_rho1,power,29,20290452,10,1000,5.0,1.0,0.0,inf,True,3,2,14,10,False,0,,5.04,1.0,False,0.696,False,1.0,False,17.31,1.0,False,33.53,66.0
30,power_n10_th5_rho1,power,30,20298371,10,1000,5.0,1.0,0.0,inf,True,4,3,19,12,False,0,,4.91,1.0,False,0.978,False,1.0,False,17.85,1.0,False,32.6,64.74
31,power_n10_th5_rho1,power,31,20306290,10,1000,5.0,1.0,0.0,inf,False,1,0,7,3,False,0,,3.58,1.0,False,1.0,False,1.0,False,14.47,1.0,False,32.54,59.49
32,power_n10_th5_rho1,power,32,20314209,10,1000,5.0,1.0,0.0,inf,True,4,3,10,5,False,0,,5.1,1.0,False,1.0,False,1.0,False,16.1,1.0,False,25.57,57.4
33,power_n10_th5_rho1,power,33,20322128,10,1000,5.0,1.0,0.0,inf,True,4,3,8,5,False,0,,5.26,1.0,False,0.926,False,1.0,False,14.38,1.0,False,21.52,54.66
34,power_n10_th5_rho1,power,34,20330047,10,1000,5.0,1.0,0.0,inf,True,2,1,7,1,False,0,,3.14,1.0,False,1.0,False,1.0,False,14.86,1.0,False,19.22,47.04
35,power_n10_th5_rho1,power,35,20337966,10,1000,5.0,1.0,0.0,inf,True,5,4,23,13,False,0,,6.47,0.177,False,0.593,False,0.036,True,18.07,1.0,False,30.04,64.65
36,power_n10_th5_rho1,power,36,20345885,10,1000,5.0,1.0,0.0,inf,True,5,4,15,4,False,0,,6.15,1.0,False,0.901,False,1.0,False,15.93,1.0,False,30.02,62.11
37,power_n10_th5_rho1,power,37,20353804,10,1000,5.0,1.0,0.0,inf,False,1,0,14,6,False,0,,5.13,1.0,False,0.118,False,1.0,False,16.28,1.0,False,30.23,62.27
38,power_n10_th5_rho1,power,38,20361723,10,1000,5.0,1.0,0.0,inf,True,5,4,18,13,False,0,,5.37,1.0,False,0.248,False,1.0,False,18.11,1.0,False,30.07,64.74
39,power_n10_th5_rho1,power,39,20369642,10,1000,5.0,1.0,0.0,inf,True,4,3,24,11,False,0,,5.76,1.0,False,0.611,False,1.0,False,19.22,1.0,False,30.66,65.24
40,power_n10_th5_rho1,power,40,20377561,10,1000,5.0,1.0,0.0,inf,True,2,1,10,3,False,0,,4.41,1.0,False,1.0,False,1.0,False,16.91,1.0,False,25.36,56.54
41,power_n10_th5_rho1,power,41,20385480,10,1000,5.0,1.0,0.0,inf,True,3,2,8,0,False,0,,3.61,1.0,False,1.0,False,1.0,False,15.2,1.0,False,25.63,53.08
42,power_n10_th5_rho1,power,42,20393399,10,1000,5.0,1.0,0.0,inf,True,4,3,23,17,False,0,,8.44,1.0,False,0.062,False,1.0,False,19.87,1.0,False,23.18,60.96
43,power_n10_th5_rho1,power,43,20401318,10,1000,5.0,1.0,0.0,inf,True,5,4,18,6,False,0,,5.07,1.0,False,0.804,False,1.0,False,18.06,1.0,False,34.8,68.63
44,power_n10_th5_rho1,power,44,20409237,10,1000,5.0,1.0,0.0,inf,True,7,6,15,7,False,0,,5.56,0.164,False,0.811,False,0.106,False,16.92,1.0,False,32.41,66.4
45,power_n10_th5_rho1,power,45,20417156,10,1000,5.0,1.0,0.0,inf,True,4,3,12,8,False,0,,5.06,0.382,False,0.854,False,0.463,False,16.05,1.0,False,31.64,62.45
46,power_n10_th5_rho1,power,46,20425075,10,1000,5.0,1.0,0.0,inf,True,3,2,9,4,False,0,,3.15,1.0,False,0.757,False,1.0,False,15.13,1.0,False,33.72,62.37
47,power_n10_th5_rho1,power,47,20432994,10,1000,5.0,1.0,0.0,inf,True,2,1,3,0,False,0,,2.02,1.0,False,1.0,False,1.0,False,13.64,1.0,False,35.83,61.13
48,power_n10_th5_rho1,power,48,20440913,10,1000,5.0,1.0,0.0,inf,True,5,4,19,4,False,0,,5.45,1.0,False,0.667,False,1.0,False,19.28,1.0,False,25.67,60.44
49,power_n10_th5_rho1,power,49,20448832,10,1000,5.0,1.0,0.0,inf,True,3,2,11,7,False,0,,4.78,1.0,False,0.742,False,1.0,False,16.8,1.0,False,27.25,59.06
50,power_n10_th5_rho4,power,0,20456751,10,1000,5.0,4.0,0.0,inf,True,12,11,11,1,False,0,,6.13,1.0,False,1.0,False,1.0,False,16.87,1.0,False,22.0,55.35
51,power_n10_th5_rho4,power,1,20464670,10,1000,5.0,4.0,0.0,inf,True,7,6,8,3,False,0,,6.66,1.0,False,1.0,False,1.0,False,15.29,1.0,False,25.94,58.51
52,power_n10_th5_rho4,power,2,20472589,10,1000,5.0,4.0,0.0,inf,True,17,16,25,18,True,1,532,10.72,5.9e-05,True,0.047,True,0.0,True,20.2,1.0,False,29.36,70.95
53,power_n10_th5_rho4,power,3,20480508,10,1000,5.0,4.0,0.0,inf,True,8,7,8,5,False,0,,4.96,1.0,False,0.427,False,1.0,False,16.33,1.0,False,29.27,61.28
54,power_n10_th5_rho4,power,4,20488427,10,1000,5.0,4.0,0.0,inf,True,9,8,13,9,True,1,495,11.49,0.0262,True,0.199,False,0.001,True,17.02,1.0,False,29.05,68.6
55,power_n10_th5_rho4,power,5,20496346,10,1000,5.0,4.0,0.0,inf,True,8,7,12,6,False,0,,5.69,1.0,False,0.965,False,1.0,False,16.12,1.0,False,31.95,64.58
56,power_n10_th5_rho4,power,6,20504265,10,1000,5.0,4.0,0.0,inf,True,3,2,5,3,False,0,,2.98,1.0,False,1.0,False,1.0,False,16.53,1.0,False,26.67,56.57
57,power_n10_th5_rho4,power,7,20512184,10,1000,5.0,4.0,0.0,inf,True,13,12,16,9,False,0,,5.21,1.0,False,0.19,False,1.0,False,16.63,1.0,False,25.53,58.19
58,power_n10_th5_rho4,power,8,20520103,10,1000,5.0,4.0,0.0,inf,True,17,16,20,15,False,0,,6.54,0.0729,False,0.436,False,0.082,False,19.39,1.0,False,22.42,59.92
59,power_n10_th5_rho4,power,9,20528022,10,1000,5.0,4.0,0.0,inf,True,15,14,16,11,False,0,,6.16,1.0,False,0.489,False,1.0,False,18.08,1.0,False,22.96,57.53
60,power_n10_th5_rho4,power,10,20535941,10,1000,5.0,4.0,0.0,inf,True,8,7,13,11,False,0,,4.74,1.0,False,0.732,False,1.0,False,16.07,1.0,False,24.34,55.46
61,power_n10_th5_rho4,power,11,20543860,10,1000,5.0,4.0,0.0,inf,True,9,8,16,11,True,1,396,7.74,1.0,False,0.078,False,1.0,False,19.14,1.0,False,30.06,66.83
62,power_n10_th5_rho4,power,12,20551779,10,1000,5.0,4.0,0.0,inf,True,7,6,23,7,False,0,,6.66,1.0,False,0.904,False,1.0,False,18.77,1.0,False,32.2,67.8
63,power_n10_th5_rho4,power,13,20559698,10,1000,5.0,4.0,0.0,inf,True,7,6,23,18,False,0,,5.08,1.0,False,0.697,False,1.0,False,18.85,1.0,False,31.18,65.72
64,power_n10_th5_rho4,power,14,20567617,10,1000,5.0,4.0,0.0,inf,True,10,9,13,9,False,0,,4.26,0.21,False,0.996,False,0.702,False,15.32,1.0,False,31.61,60.98
65,power_n10_th5_rho4,power,15,20575536,10,1000,5.0,4.0,0.0,inf,True,13,12,11,3,False,0,,5.57,1.0,False,0.964,False,1.0,False,16.11,1.0,False,30.92,62.02
66,power_n10_th5_rho4,power,16,20583455,10,1000,5.0,4.0,0.0,inf,True,19,18,22,19,False,0,,5.48,1.0,False,0.643,False,1.0,False,20.74,1.0,False,23.1,59.01
67,power_n10_th5_rho4,power,17,20591374,10,1000,5.0,4.0,0.0,inf,True,16,15,8,5,False,0,,5.12,1.0,False,0.783,False,1.0,False,16.94,1.0,False,26.07,59.03
68,power_n10_th5_rho4,power,18,20599293,10,1000,5.0,4.0,0.0,inf,True,2,1,7,2,False,0,,6.44,1.0,False,1.0,False,1.0,False,15.37,1.0,False,23.77,56.36
69,power_n10_th5_rho4,power,19,20607212,10,1000,5.0,4.0,0.0,inf,True,11,10,29,22,False,0,,6.94,0.012,True,0.242,False,0.014,True,20.94,1.0,False,32.75,72.2
70,power_n10_th5_rho4,power,20,20615131,10,1000,5.0,4.0,0.0,inf,True,14,13,20,15,False,0,,4.57,0.000928,True,0.118,False,0.0,True,19.58,1.0,False,32.24,66.65
71,power_n10_th5_rho4,power,21,20623050,10,1000,5.0,4.0,0.0,inf,True,14,13,20,15,False,0,,5.71,0.0738,False,0.308,False,0.223,False,19.04,1.0,False,31.56,66.34
72,power_n10_th5_rho4,power,22,20630969,10,1000,5.0,4.0,0.0,inf,True,9,8,8,3,False,0,,3.15,1.0,False,0.846,False,1.0,False,15.39,1.0,False,22.58,51.68
73,power_n10_th5_rho4,power,23,20638888,10,1000,5.0,4.0,0.0,inf,True,6,5,6,1,False,0,,3.3,1.0,False,1.0,False,1.0,False,16.76,1.0,False,31.54,62.03
74,power_n10_th5_rho4,power,24,20646807,10,1000,5.0,4.0,0.0,inf,True,13,12,10,6,False,0,,5.88,1.0,False,0.727,False,1.0,False,16.2,1.0,False,29.88,61.8
75,power_n10_th5_rho4,power,25,20654726,10,1000,5.0,4.0,0.0,inf,True,8,7,4,3,False,0,,3.58,1.0,False,1.0,False,0.664,False,15.82,1.0,False,21.49,51.49
76,power_n10_th5_rho4,power,26,20662645,10,1000,5.0,4.0,0.0,inf,True,6,5,11,7,False,0,,7.14,0.231,False,0.724,False,0.254,False,17.23,1.0,False,22.28,56.18
77,power_n10_th5_rho4,power,27,20670564,10,1000,5.0,4.0,0.0,inf,True,15,14,17,9,False,0,,5.36,1.0,False,0.495,False,1.0,False,18.84,1.0,False,21.34,56.18
78,power_n10_th5_rho4,power,28,20678483,10,1000,5.0,4.0,0.0,inf,True,9,8,11,9,False,0,,6.32,0.296,False,0.451,False,1.0,False,16.23,1.0,False,26.23,60.01
79,power_n10_th5_rho4,power,29,20686402,10,1000,5.0,4.0,0.0,inf,True,17,16,21,13,False,0,,5.18,0.209,False,0.42,False,0.306,False,20.54,1.0,False,30.03,65.45
80,power_n10_th5_rho4,power,30,20694321,10,1000,5.0,4.0,0.0,inf,True,14,13,24,17,False,0,,5.42,0.159,False,0.747,False,0.047,True,19.1,1.0,False,29.97,65.88
81,power_n10_th5_rho4,power,31,20702240,10,1000,5.0,4.0,0.0,inf,True,21,20,19,12,False,0,,5.57,0.00892,True,0.026,True,0.029,True,17.74,1.0,False,30.14,63.67
82,power_n10_th5_rho4,power,32,20710159,10,1000,5.0,4.0,0.0,inf,True,11,10,33,19,True,1,474,12.18,0.177,False,0.079,False,0.383,False,22.81,1.0,False,22.11,65.71
83,power_n10_th5_rho4,power,33,20718078,10,1000,5.0,4.0,0.0,inf,True,12,11,14,9,False,0,,6.46,0.00234,True,0.177,False,0.002,True,16.87,1.0,False,23.41,57.16
84,power_n10_th5_rho4,power,34,20725997,10,1000,5.0,4.0,0.0,inf,True,14,13,12,8,False,0,,4.73,1.0,False,0.333,False,1.0,False,16.93,1.0,False,22.76,54.23
85,power_n10_th5_rho4,power,35,20733916,10,1000,5.0,4.0,0.0,inf,True,9,8,8,4,False,0,,7.42,1.0,False,0.59,False,1.0,False,15.61,1.0,False,21.94,55.31
86,power_n10_th5_rho4,power,36,20741835,10,1000,5.0,4.0,0.0,inf,True,4,3,15,6,False,0,,5.41,1.0,False,0.131,False,1.0,False,18.76,1.0,False,23.68,57.91
87,power_n10_th5_rho4,power,37,20749754,10,1000,5.0,4.0,0.0,inf,True,20,19,26,9,False,0,,6.82,0.0262,True,0.713,False,0.012,True,21.61,1.0,False,32.48,71.56
88,power_n10_th5_rho4,power,38,20757673,10,1000,5.0,4.0,0.0,inf,True,10,9,11,9,False,0,,7.73,0.296,False,0.947,False,0.026,True,16.5,1.0,False,25.95,60.21
89,power_n10_th5_rho4,power,39,20765592,10,1000,5.0,4.0,0.0,inf,True,8,7,12,9,False,0,,2.55,1.0,False,0.084,False,1.0,False,16.48,1.0,False,24.41,53.2
90,power_n10_th5_rho4,power,40,20773511,10,1000,5.0,4.0,0.0,inf,True,7,6,25,23,False,0,,5.96,1.0,False,0.001,True,1.0,False,18.68,3.4021712e-05,True,33.7,68.46
91,power_n10_th5_rho4,power,41,20781430,10,1000,5.0,4.0,0.0,inf,True,3,2,7,3,False,0,,5.05,1.0,False,1.0,False,1.0,False,15.2,1.0,False,31.34,61.82
92,power_n10_th5_rho4,power,42,20789349,10,1000,5.0,4.0,0.0,inf,True,11,10,10,3,False,0,,4.66,1.0,False,0.999,False,1.0,False,14.52,1.0,False,31.25,60.58
93,power_n10_th5_rho4,power,43,20797268,10,1000,5.0,4.0,0.0,inf,True,14,13,31,16,False,0,,5.88,0.0366,True,0.063,False,0.027,True,23.41,1.0,False,22.56,61.86
94,power_n10_th5_rho4,power,44,20805187,10,1000,5.0,4.0,0.0,inf,True,13,12,17,4,False,0,,6.56,1.0,False,0.804,False,1.0,False,17.77,1.0,False,24.42,59.26
95,power_n10_th5_rho4,power,45,20813106,10,1000,5.0,4.0,0.0,inf,True,11,10,10,6,False,0,,3.73,1.0,False,0.818,False,1.0,False,16.47,1.0,False,23.99,54.76
96,power_n10_th5_rho4,power,46,20821025,10,1000,5.0,4.0,0.0,inf,True,7,6,17,11,False,0,,6.66,1.0,False,0.763,False,1.0,False,18.69,1.0,False,21.41,57.34
97,power_n10_th5_rho4,power,47,20828944,10,1000,5.0,4.0,0.0,inf,True,3,2,6,5,False,0,,3.24,1.0,False,1.0,False,1.0,False,16.06,1.0,False,30.08,59.48
98,power_n10_th5_rho4,power,48,20836863,10,1000,5.0,4.0,0.0,inf,True,4,3,4,4,False,0,,3.19,1.0,False,1.0,False,1.0,False,15.29,1.0,False,26.44,54.64
99,power_n10_th5_rho4,power,49,20844782,10,1000,5.0,4.0,0.0,inf,True,17,16,22,17,False,0,,5.57,1.0,False,0.231,False,1.0,False,19.23,1.0,False,25.14,61.67
100,power_n10_th5_rho16,power,0,20852701,10,1000,5.0,16.0,0.0,inf,True,37,36,7,3,False,0,,3.72,1.0,False,1.0,False,1.0,False,15.49,1.0,False,28.69,57.77
101,power_n10_th5_rho16,power,1,20860620,10,1000,5.0,16.0,0.0,inf,True,50,49,26,12,False,0,,6.25,0.0746,False,0.533,False,0.119,False,20.87,1.0,False,22.48,61.39
102,power_n10_th5_rho16,power,2,20868539,10,1000,5.0,16.0,0.0,inf,True,31,30,19,9,False,0,,6.25,0.0583,False,0.169,False,0.001,True,19.05,1.0,False,23.41,58.66
103,power_n10_th5_rho16,power,3,20876458,10,1000,5.0,16.0,0.0,inf,True,36,35,13,5,False,0,,3.95,1.0,False,0.344,False,1.0,False,17.62,1.0,False,27.83,59.89
104,power_n10_th5_rho16,power,4,20884377,10,1000,5.0,16.0,0.0,inf,True,31,30,11,6,False,0,,6.2,0.5,False,0.744,False,0.318,False,17.24,1.0,False,22.68,56.68
105,power_n10_th5_rho16,power,5,20892296,10,1000,5.0,16.0,0.0,inf,True,51,50,12,7,False,0,,6.07,0.588,False,0.347,False,0.055,False,16.18,1.0,False,23.81,56.29
106,power_n10_th5_rho16,power,6,20900215,10,1000,5.0,16.0,0.0,inf,True,40,39,16,13,False,0,,5.01,0.0266,True,0.18,False,0.003,True,17.63,1.0,False,26.18,58.63
107,power_n10_th5_rho16,power,7,20908134,10,1000,5.0,16.0,0.0,inf,True,37,36,11,5,False,0,,7.32,0.0633,False,0.753,False,0.2,False,17.68,1.0,False,26.08,61.46
108,power_n10_th5_rho16,power,8,20916053,10,1000,5.0,16.0,0.0,inf,True,31,30,11,4,False,0,,5.8,1.0,False,0.733,False,1.0,False,18.31,1.0,False,24.3,59.81
109,power_n10_th5_rho16,power,9,20923972,10,1000,5.0,16.0,0.0,inf,True,39,38,16,12,True,1,521,11.59,0.254,False,0.686,False,0.026,True,18.53,1.0,False,21.94,62.17
110,power_n10_th5_rho16,power,10,20931891,10,1000,5.0,16.0,0.0,inf,True,41,40,21,14,False,0,,6.11,0.0094,True,0.008,True,0.0,True,19.83,1.0,False,24.43,60.66
111,power_n10_th5_rho16,power,11,20939810,10,1000,5.0,16.0,0.0,inf,True,36,35,10,6,False,0,,3.34,0.5,False,0.918,False,0.091,False,15.73,1.0,False,22.18,51.2
112,power_n10_th5_rho16,power,12,20947729,10,1000,5.0,16.0,0.0,inf,True,38,37,11,8,False,0,,6.59,0.0243,True,0.235,False,0.016,True,17.12,1.0,False,21.94,55.95
113,power_n10_th5_rho16,power,13,20955648,10,1000,5.0,16.0,0.0,inf,True,30,29,9,3,False,0,,4.29,1.0,False,0.549,False,0.317,False,15.69,1.0,False,20.09,50.72
114,power_n10_th5_rho16,power,14,20963567,10,1000,5.0,16.0,0.0,inf,True,35,34,15,7,False,0,,7.57,0.01,True,0.648,False,0.04,True,18.25,1.0,False,24.55,60.1
115,power_n10_th5_rho16,power,15,20971486,10,1000,5.0,16.0,0.0,inf,True,23,22,6,3,False,0,,3.32,1.0,False,0.655,False,1.0,False,16.05,1.0,False,25.82,55.83
116,power_n10_th5_rho16,power,16,20979405,10,1000,5.0,16.0,0.0,inf,True,39,38,16,9,False,0,,6.45,0.0936,False,0.823,False,0.655,False,20.15,1.0,False,22.53,58.93
117,power_n10_th5_rho16,power,17,20987324,10,1000,5.0,16.0,0.0,inf,True,39,38,20,16,False,0,,6.25,0.000989,True,0.77,False,0.007,True,20.14,1.0,False,25.24,61.5
118,power_n10_th5_rho16,power,18,20995243,10,1000,5.0,16.0,0.0,inf,True,42,41,17,7,False,0,,6.52,0.0125,True,0.096,False,0.317,False,18.85,1.0,False,23.07,59.1
119,power_n10_th5_rho16,power,19,21003162,10,1000,5.0,16.0,0.0,inf,True,48,47,25,12,False,0,,5.68,0.437,False,0.168,False,0.325,False,22.17,1.0,False,24.9,63.62
120,power_n10_th5_rho16,power,20,21011081,10,1000,5.0,16.0,0.0,inf,True,30,29,14,10,False,0,,5.62,0.0122,True,0.205,False,0.029,True,17.34,1.0,False,23.87,57.22
121,power_n10_th5_rho16,power,21,21019000,10,1000,5.0,16.0,0.0,inf,True,42,41,18,16,False,0,,6.56,5.93e-08,True,0.062,False,0.0,True,20.3,1.0,False,22.56,58.83
122,power_n10_th5_rho16,power,22,21026919,10,1000,5.0,16.0,0.0,inf,True,46,45,9,5,False,0,,3.85,0.227,False,0.804,False,0.098,False,16.43,1.0,False,22.59,53.3
123,power_n10_th5_rho16,power,23,21034838,10,1000,5.0,16.0,0.0,inf,True,44,43,28,15,False,0,,5.82,0.176,False,0.179,False,0.451,False,21.93,1.0,False,27.09,65.39
124,power_n10_th5_rho16,power,24,21042757,10,1000,5.0,16.0,0.0,inf,True,22,21,10,6,False,0,,5.56,0.0569,False,0.797,False,0.367,False,17.01,1.0,False,26.9,59.13
125,power_n10_th5_rho16,power,25,21050676,10,1000,5.0,16.0,0.0,inf,True,47,46,26,20,True,1,321,10.81,0.000402,True,0.098,False,0.0,True,20.53,1.0,False,22.29,63.36
126,power_n10_th5_rho16,power,26,21058595,10,1000,5.0,16.0,0.0,inf,True,29,28,7,2,False,0,,4.8,1.0,False,1.0,False,1.0,False,16.68,1.0,False,21.03,53.51
127,power_n10_th5_rho16,power,27,21066514,10,1000,5.0,16.0,0.0,inf,True,38,37,21,14,False,0,,6.63,0.0641,False,0.152,False,0.01,True,19.36,1.0,False,29.55,65.84
128,power_n10_th5_rho16,power,28,21074433,10,1000,5.0,16.0,0.0,inf,True,24,23,12,7,False,0,,5.71,0.134,False,0.462,False,0.048,True,18.64,1.0,False,28.19,62.51
129,power_n10_th5_rho16,power,29,21082352,10,1000,5.0,16.0,0.0,inf,True,38,37,16,11,False,0,,5.34,0.0549,False,0.808,False,0.025,True,18.06,1.0,False,28.21,62.35
130,power_n10_th5_rho16,power,30,21090271,10,1000,5.0,16.0,0.0,inf,True,32,31,14,10,False,0,,6.68,0.62,False,0.36,False,0.365,False,17.98,1.0,False,23.19,57.01
131,power_n10_th5_rho16,power,31,21098190,10,1000,5.0,16.0,0.0,inf,True,32,31,10,8,False,0,,5.48,0.375,False,0.736,False,0.239,False,17.15,1.0,False,22.24,55.28
132,power_n10_th5_rho16,power,32,21106109,10,1000,5.0,16.0,0.0,inf,True,42,41,24,14,False,0,,5.6,0.208,False,0.473,False,0.223,False,20.32,1.0,False,24.09,59.61
133,power_n10_th5_rho16,power,33,21114028,10,1000,5.0,16.0,0.0,inf,True,34,33,18,13,False,0,,8.87,0.191,False,0.863,False,0.262,False,19.31,1.0,False,22.62,61.26
134,power_n10_th5_rho16,power,34,21121947,10,1000,5.0,16.0,0.0,inf,True,34,33,12,7,False,0,,6.07,1.0,False,0.973,False,1.0,False,17.26,1.0,False,22.11,56.54
135,power_n10_th5_rho16,power,35,21129866,10,1000,5.0,16.0,0.0,inf,True,35,34,13,9,True,1,548,8.2,0.00298,True,0.434,False,0.018,True,16.86,1.0,False,28.24,64.31
136,power_n10_th5_rho16,power,36,21137785,10,1000,5.0,16.0,0.0,inf,True,20,19,17,16,False,0,,5.59,0.0147,True,0.527,False,0.006,True,18.81,1.0,False,28.64,63.55
137,power_n10_th5_rho16,power,37,21145704,10,1000,5.0,16.0,0.0,inf,True,34,33,14,10,False,0,,6.1,0.0093,True,0.326,False,0.026,True,18.41,1.0,False,28.05,62.21
138,power_n10_th5_rho16,power,38,21153623,10,1000,5.0,16.0,0.0,inf,True,32,31,23,14,True,1,322,9.97,0.00355,True,0.062,False,0.004,True,19.63,1.0,False,27.07,67.0
139,power_n10_th5_rho16,power,39,21161542,10,1000,5.0,16.0,0.0,inf,True,40,39,13,9,False,0,,5.33,0.0463,True,0.64,False,0.144,False,17.32,1.0,False,24.67,56.93
140,power_n10_th5_rho16,power,40,21169461,10,1000,5.0,16.0,0.0,inf,True,49,48,18,12,False,0,,5.46,0.0225,True,0.474,False,0.005,True,18.31,1.0,False,22.99,56.73
141,power_n10_th5_rho16,power,41,21177380,10,1000,5.0,16.0,0.0,inf,True,22,21,16,9,False,0,,6.21,0.969,False,0.736,False,0.431,False,18.72,1.0,False,20.92,56.17
142,power_n10_th5_rho16,power,42,21185299,10,1000,5.0,16.0,0.0,inf,True,43,42,18,4,False,0,,7.8,0.5,False,0.729,False,0.656,False,19.26,1.0,False,21.01,58.93
143,power_n10_th5_rho16,power,43,21193218,10,1000,5.0,16.0,0.0,inf,True,33,32,16,10,False,0,,6.04,0.744,False,0.652,False,0.114,False,18.75,1.0,False,26.39,61.33
144,power_n10_th5_rho16,power,44,21201137,10,1000,5.0,16.0,0.0,inf,True,30,29,8,3,False,0,,3.9,1.0,False,0.74,False,1.0,False,14.72,1.0,False,19.86,48.86
145,power_n10_th5_rho16,power,45,21209056,10,1000,5.0,16.0,0.0,inf,True,42,41,17,10,False,0,,4.64,0.752,False,0.578,False,0.501,False,17.79,1.0,False,27.9,60.45
146,power_n10_th5_rho16,power,46,21216975,10,1000,5.0,16.0,0.0,inf,True,40,39,12,6,False,0,,3.82,0.351,False,0.995,False,0.479,False,18.39,1.0,False,28.39,60.72
147,power_n10_th5_rho16,power,47,21224894,10,1000,5.0,16.0,0.0,inf,True,43,42,11,8,False,0,,4.96,0.138,False,0.995,False,0.757,False,19.11,1.0,False,27.93,62.22
148,power_n10_th5_rho16,power,48,21232813,10,1000,5.0,16.0,0.0,inf,True,33,32,16,4,False,0,,5.04,0.159,False,0.659,False,1.0,False,18.28,1.0,False,26.78,59.33
149,power_n10_th5_rho16,power,49,21240732,10,1000,5.0,16.0,0.0,inf,True,18,17,8,5,False,0,,4.71,1.0,False,0.904,False,1.0,False,16.17,1.0,False,21.32,53.71
150,power_n10_th5_rho64,power,0,21248651,10,1000,5.0,64.0,0.0,inf,True,105,104,12,11,False,0,,4.81,1.0,False,0.232,False,1.0,False,16.81,1.0,False,22.32,54.3
151,power_n10_th5_rho64,power,1,21256570,10,1000,5.0,64.0,0.0,inf,True,129,128,17,11,False,0,,6.04,0.132,False,0.9,False,0.023,True,19.6,1.0,False,21.09,58.59
152,power_n10_th5_rho64,power,2,21264489,10,1000,5.0,64.0,0.0,inf,True,130,129,11,10,False,0,,6.61,0.0489,True,0.692,False,0.097,False,16.3,1.0,False,27.32,60.94
153,power_n10_th5_rho64,power,3,21272408,10,1000,5.0,64.0,0.0,inf,True,149,148,12,5,False,0,,5.08,0.179,False,0.425,False,0.2,False,16.71,1.0,False,24.35,57.48
154,power_n10_th5_rho64,power,4,21280327,10,1000,5.0,64.0,0.0,inf,True,132,131,13,8,False,0,,5.68,0.683,False,1.0,False,0.574,False,17.26,1.0,False,27.59,61.81
155,power_n10_th5_rho64,power,5,21288246,10,1000,5.0,64.0,0.0,inf,True,143,142,16,7,False,0,,4.68,0.0303,True,0.163,False,0.126,False,19.12,1.0,False,29.57,64.34
156,power_n10_th5_rho64,power,6,21296165,10,1000,5.0,64.0,0.0,inf,True,139,138,17,11,False,0,,5.7,0.638,False,0.507,False,0.026,True,18.51,1.0,False,27.59,62.35
157,power_n10_th5_rho64,power,7,21304084,10,1000,5.0,64.0,0.0,inf,True,119,118,12,12,False,0,,5.96,0.129,False,0.579,False,0.003,True,17.65,1.0,False,23.38,57.64
158,power_n10_th5_rho64,power,8,21312003,10,1000,5.0,64.0,0.0,inf,True,134,133,19,11,False,0,,6.08,0.0056,True,0.639,False,0.011,True,18.78,1.0,False,20.59,55.59
159,power_n10_th5_rho64,power,9,21319922,10,1000,5.0,64.0,0.0,inf,True,150,149,22,13,False,0,,5.66,0.218,False,0.292,False,0.491,False,20.39,1.0,False,22.14,58.31
160,power_n10_th5_rho64,power,10,21327841,10,1000,5.0,64.0,0.0,inf,True,106,105,15,12,False,0,,6.73,0.0976,False,0.787,False,0.009,True,19.13,1.0,False,27.34,64.78
161,power_n10_th5_rho64,power,11,21335760,10,1000,5.0,64.0,0.0,inf,True,129,128,19,15,False,0,,5.2,0.642,False,0.134,False,0.004,True,19.14,1.0,False,26.85,62.48
162,power_n10_th5_rho64,power,12,21343679,10,1000,5.0,64.0,0.0,inf,True,95,94,9,6,False,0,,4.04,0.0276,True,0.896,False,0.103,False,15.65,1.0,False,26.64,56.76
163,power_n10_th5_rho64,power,13,21351598,10,1000,5.0,64.0,0.0,inf,True,118,117,12,7,False,0,,3.6,0.0841,False,0.403,False,0.126,False,18.08,1.0,False,23.15,55.67
164,power_n10_th5_rho64,power,14,21359517,10,1000,5.0,64.0,0.0,inf,True,143,142,27,18,True,1,624,8.26,2.8e-05,True,0.299,False,0.0,True,22.57,1.0,False,33.88,76.47
165,power_n10_th5_rho64,power,15,21367436,10,1000,5.0,64.0,0.0,inf,True,116,115,9,6,False,0,,5.21,0.921,False,0.624,False,1.0,False,17.1,1.0,False,31.51,64.15
166,power_n10_th5_rho64,power,16,21375355,10,1000,5.0,64.0,0.0,inf,True,108,107,4,1,False,0,,4.1,1.0,False,1.0,False,1.0,False,15.57,1.0,False,29.24,58.8
167,power_n10_th5_rho64,power,17,21383274,10,1000,5.0,64.0,0.0,inf,True,117,116,11,5,False,0,,7.16,1.0,False,0.323,False,1.0,False,16.34,1.0,False,20.66,54.81
168,power_n10_th5_rho64,power,18,21391193,10,1000,5.0,64.0,0.0,inf,True,128,127,10,7,False,0,,4.65,0.285,False,0.98,False,0.197,False,16.32,1.0,False,33.11,66.77
169,power_n10_th5_rho64,power,19,21399112,10,1000,5.0,64.0,0.0,inf,True,137,136,10,4,False,0,,5.82,1.0,False,0.86,False,1.0,False,16.56,1.0,False,34.27,68.18
170,power_n10_th5_rho64,power,20,21407031,10,1000,5.0,64.0,0.0,inf,True,129,128,13,9,False,0,,3.37,0.00234,True,1.0,False,0.004,True,17.21,1.0,False,33.88,65.06
171,power_n10_th5_rho64,power,21,21414950,10,1000,5.0,64.0,0.0,inf,True,157,156,16,8,False,0,,6.0,0.375,False,0.778,False,0.208,False,17.43,1.0,False,28.3,61.77
172,power_n10_th5_rho64,power,22,21422869,10,1000,5.0,64.0,0.0,inf,True,179,178,23,17,False,0,,5.14,0.0256,True,0.087,False,0.061,False,23.63,1.0,False,29.57,69.29
173,power_n10_th5_rho64,power,23,21430788,10,1000,5.0,64.0,0.0,inf,True,148,147,18,11,False,0,,6.23,0.0748,False,0.54,False,0.163,False,20.1,1.0,False,31.0,67.72
174,power_n10_th5_rho64,power,24,21438707,10,1000,5.0,64.0,0.0,inf,True,106,105,8,3,False,0,,5.63,1.0,False,0.913,False,0.664,False,17.3,1.0,False,31.78,65.1
175,power_n10_th5_rho64,power,25,21446626,10,1000,5.0,64.0,0.0,inf,True,131,130,15,6,False,0,,4.73,0.132,False,0.981,False,0.14,False,23.74,1.0,False,24.12,64.94
176,power_n10_th5_rho64,power,26,21454545,10,1000,5.0,64.0,0.0,inf,True,155,154,20,13,False,0,,6.33,0.0114,True,0.603,False,0.001,True,20.35,1.0,False,30.59,68.5
177,power_n10_th5_rho64,power,27,21462464,10,1000,5.0,64.0,0.0,inf,True,99,98,8,3,False,0,,6.73,1.0,False,1.0,False,1.0,False,15.37,1.0,False,32.2,65.84
178,power_n10_th5_rho64,power,28,21470383,10,1000,5.0,64.0,0.0,inf,True,130,129,12,10,False,0,,3.62,0.35,False,0.57,False,0.049,True,17.91,1.0,False,34.59,67.94
179,power_n10_th5_rho64,power,29,21478302,10,1000,5.0,64.0,0.0,inf,True,146,145,13,4,False,0,,6.06,0.5,False,0.987,False,0.656,False,16.98,1.0,False,32.64,66.95
180,power_n10_th5_rho64,power,30,21486221,10,1000,5.0,64.0,0.0,inf,True,129,128,21,15,False,0,,6.54,0.3,False,0.938,False,0.081,False,20.15,1.0,False,25.03,62.0
181,power_n10_th5_rho64,power,31,21494140,10,1000,5.0,64.0,0.0,inf,True,109,108,12,9,False,0,,5.38,0.00376,True,0.574,False,0.004,True,17.62,1.0,False,25.98,59.99
182,power_n10_th5_rho64,power,32,21502059,10,1000,5.0,64.0,0.0,inf,True,130,129,7,3,False,0,,5.8,1.0,False,1.0,False,0.664,False,15.86,1.0,False,26.71,59.34
183,power_n10_th5_rho64,power,33,21509978,10,1000,5.0,64.0,0.0,inf,True,171,170,16,9,False,0,,7.83,0.0384,True,0.27,False,0.022,True,19.53,1.0,False,24.03,60.82
184,power_n10_th5_rho64,power,34,21517897,10,1000,5.0,64.0,0.0,inf,True,162,161,18,10,False,0,,6.38,0.00144,True,0.591,False,0.0,True,19.89,1.0,False,33.2,70.9
185,power_n10_th5_rho64,power,35,21525816,10,1000,5.0,64.0,0.0,inf,True,147,146,17,9,False,0,,7.24,0.543,False,0.879,False,0.276,False,18.64,1.0,False,32.21,69.92
186,power_n10_th5_rho64,power,36,21533735,10,1000,5.0,64.0,0.0,inf,True,175,174,14,9,False,0,,5.26,0.0811,False,0.495,False,0.111,False,18.2,1.0,False,33.32,69.06
187,power_n10_th5_rho64,power,37,21541654,10,1000,5.0,64.0,0.0,inf,True,118,117,13,8,False,0,,4.64,0.298,False,0.534,False,0.09,False,16.63,1.0,False,32.34,64.8
188,power_n10_th5_rho64,power,38,21549573,10,1000,5.0,64.0,0.0,inf,True,140,139,13,4,False,0,,4.91,0.5,False,0.364,False,0.83,False,18.35,1.0,False,26.23,60.6
189,power_n10_th5_rho64,power,39,21557492,10,1000,5.0,64.0,0.0,inf,True,122,121,18,8,False,0,,5.38,0.305,False,0.467,False,0.059,False,19.21,1.0,False,27.19,62.88
190,power_n10_th5_rho64,power,40,21565411,10,1000,5.0,64.0,0.0,inf,True,132,131,16,6,False,0,,6.49,0.00666,True,0.83,False,0.049,True,19.62,1.0,False,28.97,66.22
191,power_n10_th5_rho64,power,41,21573330,10,1000,5.0,64.0,0.0,inf,True,132,131,19,10,False,0,,5.49,0.00665,True,0.564,False,0.006,True,20.47,1.0,False,25.15,60.58
192,power_n10_th5_rho64,power,42,21581249,10,1000,5.0,64.0,0.0,inf,True,154,153,13,9,False,0,,5.59,0.0134,True,0.687,False,0.01,True,18.01,1.0,False,24.17,58.1
193,power_n10_th5_rho64,power,43,21589168,10,1000,5.0,64.0,0.0,inf,True,140,139,13,6,False,0,,4.72,0.199,False,0.998,False,0.179,False,17.37,1.0,False,30.59,63.25
194,power_n10_th5_rho64,power,44,21597087,10,1000,5.0,64.0,0.0,inf,True,109,108,10,7,False,0,,5.17,1.0,False,0.996,False,1.0,False,16.98,1.0,False,31.59,64.47
195,power_n10_th5_rho64,power,45,21605006,10,1000,5.0,64.0,0.0,inf,True,146,145,13,10,False,0,,6.4,0.337,False,0.61,False,0.806,False,17.91,1.0,False,33.37,68.21
196,power_n10_th5_rho64,power,46,21612925,10,1000,5.0,64.0,0.0,inf,True,118,117,13,3,False,0,,4.25,1.0,False,0.265,False,0.664,False,17.86,1.0,False,30.86,63.81
197,power_n10_th5_rho64,power,47,21620844,10,1000,5.0,64.0,0.0,inf,True,115,114,11,7,False,0,,4.67,0.665,False,0.816,False,0.246,False,16.65,1.0,False,30.91,62.02
198,power_n10_th5_rho64,power,48,21628763,10,1000,5.0,64.0,0.0,inf,True,155,154,19,10,False,0,,4.97,0.122,False,0.057,False,0.051,False,18.95,1.0,False,28.22,62.69
199,power_n10_th5_rho64,power,49,21636682,10,1000,5.0,64.0,0.0,inf,True,163,162,18,15,True,1,446,7.97,3.89e-08,True,0.053,False,0.0,True,18.56,1.0,False,26.71,63.66
200,power_n10_th10_rho1,power,0,21644601,10,1000,10.0,1.0,0.0,inf,True,5,4,19,12,False,0,,5.98,1.0,False,0.733,False,1.0,False,20.26,1.0,False,22.09,58.42
201,power_n10_th10_rho1,power,1,21652520,10,1000,10.0,1.0,0.0,inf,True,3,2,14,9,False,0,,5.65,1.0,False,0.168,False,1.0,False,20.3,1.0,False,29.59,66.0
202,power_n10_th10_rho1,power,2,21660439,10,1000,10.0,1.0,0.0,inf,True,5,4,36,25,False,0,,6.54,0.67,False,0.929,False,1.0,False,23.74,1.0,False,29.2,70.07
203,power_n10_th10_rho1,power,3,21668358,10,1000,10.0,1.0,0.0,inf,True,2,1,13,9,False,0,,4.41,1.0,False,0.454,False,1.0,False,16.98,1.0,False,27.2,58.38
204,power_n10_th10_rho1,power,4,21676277,10,1000,10.0,1.0,0.0,inf,True,2,1,20,15,False,0,,5.58,1.0,False,0.127,False,1.0,False,20.09,1.0,False,30.24,66.28
205,power_n10_th10_rho1,power,5,21684196,10,1000,10.0,1.0,0.0,inf,True,3,2,32,25,False,0,,5.71,1.0,False,0.04,True,1.0,False,24.07,1.0,False,27.42,66.65
206,power_n10_th10_rho1,power,6,21692115,10,1000,10.0,1.0,0.0,inf,True,3,2,30,22,True,1,222,10.87,0.47,False,0.098,False,0.355,False,22.49,1.0,False,25.46,69.84
207,power_n10_th10_rho1,power,7,21700034,10,1000,10.0,1.0,0.0,inf,True,4,3,30,20,False,0,,5.7,1.0,False,0.265,False,1.0,False,23.05,1.0,False,26.57,65.38
208,power_n10_th10_rho1,power,8,21707953,10,1000,10.0,1.0,0.0,inf,True,2,1,29,17,False,0,,7.29,1.0,False,0.703,False,1.0,False,22.9,1.0,False,24.57,65.62
209,power_n10_th10_rho1,power,9,21715872,10,1000,10.0,1.0,0.0,inf,True,7,6,29,21,True,2,613;613,10.07,0.0245,True,0.0,True,0.074,False,21.64,3.118657e-05,True,39.1,81.48
210,power_n10_th10_rho1,power,10,21723791,10,1000,10.0,1.0,0.0,inf,True,3,2,24,19,False,0,,5.29,1.0,False,0.179,False,1.0,False,21.64,1.0,False,37.73,76.31
211,power_n10_th10_rho1,power,11,21731710,10,1000,10.0,1.0,0.0,inf,False,1,0,11,3,False,0,,5.47,1.0,False,0.965,False,1.0,False,17.3,1.0,False,41.27,74.47
212,power_n10_th10_rho1,power,12,21739629,10,1000,10.0,1.0,0.0,inf,False,1,0,13,6,False,0,,5.38,1.0,False,0.954,False,1.0,False,16.75,1.0,False,38.65,70.96
213,power_n10_th10_rho1,power,13,21747548,10,1000,10.0,1.0,0.0,inf,False,1,0,19,11,False,0,,6.08,1.0,False,0.956,False,1.0,False,18.42,1.0,False,37.3,71.89
214,power_n10_th10_rho1,power,14,21755467,10,1000,10.0,1.0,0.0,inf,True,3,2,40,9,False,0,,5.13,1.0,False,0.562,False,1.0,False,23.72,1.0,False,29.47,69.9
215,power_n10_th10_rho1,power,15,21763386,10,1000,10.0,1.0,0.0,inf,True,2,1,33,22,False,0,,5.88,1.0,False,0.453,False,1.0,False,23.63,1.0,False,28.3,68.6
216,power_n10_th10_rho1,power,16,21771305,10,1000,10.0,1.0,0.0,inf,True,11,10,51,20,False,0,,7.66,3.83e-06,True,0.132,False,0.001,True,29.05,2.9795014e-05,True,26.62,75.65
217,power_n10_th10_rho1,power,17,21779224,10,1000,10.0,1.0,0.0,inf,False,1,0,19,5,False,0,,5.86,1.0,False,0.975,False,1.0,False,20.49,1.0,False,32.48,69.67
218,power_n10_th10_rho1,power,18,21787143,10,1000,10.0,1.0,0.0,inf,True,5,4,12,6,False,0,,5.46,1.0,False,0.964,False,1.0,False,16.82,1.0,False,34.93,68.24
219,power_n10_th10_rho1,power,19,21795062,10,1000,10.0,1.0,0.0,inf,True,3,2,38,20,False,0,,6.15,1.0,False,0.991,False,1.0,False,23.45,1.0,False,34.95,75.8
220,power_n10_th10_rho1,power,20,21802981,10,1000,10.0,1.0,0.0,inf,False,1,0,31,7,False,0,,5.61,1.0,False,0.405,False,1.0,False,21.26,1.0,False,33.47,70.84
221,power_n10_th10_rho1,power,21,21810900,10,1000,10.0,1.0,0.0,inf,True,3,2,24,23,False,0,,6.21,1.0,False,1.0,False,1.0,False,21.01,1.0,False,34.36,71.5
222,power_n10_th10_rho1,power,22,21818819,10,1000,10.0,1.0,0.0,inf,True,7,6,32,21,False,0,,5.06,1.0,False,0.004,True,1.0,False,22.18,1.0,False,31.9,70.15
223,power_n10_th10_rho1,power,23,21826738,10,1000,10.0,1.0,0.0,inf,True,5,4,36,28,False,0,,5.3,0.232,False,0.443,False,0.009,True,23.17,1.0,False,32.91,71.08
224,power_n10_th10_rho1,power,24,21834657,10,1000,10.0,1.0,0.0,inf,True,2,1,13,3,False,0,,5.28,1.0,False,0.761,False,1.0,False,18.71,1.0,False,23.31,57.62
225,power_n10_th10_rho1,power,25,21842576,10,1000,10.0,1.0,0.0,inf,True,4,3,29,21,False,0,,5.57,1.0,False,0.416,False,1.0,False,22.31,1.0,False,29.78,68.16
226,power_n10_th10_rho1,power,26,21850495,10,1000,10.0,1.0,0.0,inf,True,3,2,16,9,False,0,,5.95,1.0,False,0.489,False,1.0,False,18.04,1.0,False,30.2,64.69
227,power_n10_th10_rho1,power,27,21858414,10,1000,10.0,1.0,0.0,inf,True,2,1,12,8,False,0,,5.14,1.0,False,0.198,False,1.0,False,16.49,1.0,False,29.2,61.67
228,power_n10_th10_rho1,power,28,21866333,10,1000,10.0,1.0,0.0,inf,True,3,2,40,12,False,0,,5.3,0.208,False,0.855,False,0.664,False,23.03,1.0,False,31.2,72.1
229,power_n10_th10_rho1,power,29,21874252,10,1000,10.0,1.0,0.0,inf,True,6,5,59,51,False,0,,5.3,1.0,False,0.704,False,1.0,False,28.79,1.0,False,30.17,74.08
230,power_n10_th10_rho1,power,30,21882171,10,1000,10.0,1.0,0.0,inf,True,3,2,36,13,False,0,,5.08,1.0,False,0.635,False,1.0,False,21.86,1.0,False,30.33,69.36
231,power_n10_th10_rho1,power,31,21890090,10,1000,10.0,1.0,0.0,inf,True,2,1,22,13,False,0,,5.36,1.0,False,0.964,False,1.0,False,19.79,1.0,False,31.22,67.87
232,power_n10_th10_rho1,power,32,21898009,10,1000,10.0,1.0,0.0,inf,True,3,2,34,14,False,0,,5.89,0.274,False,0.186,False,0.029,True,22.54,1.0,False,24.44,64.04
233,power_n10_th10_rho1,power,33,21905928,10,1000,10.0,1.0,0.0,inf,True,2,1,24,16,False,0,,6.65,1.0,False,0.057,False,1.0,False,22.83,1.0,False,29.63,70.66
234,power_n10_th10_rho1,power,34,21913847,10,1000,10.0,1.0,0.0,inf,True,6,5,42,31,False,0,,5.52,1.0,False,0.556,False,1.0,False,27.31,1.0,False,29.12,72.81
235,power_n10_th10_rho1,power,35,21921766,10,1000,10.0,1.0,0.0,inf,True,3,2,26,12,False,0,,6.31,0.7,False,0.356,False,0.407,False,22.53,1.0,False,28.79,68.53
236,power_n10_th10_rho1,power,36,21929685,10,1000,10.0,1.0,0.0,inf,True,6,5,26,2,False,0,,7.61,1.0,False,1.0,False,1.0,False,22.36,1.0,False,30.67,72.17
237,power_n10_th10_rho1,power,37,21937604,10,1000,10.0,1.0,0.0,inf,True,3,2,34,22,False,0,,6.99,0.118,False,0.28,False,0.339,False,25.07,1.0,False,28.98,71.64
238,power_n10_th10_rho1,power,38,21945523,10,1000,10.0,1.0,0.0,inf,False,1,0,22,17,False,0,,6.07,1.0,False,0.41,False,1.0,False,22.64,1.0,False,29.19,67.92
239,power_n10_th10_rho1,power,39,21953442,10,1000,10.0,1.0,0.0,inf,True,3,2,34,24,False,0,,9.42,0.0899,False,0.289,False,0.312,False,27.29,1.0,False,25.4,72.03
240,power_n10_th10_rho1,power,40,21961361,10,1000,10.0,1.0,0.0,inf,True,2,1,33,24,False,0,,7.67,1.0,False,0.423,False,1.0,False,23.54,1.0,False,22.93,65.94
241,power_n10_th10_rho1,power,41,21969280,10,1000,10.0,1.0,0.0,inf,True,3,2,20,14,False,0,,6.28,1.0,False,0.498,False,1.0,False,20.73,1.0,False,25.1,62.7
242,power_n10_th10_rho1,power,42,21977199,10,1000,10.0,1.0,0.0,inf,True,3,2,41,29,False,0,,7.63,1.0,False,0.107,False,1.0,False,24.63,1.0,False,30.25,72.73
243,power_n10_th10_rho1,power,43,21985118,10,1000,10.0,1.0,0.0,inf,True,6,5,23,13,False,0,,6.69,1.0,False,0.952,False,1.0,False,20.02,1.0,False,27.97,65.14
244,power_n10_th10_rho1,power,44,21993037,10,1000,10.0,1.0,0.0,inf,True,4,3,41,34,False,0,,5.31,1.0,False,0.154,False,1.0,False,26.15,1.0,False,31.27,72.19
245,power_n10_th10_rho1,power,45,22000956,10,1000,10.0,1.0,0.0,inf,True,2,1,10,8,False,0,,4.97,1.0,False,0.734,False,1.0,False,17.78,1.0,False,31.3,63.45
246,power_n10_th10_rho1,power,46,22008875,10,1000,10.0,1.0,0.0,inf,True,3,2,37,32,False,0,,5.65,1.0,False,0.586,False,1.0,False,23.7,1.0,False,32.37,72.13
247,power_n10_th10_rho1,power,47,22016794,10,1000,10.0,1.0,0.0,inf,False,1,0,19,8,False,0,,5.86,1.0,False,0.854,False,1.0,False,21.09,1.0,False,30.23,67.6
248,power_n10_th10_rho1,power,48,22024713,10,1000,10.0,1.0,0.0,inf,True,3,2,16,9,False,0,,5.25,1.0,False,0.643,False,1.0,False,19.12,1.0,False,25.81,60.57
249,power_n10_th10_rho1,power,49,22032632,10,1000,10.0,1.0,0.0,inf,True,5,4,30,8,False,0,,6.96,0.00408,True,0.95,False,0.028,True,22.59,1.0,False,23.8,64.3
250,power_n10_th10_rho4,power,0,22040551,10,1000,10.0,4.0,0.0,inf,True,3,2,12,6,False,0,,4.69,1.0,False,0.985,False,1.0,False,16.46,1.0,False,23.9,55.75
251,power_n10_th10_rho4,power,1,22048470,10,1000,10.0,4.0,0.0,inf,True,16,15,24,11,True,1,671,10.38,0.296,False,0.001,True,0.183,False,21.16,1.0,False,23.16,64.87
252,power_n10_th10_rho4,power,2,22056389,10,1000,10.0,4.0,0.0,inf,True,15,14,39,28,False,0,,5.76,0.215,False,0.772,False,0.044,True,23.95,1.0,False,24.13,64.34
253,power_n10_th10_rho4,power,3,22064308,10,1000,10.0,4.0,0.0,inf,True,5,4,21,18,True,1,600,9.52,0.842,False,0.221,False,1.0,False,20.65,1.0,False,30.8,70.94
254,power_n10_th10_rho4,power,4,22072227,10,1000,10.0,4.0,0.0,inf,True,7,6,28,11,False,0,,5.47,1.0,False,0.793,False,1.0,False,22.25,1.0,False,29.73,67.88
255,power_n10_th10_rho4,power,5,22080146,10,1000,10.0,4.0,0.0,inf,True,7,6,23,7,False,0,,4.98,1.0,False,0.436,False,1.0,False,20.84,1.0,False,29.07,65.63
256,power_n10_th10_rho4,power,6,22088065,10,1000,10.0,4.0,0.0,inf,True,8,7,32,30,True,1,680,10.19,4.8e-09,True,0.0,True,0.0,True,24.81,7.4782e-07,True,26.62,71.42
257,power_n10_th10_rho4,power,7,22095984,10,1000,10.0,4.0,0.0,inf,True,8,7,16,6,False,0,,5.89,0.132,False,0.731,False,0.893,False,18.17,1.0,False,26.1,60.45
258,power_n10_th10_rho4,power,8,22103903,10,1000,10.0,4.0,0.0,inf,True,6,5,12,5,False,0,,3.66,1.0,False,0.929,False,1.0,False,17.47,1.0,False,24.34,55.01
259,power_n10_th10_rho4,power,9,22111822,10,1000,10.0,4.0,0.0,inf,True,4,3,6,1,False,0,,2.72,1.0,False,1.0,False,1.0,False,17.6,1.0,False,21.72,53.19
260,power_n10_th10_rho4,power,10,22119741,10,1000,10.0,4.0,0.0,inf,True,17,16,32,23,True,1,491,9.21,0.00134,True,0.001,True,0.141,False,23.15,1.0,False,23.05,66.43
261,power_n10_th10_rho4,power,11,22127660,10,1000,10.0,4.0,0.0,inf,True,7,6,25,13,False,0,,5.81,1.0,False,0.199,False,1.0,False,21.75,1.0,False,33.07,70.8
262,power_n10_th10_rho4,power,12,22135579,10,1000,10.0,4.0,0.0,inf,True,10,9,29,19,False,0,,5.77,0.143,False,0.098,False,0.018,True,21.7,1.0,False,30.55,67.88
263,power_n10_th10_rho4,power,13,22143498,10,1000,10.0,4.0,0.0,inf,True,7,6,42,33,False,0,,5.74,0.000835,True,0.209,False,0.081,False,25.97,1.0,False,29.43,71.46
264,power_n10_th10_rho4,power,14,22151417,10,1000,10.0,4.0,0.0,inf,True,7,6,10,7,False,0,,3.85,1.0,False,1.0,False,1.0,False,17.91,1.0,False,31.11,62.95
265,power_n10_th10_rho4,power,15,22159336,10,1000,10.0,4.0,0.0,inf,True,6,5,18,11,False,0,,5.33,1.0,False,0.586,False,1.0,False,20.26,1.0,False,25.04,61.55
266,power_n10_th10_rho4,power,16,22167255,10,1000,10.0,4.0,0.0,inf,True,6,5,24,12,False,0,,6.39,0.327,False,0.964,False,0.324,False,21.76,1.0,False,24.82,63.27
267,power_n10_th10_rho4,power,17,22175174,10,1000,10.0,4.0,0.0,inf,True,11,10,25,16,True,1,330,9.35,0.00121,True,0.287,False,0.0,True,22.66,1.0,False,21.91,65.21
268,power_n10_th10_rho4,power,18,22183093,10,1000,10.0,4.0,0.0,inf,True,4,3,27,19,False,0,,6.51,1.0,False,0.034,True,1.0,False,21.17,1.0,False,21.66,61.06
269,power_n10_th10_rho4,power,19,22191012,10,1000,10.0,4.0,0.0,inf,True,11,10,26,18,False,0,,6.67,0.151,False,0.722,False,0.416,False,22.03,1.0,False,27.55,66.77
270,power_n10_th10_rho4,power,20,22198931,10,1000,10.0,4.0,0.0,inf,True,15,14,35,15,True,1,576,10.7,1.0,False,0.0,True,1.0,False,23.49,3.7391e-07,True,28.17,73.99
271,power_n10_th10_rho4,power,21,22206850,10,1000,10.0,4.0,0.0,inf,True,5,4,14,6,False,0,,5.64,1.0,False,0.995,False,1.0,False,18.6,1.0,False,26.23,60.23
272,power_n10_th10_rho4,power,22,22214769,10,1000,10.0,4.0,0.0,inf,True,16,15,38,29,True,2,146;403,11.62,0.226,False,0.0,True,0.0,True,23.48,7.4782e-07,True,28.42,75.59
273,power_n10_th10_rho4,power,23,22222688,10,1000,10.0,4.0,0.0,inf,True,10,9,39,22,False,0,,6.97,0.321,False,0.311,False,1.0,False,24.19,1.0,False,23.56,64.78
274,power_n10_th10_rho4,power,24,22230607,10,1000,10.0,4.0,0.0,inf,True,7,6,18,12,False,0,,5.14,1.0,False,0.185,False,1.0,False,19.32,1.0,False,24.33,58.88
275,power_n10_th10_rho4,power,25,22238526,10,1000,10.0,4.0,0.0,inf,True,17,16,34,24,False,0,,5.83,0.0877,False,0.097,False,1.0,False,24.06,1.0,False,23.68,63.63
276,power_n10_th10_rho4,power,26,22246445,10,1000,10.0,4.0,0.0,inf,True,3,2,12,8,False,0,,6.02,1.0,False,0.849,False,1.0,False,18.34,1.0,False,20.77,55.73
277,power_n10_th10_rho4,power,27,22254364,10,1000,10.0,4.0,0.0,inf,True,17,16,39,24,False,0,,6.83,0.000496,True,0.024,True,0.002,True,27.08,1.0,False,22.34,66.92
278,power_n10_th10_rho4,power,28,22262283,10,1000,10.0,4.0,0.0,inf,True,8,7,18,11,False,0,,6.15,0.305,False,0.705,False,0.176,False,18.86,1.0,False,21.69,56.32
279,power_n10_th10_rho4,power,29,22270202,10,1000,10.0,4.0,0.0,inf,True,5,4,20,12,False,0,,6.79,0.105,False,0.898,False,0.714,False,20.72,1.0,False,24.1,62.38
280,power_n10_th10_rho4,power,30,22278121,10,1000,10.0,4.0,0.0,inf,True,7,6,26,22,False,0,,5.48,0.92,False,0.202,False,0.012,True,21.44,1.0,False,27.3,64.49
281,power_n10_th10_rho4,power,31,22286040,10,1000,10.0,4.0,0.0,inf,True,6,5,19,16,False,0,,6.09,1.0,False,0.648,False,1.0,False,19.8,1.0,False,23.49,60.44
282,power_n10_th10_rho4,power,32,22293959,10,1000,10.0,4.0,0.0,inf,True,16,15,55,43,False,0,,5.44,0.0373,True,0.352,False,0.003,True,28.69,1.0,False,22.3,66.49
283,power_n10_th10_rho4,power,33,22301878,10,1000,10.0,4.0,0.0,inf,True,7,6,26,18,False,0,,7.0,1.0,False,0.642,False,1.0,False,21.93,1.0,False,23.14,62.42
284,power_n10_th10_rho4,power,34,22309797,10,1000,10.0,4.0,0.0,inf,True,14,13,37,35,False,0,,6.03,0.204,False,0.568,False,0.001,True,23.53,1.0,False,22.48,61.49
285,power_n10_th10_rho4,power,35,22317716,10,1000,10.0,4.0,0.0,inf,True,7,6,7,5,False,0,,4.4,0.0912,False,0.979,False,0.183,False,17.17,1.0,False,21.74,53.83
286,power_n10_th10_rho4,power,36,22325635,10,1000,10.0,4.0,0.0,inf,True,9,8,30,16,True,2,736;614,9.79,1.0,False,0.357,False,1.0,False,21.81,1.0,False,22.91,71.97
287,power_n10_th10_rho4,power,37,22333554,10,1000,10.0,4.0,0.0,inf,True,4,3,22,15,False,0,,6.96,0.367,False,0.775,False,0.116,False,21.07,1.0,False,28.08,69.43
288,power_n10_th10_rho4,power,38,22341473,10,1000,10.0,4.0,0.0,inf,True,7,6,37,12,True,1,398,9.4,0.0051,True,0.077,False,0.007,True,23.24,1.853912e-05,True,29.26,72.19
289,power_n10_th10_rho4,power,39,22349392,10,1000,10.0,4.0,0.0,inf,True,12,11,25,19,False,0,,5.84,0.182,False,0.444,False,0.528,False,21.25,1.0,False,27.98,64.69
290,power_n10_th10_rho4,power,40,22357311,10,1000,10.0,4.0,0.0,inf,True,16,15,34,6,True,1,860,9.08,0.132,False,0.621,False,0.134,False,23.37,1.0,False,24.32,66.82
291,power_n10_th10_rho4,power,41,22365230,10,1000,10.0,4.0,0.0,inf,True,9,8,27,20,False,0,,5.81,1.0,False,0.174,False,1.0,False,27.56,1.0,False,27.17,70.28
292,power_n10_th10_rho4,power,42,22373149,10,1000,10.0,4.0,0.0,inf,True,9,8,20,9,False,0,,5.95,0.0455,True,0.205,False,0.058,False,21.08,1.0,False,25.61,63.31
293,power_n10_th10_rho4,power,43,22381068,10,1000,10.0,4.0,0.0,inf,True,15,14,35,18,True,1,200,10.55,0.000347,True,0.896,False,0.0,True,25.34,1.0,False,23.7,76.85
294,power_n10_th10_rho4,power,44,22388987,10,1000,10.0,4.0,0.0,inf,True,11,10,36,21,False,0,,6.21,0.121,False,0.138,False,0.757,False,24.09,1.0,False,22.25,62.52
295,power_n10_th10_rho4,power,45,22396906,10,1000,10.0,4.0,0.0,inf,True,16,15,33,22,True,3,318;570;318,10.85,6.28e-05,True,0.08,False,0.003,True,23.76,1.0,False,31.95,76.82
296,power_n10_th10_rho4,power,46,22404825,10,1000,10.0,4.0,0.0,inf,True,11,10,34,21,False,0,,7.02,0.113,False,0.037,True,0.169,False,23.23,1.0,False,32.04,72.47
297,power_n10_th10_rho4,power,47,22412744,10,1000,10.0,4.0,0.0,inf,True,4,3,11,6,False,0,,5.36,0.0385,True,0.888,False,0.141,False,16.03,1.0,False,28.89,61.13
298,power_n10_th10_rho4,power,48,22420663,10,1000,10.0,4.0,0.0,inf,True,9,8,9,6,False,0,,4.73,1.0,False,0.666,False,1.0,False,15.9,1.0,False,31.97,62.69
299,power_n10_th10_rho4,power,49,22428582,10,1000,10.0,4.0,0.0,inf,True,4,3,18,11,False,0,,5.74,1.0,False,0.75,False,1.0,False,19.48,1.0,False,24.8,59.88
300,power_n10_th10_rho16,power,0,22436501,10,1000,10.0,16.0,0.0,inf,True,41,40,30,15,False,0,,5.54,0.0165,True,0.047,True,0.12,False,22.07,1.0,False,23.02,61.13
301,power_n10_th10_rho16,power,1,22444420,10,1000,10.0,16.0,0.0,inf,True,31,30,30,21,False,0,,6.33,0.000197,True,0.022,True,0.0,True,22.94,1.0,False,24.87,64.77
302,power_n10_th10_rho16,power,2,22452339,10,1000,10.0,16.0,0.0,inf,True,40,39,41,28,True,2,296;484,9.93,8.98e-05,True,0.195,False,0.0,True,33.7,1.0,False,33.3,87.45
303,power_n10_th10_rho16,power,3,22460258,10,1000,10.0,16.0,0.0,inf,True,26,25,21,9,True,1,488,8.93,0.000658,True,0.09,False,0.017,True,20.22,1.0,False,29.98,70.02
304,power_n10_th10_rho16,power,4,22468177,10,1000,10.0,16.0,0.0,inf,True,35,34,23,14,False,0,,6.56,0.00393,True,0.09,False,0.011,True,21.35,1.0,False,35.38,80.07
305,power_n10_th10_rho16,power,5,22476096,10,1000,10.0,16.0,0.0,inf,True,37,36,17,8,False,0,,4.93,0.118,False,0.441,False,0.202,False,19.55,1.0,False,32.92,67.8
306,power_n10_th10_rho16,power,6,22484015,10,1000,10.0,16.0,0.0,inf,True,37,36,23,12,False,0,,5.27,0.00447,True,0.061,False,0.004,True,22.03,1.0,False,32.39,75.88
307,power_n10_th10_rho16,power,7,22491934,10,1000,10.0,16.0,0.0,inf,True,30,29,28,16,True,1,606,11.28,8.68e-05,True,0.118,False,0.159,False,22.28,1.0,False,30.59,74.1
308,power_n10_th10_rho16,power,8,22499853,10,1000,10.0,16.0,0.0,inf,True,49,48,29,15,False,0,,6.42,0.0556,False,0.081,False,0.005,True,21.59,1.0,False,29.21,69.9
309,power_n10_th10_rho16,power,9,22507772,10,1000,10.0,16.0,0.0,inf,True,41,40,30,17,True,1,318,9.86,2.6e-05,True,0.061,False,0.0,True,22.87,1.0,False,25.07,69.49
310,power_n10_th10_rho16,power,10,22515691,10,1000,10.0,16.0,0.0,inf,True,27,26,26,20,False,0,,4.6,0.007,True,0.032,True,0.001,True,20.68,1.0,False,22.98,58.99
311,power_n10_th10_rho16,power,11,22523610,10,1000,10.0,16.0,0.0,inf,True,34,33,25,15,False,0,,5.71,0.0334,True,0.482,False,0.029,True,22.84,1.0,False,21.95,60.41
312,power_n10_th10_rho16,power,12,22531529,10,1000,10.0,16.0,0.0,inf,True,36,35,41,25,True,1,636,9.85,0.00262,True,0.007,True,0.0,True,24.91,1.0,False,27.12,71.81
313,power_n10_th10_rho16,power,13,22539448,10,1000,10.0,16.0,0.0,inf,True,39,38,36,28,True,1,283,8.78,0.00365,True,0.0,True,0.002,True,24.3,6.97966e-07,True,33.92,77.63
314,power_n10_th10_rho16,power,14,22547367,10,1000,10.0,16.0,0.0,inf,True,38,37,34,22,False,0,,5.45,0.000147,True,0.014,True,0.0,True,24.8,1.0,False,33.1,72.92
315,power_n10_th10_rho16,power,15,22555286,10,1000,10.0,16.0,0.0,inf,True,43,42,31,20,False,0,,5.88,1.4e-07,True,0.591,False,0.0,True,22.6,1.0,False,32.31,70.69
316,power_n10_th10_rho16,power,16,22563205,10,1000,10.0,16.0,0.0,inf,True,28,27,18,15,True,1,660,8.64,1.82e-05,True,0.061,False,0.009,True,17.8,1.0,False,30.48,67.39
317,power_n10_th10_rho16,power,17,22571124,10,1000,10.0,16.0,0.0,inf,True,20,19,15,13,True,1,367,7.63,0.0857,False,0.058,False,0.014,True,19.12,1.0,False,22.3,58.39
318,power_n10_th10_rho16,power,18,22579043,10,1000,10.0,16.0,0.0,inf,True,34,33,28,18,True,2,222;484,13.18,0.0312,True,0.041,True,0.02,True,20.99,1.0,False,24.83,69.46
319,power_n10_th10_rho16,power,19,22586962,10,1000,10.0,16.0,0.0,inf,True,48,47,38,19,True,1,635,12.59,0.0224,True,0.206,False,0.065,False,23.61,1.0,False,23.57,69.71
320,power_n10_th10_rho16,power,20,22594881,10,1000,10.0,16.0,0.0,inf,True,39,38,31,19,False,0,,6.82,2.69e-05,True,0.037,True,0.005,True,22.96,1.0,False,21.26,61.51
321,power_n10_th10_rho16,power,21,22602800,10,1000,10.0,16.0,0.0,inf,True,54,53,49,39,True,2,191;680,9.93,2.51e-30,True,0.0,True,0.0,True,30.48,1.41723e-07,True,35.68,87.62
322,power_n10_th10_rho16,power,22,22610719,10,1000,10.0,16.0,0.0,inf,True,29,28,30,22,True,2,384;384,10.13,1.0,False,0.017,True,1.0,False,22.92,1.0,False,21.87,64.46
323,power_n10_th10_rho16,power,23,22618638,10,1000,10.0,16.0,0.0,inf,True,47,46,48,32,True,1,558,9.41,2.97e-06,True,0.001,True,0.0,True,28.28,8.875229e-06,True,30.19,79.07
324,power_n10_th10_rho16,power,24,22626557,10,1000,10.0,16.0,0.0,inf,True,50,49,53,38,True,2,612;612,10.13,3.35e-09,True,0.0,True,0.0,True,28.85,1.93402e-07,True,34.15,85.65
325,power_n10_th10_rho16,power,25,22634476,10,1000,10.0,16.0,0.0,inf,True,31,30,16,10,False,0,,6.72,0.102,False,0.81,False,0.183,False,20.22,1.0,False,31.01,68.34
326,power_n10_th10_rho16,power,26,22642395,10,1000,10.0,16.0,0.0,inf,True,40,39,41,22,False,0,,6.56,0.00877,True,0.09,False,0.008,True,26.07,1.0,False,28.92,72.28
327,power_n10_th10_rho16,power,27,22650314,10,1000,10.0,16.0,0.0,inf,True,46,45,37,21,False,0,,5.75,0.785,False,0.195,False,0.616,False,24.43,1.0,False,27.89,68.16
328,power_n10_th10_rho16,power,28,22658233,10,1000,10.0,16.0,0.0,inf,True,39,38,35,18,False,0,,6.37,0.194,False,0.051,False,0.024,True,24.1,1.0,False,24.52,65.26
329,power_n10_th10_rho16,power,29,22666152,10,1000,10.0,16.0,0.0,inf,True,50,49,57,34,True,2,510;246,12.17,3.4e-09,True,0.014,True,0.0,True,30.43,1.0,False,23.85,77.52
330,power_n10_th10_rho16,power,30,22674071,10,1000,10.0,16.0,0.0,inf,True,39,38,31,23,True,2,465;754,9.92,0.00123,True,0.007,True,0.0,True,23.51,1.0,False,30.36,75.58
331,power_n10_th10_rho16,power,31,22681990,10,1000,10.0,16.0,0.0,inf,True,38,37,40,24,False,0,,5.65,1.0,False,0.209,False,1.0,False,24.23,1.0,False,29.39,69.21
332,power_n10_th10_rho16,power,32,22689909,10,1000,10.0,16.0,0.0,inf,True,29,28,28,18,True,1,264,10.64,0.0631,False,0.109,False,0.164,False,20.85,1.0,False,30.6,72.15
333,power_n10_th10_rho16,power,33,22697828,10,1000,10.0,16.0,0.0,inf,True,40,39,31,18,False,0,,5.52,0.00065,True,0.002,True,0.005,True,21.64,1.0,False,30.46,67.77
334,power_n10_th10_rho16,power,34,22705747,10,1000,10.0,16.0,0.0,inf,True,34,33,16,10,False,0,,5.02,0.00775,True,0.17,False,0.001,True,18.63,1.0,False,22.06,55.94
335,power_n10_th10_rho16,power,35,22713666,10,1000,10.0,16.0,0.0,inf,True,34,33,27,15,True,1,380,9.25,0.000133,True,0.238,False,0.0,True,22.08,1.0,False,22.25,62.95
336,power_n10_th10_rho16,power,36,22721585,10,1000,10.0,16.0,0.0,inf,True,35,34,41,31,True,1,690,10.06,0.0337,True,0.024,True,0.0,True,25.79,1.0,False,22.64,69.21
337,power_n10_th10_rho16,power,37,22729504,10,1000,10.0,16.0,0.0,inf,True,60,59,40,29,True,2,572;792,10.61,1.79e-07,True,0.064,False,0.0,True,26.76,2.010374e-05,True,29.52,77.88
338,power_n10_th10_rho16,power,38,22737423,10,1000,10.0,16.0,0.0,inf,True,27,26,24,13,False,0,,5.18,0.0106,True,0.721,False,0.009,True,20.15,1.0,False,27.9,64.14
339,power_n10_th10_rho16,power,39,22745342,10,1000,10.0,16.0,0.0,inf,True,50,49,33,19,False,0,,6.35,1.1e-06,True,0.004,True,0.0,True,24.39,1.0,False,29.9,70.7
340,power_n10_th10_rho16,power,40,22753261,10,1000,10.0,16.0,0.0,inf,True,31,30,23,13,False,0,,5.89,0.141,False,0.008,True,0.11,False,20.55,1.0,False,27.97,64.82
341,power_n10_th10_rho16,power,41,22761180,10,1000,10.0,16.0,0.0,inf,True,37,36,33,25,True,1,756,10.35,0.207,False,0.148,False,0.07,False,23.21,1.0,False,29.34,72.69
342,power_n10_th10_rho16,power,42,22769099,10,1000,10.0,16.0,0.0,inf,True,20,19,17,9,False,0,,5.49,0.198,False,0.066,False,0.313,False,20.63,1.0,False,24.88,60.32
343,power_n10_th10_rho16,power,43,22777018,10,1000,10.0,16.0,0.0,inf,True,34,33,36,23,False,0,,6.94,0.0349,True,0.116,False,0.003,True,23.51,1.0,False,24.04,64.62
344,power_n10_th10_rho16,power,44,22784937,10,1000,10.0,16.0,0.0,inf,True,39,38,20,19,True,1,244,6.46,0.00278,True,0.062,False,0.001,True,20.75,1.0,False,22.46,59.79
345,power_n10_th10_rho16,power,45,22792856,10,1000,10.0,16.0,0.0,inf,True,34,33,25,3,False,0,,6.27,1.0,False,0.468,False,1.0,False,21.41,1.0,False,21.89,61.18
346,power_n10_th10_rho16,power,46,22800775,10,1000,10.0,16.0,0.0,inf,True,36,35,30,19,False,0,,5.94,2.14e-05,True,0.348,False,0.0,True,23.13,1.0,False,24.05,63.63
347,power_n10_th10_rho16,power,47,22808694,10,1000,10.0,16.0,0.0,inf,True,37,36,36,28,True,1,338,11.09,7.78e-06,True,0.019,True,0.0,True,25.47,2.692153e-06,True,29.87,76.8
348,power_n10_th10_rho16,power,48,22816613,10,1000,10.0,16.0,0.0,inf,True,22,21,20,8,False,0,,6.34,0.155,False,0.126,False,0.296,False,20.29,1.0,False,26.26,62.2
349,power_n10_th10_rho16,power,49,22824532,10,1000,10.0,16.0,0.0,inf,True,44,43,45,35,False,0,,5.11,4.85e-09,True,0.009,True,0.0,True,26.76,8.321199e-06,True,31.4,73.31
350,power_n10_th10_rho64,power,0,22832451,10,1000,10.0,64.0,0.0,inf,True,132,131,24,15,False,0,,5.81,0.00175,True,0.066,False,0.004,True,21.56,1.0,False,29.13,68.69
351,power_n10_th10_rho64,power,1,22840370,10,1000,10.0,64.0,0.0,inf,True,127,126,32,24,True,1,598,9.38,2.08e-10,True,0.019,True,0.0,True,24.18,1.0,False,27.24,72.37
352,power_n10_th10_rho64,power,2,22848289,10,1000,10.0,64.0,0.0,inf,True,165,164,32,19,False,0,,5.75,7.26e-06,True,0.033,True,0.0,True,24.28,1.0,False,30.15,70.18
353,power_n10_th10_rho64,power,3,22856208,10,1000,10.0,64.0,0.0,inf,True,139,138,28,16,True,2,648;264,12.07,3.12e-09,True,0.169,False,0.0,True,22.75,1.0,False,382.64,429.35
354,power_n10_th10_rho64,power,4,22864127,10,1000,10.0,64.0,0.0,inf,True,156,155,31,20,False,0,,6.48,7.6e-05,True,0.211,False,0.0,True,24.14,1.0,False,402.98,443.79
355,power_n10_th10_rho64,power,5,22872046,10,1000,10.0,64.0,0.0,inf,True,124,123,20,7,False,0,,4.94,0.164,False,0.545,False,0.425,False,19.91,1.0,False,378.95,415.01
356,power_n10_th10_rho64,power,6,22879965,10,1000,10.0,64.0,0.0,inf,True,173,172,45,31,True,1,370,10.7,2.31e-10,True,0.469,False,0.001,True,29.36,1.0,False,232.59,284.97
357,power_n10_th10_rho64,power,7,22887884,10,1000,10.0,64.0,0.0,inf,True,102,101,29,11,False,0,,6.1,0.121,False,0.663,False,0.154,False,24.86,1.0,False,241.46,283.77
358,power_n10_th10_rho64,power,8,22895803,10,1000,10.0,64.0,0.0,inf,True,131,130,25,8,False,0,,6.38,0.167,False,0.313,False,0.119,False,21.06,1.0,False,240.75,280.01
359,power_n10_th10_rho64,power,9,22903722,10,1000,10.0,64.0,0.0,inf,True,167,166,29,21,False,0,,5.7,9.38e-05,True,0.236,False,0.0,True,23.98,1.0,False,227.22,267.2
360,power_n10_th10_rho64,power,10,22911641,10,1000,10.0,64.0,0.0,inf,True,139,138,32,18,True,1,584,10.07,0.0157,True,0.028,True,0.002,True,256.58,1.0,False,28.13,305.59
361,power_n10_th10_rho64,power,11,22919560,10,1000,10.0,64.0,0.0,inf,True,130,129,28,14,False,0,,8.73,0.00912,True,0.164,False,0.01,True,23.38,1.0,False,23.55,69.73
362,power_n10_th10_rho64,power,12,22927479,10,1000,10.0,64.0,0.0,inf,True,116,115,24,14,True,1,242,13.35,0.000363,True,0.006,True,0.001,True,22.09,1.0,False,25.27,75.03
363,power_n10_th10_rho64,power,13,22935398,10,1000,10.0,64.0,0.0,inf,True,159,158,37,27,True,2,499;562,13.67,1.98e-06,True,0.023,True,0.0,True,27.49,1.0,False,23.17,79.04
364,power_n10_th10_rho64,power,14,22943317,10,1000,10.0,64.0,0.0,inf,True,145,144,23,8,True,1,334,13.5,0.167,False,0.264,False,0.002,True,20.91,1.0,False,25.68,74.76
365,power_n10_th10_rho64,power,15,22951236,10,1000,10.0,64.0,0.0,inf,True,111,110,24,14,False,0,,5.97,0.293,False,0.053,False,0.149,False,20.93,1.0,False,20.29,57.04
366,power_n10_th10_rho64,power,16,22959155,10,1000,10.0,64.0,0.0,inf,True,132,131,25,15,False,0,,5.53,0.0875,False,0.43,False,0.01,True,19.43,1.0,False,21.85,56.37
367,power_n10_th10_rho64,power,17,22967074,10,1000,10.0,64.0,0.0,inf,True,108,107,27,16,False,0,,5.77,3.74e-05,True,0.031,True,0.0,True,19.48,1.0,False,25.4,60.62
368,power_n10_th10_rho64,power,18,22974993,10,1000,10.0,64.0,0.0,inf,True,110,109,15,9,False,0,,4.75,0.296,False,0.806,False,1.0,False,17.42,1.0,False,24.32,55.7
369,power_n10_th10_rho64,power,19,22982912,10,1000,10.0,64.0,0.0,inf,True,121,120,28,11,False,0,,5.8,0.327,False,0.091,False,0.052,False,19.85,1.0,False,23.87,58.72
370,power_n10_th10_rho64,power,20,22990831,10,1000,10.0,64.0,0.0,inf,True,97,96,23,16,False,0,,4.86,0.0795,False,0.132,False,0.01,True,19.18,1.0,False,23.63,57.36
371,power_n10_th10_rho64,power,21,22998750,10,1000,10.0,64.0,0.0,inf,True,129,128,31,20,False,0,,5.95,0.00126,True,0.305,False,0.0,True,24.41,1.0,False,27.72,68.97
372,power_n10_th10_rho64,power,22,23006669,10,1000,10.0,64.0,0.0,inf,True,156,155,36,26,True,1,452,10.89,9.61e-13,True,0.008,True,0.0,True,25.32,5.9537997e-05,True,35.01,82.19
373,power_n10_th10_rho64,power,23,23014588,10,1000,10.0,64.0,0.0,inf,True,128,127,28,16,False,0,,5.15,0.0105,True,0.38,False,0.0,True,21.68,1.0,False,27.38,64.13
374,power_n10_th10_rho64,power,24,23022507,10,1000,10.0,64.0,0.0,inf,True,114,113,33,22,False,0,,5.71,0.247,False,0.112,False,0.099,False,23.8,1.0,False,34.18,73.9
375,power_n10_th10_rho64,power,25,23030426,10,1000,10.0,64.0,0.0,inf,True,108,107,22,9,False,0,,6.55,0.0755,False,0.48,False,0.113,False,20.97,1.0,False,31.84,70.2
376,power_n10_th10_rho64,power,26,23038345,10,1000,10.0,64.0,0.0,inf,True,127,126,25,13,False,0,,5.69,0.0506,False,0.061,False,0.01,True,20.15,1.0,False,31.88,68.15
377,power_n10_th10_rho64,power,27,23046264,10,1000,10.0,64.0,0.0,inf,True,115,114,39,15,False,0,,5.14,0.0339,True,0.168,False,0.016,True,24.76,1.0,False,25.89,67.27
378,power_n10_th10_rho64,power,28,23054183,10,1000,10.0,64.0,0.0,inf,True,120,119,29,12,False,0,,4.76,0.064,False,0.172,False,0.508,False,22.53,1.0,False,23.05,60.37
379,power_n10_th10_rho64,power,29,23062102,10,1000,10.0,64.0,0.0,inf,True,155,154,24,20,False,0,,5.52,0.00251,True,0.007,True,0.053,False,22.29,1.0,False,31.44,70.16
380,power_n10_th10_rho64,power,30,23070021,10,1000,10.0,64.0,0.0,inf,True,130,129,18,10,False,0,,5.5,0.0444,True,0.073,False,0.123,False,19.86,1.0,False,27.49,63.78
381,power_n10_th10_rho64,power,31,23077940,10,1000,10.0,64.0,0.0,inf,True,144,143,31,20,False,0,,5.52,0.174,False,0.076,False,0.002,True,23.95,1.0,False,29.8,69.79
382,power_n10_th10_rho64,power,32,23085859,10,1000,10.0,64.0,0.0,inf,True,96,95,30,26,True,1,724,10.22,0.0135,True,0.023,True,0.035,True,24.32,1.0,False,32.86,78.53
383,power_n10_th10_rho64,power,33,23093778,10,1000,10.0,64.0,0.0,inf,True,141,140,25,18,False,0,,5.86,0.00028,True,0.462,False,0.0,True,22.19,1.0,False,31.55,70.05
384,power_n10_th10_rho64,power,34,23101697,10,1000,10.0,64.0,0.0,inf,True,110,109,21,12,False,0,,5.34,0.0145,True,0.638,False,0.492,False,20.88,1.0,False,31.22,68.33
385,power_n10_th10_rho64,power,35,23109616,10,1000,10.0,64.0,0.0,inf,True,159,158,46,28,True,1,416,9.94,4.08e-13,True,0.004,True,0.0,True,26.33,2.201276e-05,True,31.67,77.96
386,power_n10_th10_rho64,power,36,23117535,10,1000,10.0,64.0,0.0,inf,True,133,132,25,21,False,0,,6.59,6.72e-05,True,0.293,False,0.0,True,24.14,1.0,False,29.16,70.57
387,power_n10_th10_rho64,power,37,23125454,10,1000,10.0,64.0,0.0,inf,True,140,139,19,9,False,0,,7.43,0.000252,True,0.068,False,0.018,True,20.07,1.0,False,24.84,62.78
388,power_n10_th10_rho64,power,38,23133373,10,1000,10.0,64.0,0.0,inf,True,124,123,23,13,False,0,,7.41,0.000245,True,0.495,False,0.019,True,21.24,1.0,False,21.3,61.4
389,power_n10_th10_rho64,power,39,23141292,10,1000,10.0,64.0,0.0,inf,True,122,121,40,28,False,0,,6.35,1.66e-08,True,0.019,True,0.0,True,28.56,1.0,False,31.36,78.79
390,power_n10_th10_rho64,power,40,23149211,10,1000,10.0,64.0,0.0,inf,True,128,127,34,22,True,2,662;583,10.14,5.07e-05,True,0.0,True,0.0,True,25.32,1.346076e-06,True,34.05,81.81
391,power_n10_th10_rho64,power,41,23157130,10,1000,10.0,64.0,0.0,inf,True,111,110,26,13,False,0,,5.88,0.0568,False,0.097,False,0.009,True,22.69,1.0,False,22.16,60.99
392,power_n10_th10_rho64,power,42,23165049,10,1000,10.0,64.0,0.0,inf,True,94,93,27,16,False,0,,5.39,0.00146,True,0.133,False,0.037,True,21.88,1.0,False,32.44,71.16
393,power_n10_th10_rho64,power,43,23172968,10,1000,10.0,64.0,0.0,inf,True,153,152,23,10,False,0,,5.11,0.0126,True,0.485,False,0.011,True,20.65,1.0,False,32.35,68.95
394,power_n10_th10_rho64,power,44,23180887,10,1000,10.0,64.0,0.0,inf,True,141,140,26,19,True,2,580;382,9.49,1.67e-05,True,0.11,False,0.0,True,22.5,1.0,False,28.73,70.94
395,power_n10_th10_rho64,power,45,23188806,10,1000,10.0,64.0,0.0,inf,True,160,159,44,31,True,1,324,12.41,1.76e-05,True,0.324,False,0.0,True,29.52,1.0,False,23.35,76.85
396,power_n10_th10_rho64,power,46,23196725,10,1000,10.0,64.0,0.0,inf,True,115,114,24,12,False,0,,6.57,0.448,False,0.069,False,0.518,False,23.0,1.0,False,22.52,61.96
397,power_n10_th10_rho64,power,47,23204644,10,1000,10.0,64.0,0.0,inf,True,165,164,30,16,False,0,,7.04,0.00627,True,0.319,False,0.004,True,24.37,1.0,False,22.06,66.24
398,power_n10_th10_rho64,power,48,23212563,10,1000,10.0,64.0,0.0,inf,True,139,138,38,25,True,2,724;364,15.96,2.83e-09,True,0.117,False,0.0,True,25.73,1.0,False,26.48,78.79
399,power_n10_th10_rho64,power,49,23220482,10,1000,10.0,64.0,0.0,inf,True,144,143,31,12,False,0,,7.34,0.0371,True,0.175,False,0.017,True,22.87,1.0,False,22.88,64.28
400,power_n10_th20_rho1,power,0,23228401,10,1000,20.0,1.0,0.0,inf,True,2,1,79,75,False,0,,5.39,1.0,False,0.741,False,1.0,False,38.37,1.0,False,28.56,83.5
401,power_n10_th20_rho1,power,1,23236320,10,1000,20.0,1.0,0.0,inf,True,4,3,57,41,False,0,,6.95,1.0,False,0.574,False,0.301,False,30.16,1.0,False,28.66,77.66
402,power_n10_th20_rho1,power,2,23244239,10,1000,20.0,1.0,0.0,inf,True,5,4,87,51,False,0,,5.57,1.0,False,0.012,True,1.0,False,36.73,1.0,False,29.15,82.65
403,power_n10_th20_rho1,power,3,23252158,10,1000,20.0,1.0,0.0,inf,False,1,0,40,8,False,0,,5.74,1.0,False,0.137,False,1.0,False,25.07,1.0,False,24.4,65.99
404,power_n10_th20_rho1,power,4,23260077,10,1000,20.0,1.0,0.0,inf,False,1,0,35,19,False,0,,7.0,1.0,False,0.68,False,1.0,False,24.65,1.0,False,26.17,70.5
405,power_n10_th20_rho1,power,5,23267996,10,1000,20.0,1.0,0.0,inf,True,2,1,26,17,False,0,,6.32,1.0,False,0.116,False,1.0,False,21.79,1.0,False,23.94,62.25
406,power_n10_th20_rho1,power,6,23275915,10,1000,20.0,1.0,0.0,inf,True,3,2,30,24,False,0,,6.32,1.0,False,0.025,True,1.0,False,23.77,1.0,False,24.52,63.77
407,power_n10_th20_rho1,power,7,23283834,10,1000,20.0,1.0,0.0,inf,True,2,1,27,13,False,0,,6.58,1.0,False,0.915,False,1.0,False,22.38,1.0,False,22.03,61.69
408,power_n10_th20_rho1,power,8,23291753,10,1000,20.0,1.0,0.0,inf,True,6,5,96,27,False,0,,6.5,0.000184,True,0.0,True,0.005,True,37.93,6.163e-09,True,27.93,85.27
409,power_n10_th20_rho1,power,9,23299672,10,1000,20.0,1.0,0.0,inf,True,4,3,41,33,False,0,,5.31,1.0,False,0.62,False,1.0,False,25.22,1.0,False,22.81,64.03
410,power_n10_th20_rho1,power,10,23307591,10,1000,20.0,1.0,0.0,inf,True,2,1,93,73,False,0,,7.19,0.635,False,0.927,False,1.0,False,39.36,1.0,False,25.02,81.88
411,power_n10_th20_rho1,power,11,23315510,10,1000,20.0,1.0,0.0,inf,True,3,2,37,23,False,0,,6.49,0.00194,True,0.06,False,0.026,True,25.07,3.4021712e-05,True,27.69,69.98
412,power_n10_th20_rho1,power,12,23323429,10,1000,20.0,1.0,0.0,inf,True,2,1,36,26,True,1,728,9.89,1.0,False,0.397,False,1.0,False,23.39,1.0,False,23.42,65.58
413,power_n10_th20_rho1,power,13,23331348,10,1000,20.0,1.0,0.0,inf,True,4,3,50,43,True,2,705;713,10.93,0.00715,True,0.001,True,0.028,True,28.43,6.2004e-08,True,24.91,74.79
414,power_n10_th20_rho1,power,14,23339267,10,1000,20.0,1.0,0.0,inf,True,2,1,25,17,True,1,495,9.92,1.0,False,0.009,True,1.0,False,21.94,1.0,False,22.87,63.73
415,power_n10_th20_rho1,power,15,23347186,10,1000,20.0,1.0,0.0,inf,True,5,4,37,12,False,0,,5.6,1.0,False,0.871,False,1.0,False,23.37,1.0,False,23.21,62.27
416,power_n10_th20_rho1,power,16,23355105,10,1000,20.0,1.0,0.0,inf,True,2,1,22,5,False,0,,5.57,1.0,False,0.521,False,1.0,False,20.82,1.0,False,21.29,59.81
417,power_n10_th20_rho1,power,17,23363024,10,1000,20.0,1.0,0.0,inf,True,4,3,57,41,False,0,,5.53,0.529,False,0.086,False,1.0,False,30.33,1.0,False,29.76,77.89
418,power_n10_th20_rho1,power,18,23370943,10,1000,20.0,1.0,0.0,inf,False,1,0,23,9,False,0,,5.36,1.0,False,0.907,False,1.0,False,20.18,1.0,False,22.19,58.55
419,power_n10_th20_rho1,power,19,23378862,10,1000,20.0,1.0,0.0,inf,True,3,2,80,54,False,0,,6.12,1.0,False,0.599,False,1.0,False,35.92,1.0,False,26.43,78.3
420,power_n10_th20_rho1,power,20,23386781,10,1000,20.0,1.0,0.0,inf,True,2,1,39,26,False,0,,5.21,0.297,False,0.232,False,1.0,False,24.08,1.0,False,26.99,66.43
421,power_n10_th20_rho1,power,21,23394700,10,1000,20.0,1.0,0.0,inf,False,1,0,44,33,False,0,,6.1,1.0,False,0.446,False,1.0,False,26.04,1.0,False,22.05,63.69
422,power_n10_th20_rho1,power,22,23402619,10,1000,20.0,1.0,0.0,inf,True,2,1,55,42,False,0,,6.33,1.0,False,0.619,False,1.0,False,27.14,1.0,False,23.85,67.05
423,power_n10_th20_rho1,power,23,23410538,10,1000,20.0,1.0,0.0,inf,True,3,2,61,55,False,0,,4.95,0.482,False,0.858,False,1.0,False,30.67,1.0,False,24.84,69.89
424,power_n10_th20_rho1,power,24,23418457,10,1000,20.0,1.0,0.0,inf,True,4,3,68,45,False,0,,7.02,0.973,False,0.457,False,1.0,False,31.97,1.0,False,23.79,73.71
425,power_n10_th20_rho1,power,25,23426376,10,1000,20.0,1.0,0.0,inf,True,2,1,62,41,True,2,444;408,10.44,0.0461,True,0.0,True,0.064,False,30.73,4.51e-10,True,24.85,78.94
426,power_n10_th20_rho1,power,26,23434295,10,1000,20.0,1.0,0.0,inf,True,5,4,68,59,False,0,,4.99,0.572,False,0.06,False,0.225,False,33.13,6.0789545e-05,True,28.44,76.72
427,power_n10_th20_rho1,power,27,23442214,10,1000,20.0,1.0,0.0,inf,True,3,2,30,11,False,0,,6.82,1.0,False,0.31,False,1.0,False,22.02,1.0,False,24.22,63.33
428,power_n10_th20_rho1,power,28,23450133,10,1000,20.0,1.0,0.0,inf,True,2,1,35,14,False,0,,7.2,1.0,False,0.481,False,1.0,False,21.52,1.0,False,25.17,63.7
429,power_n10_th20_rho1,power,29,23458052,10,1000,20.0,1.0,0.0,inf,True,3,2,68,17,False,0,,5.26,0.0234,True,0.097,False,0.062,False,29.17,1.0,False,26.29,72.02
430,power_n10_th20_rho1,power,30,23465971,10,1000,20.0,1.0,0.0,inf,False,1,0,56,30,False,0,,5.59,1.0,False,0.43,False,1.0,False,27.06,1.0,False,24.27,66.99
431,power_n10_th20_rho1,power,31,23473890,10,1000,20.0,1.0,0.0,inf,True,6,5,53,37,False,0,,6.34,0.0323,True,0.003,True,0.001,True,29.25,4.0643456e-05,True,26.52,73.82
432,power_n10_th20_rho1,power,32,23481809,10,1000,20.0,1.0,0.0,inf,True,5,4,56,23,True,1,347,11.22,0.0244,True,0.024,True,0.001,True,27.32,1.0,False,22.67,70.39
433,power_n10_th20_rho1,power,33,23489728,10,1000,20.0,1.0,0.0,inf,True,5,4,85,68,False,0,,5.51,0.508,False,0.569,False,1.0,False,36.56,1.0,False,28.18,79.94
434,power_n10_th20_rho1,power,34,23497647,10,1000,20.0,1.0,0.0,inf,True,4,3,80,71,True,2,574;574,10.44,4.8e-06,True,0.0,True,0.075,False,37.89,6.02671e-07,True,35.88,94.18
435,power_n10_th20_rho1,power,35,23505566,10,1000,20.0,1.0,0.0,inf,True,3,2,61,43,False,0,,6.52,0.761,False,0.62,False,1.0,False,30.04,1.0,False,30.53,77.82
436,power_n10_th20_rho1,power,36,23513485,10,1000,20.0,1.0,0.0,inf,True,2,1,74,66,False,0,,7.79,1.0,False,0.866,False,1.0,False,34.81,1.0,False,28.1,80.53
437,power_n10_th20_rho1,power,37,23521404,10,1000,20.0,1.0,0.0,inf,True,3,2,47,27,False,0,,6.95,1.0,False,0.043,True,1.0,False,26.2,1.0,False,31.11,74.29
438,power_n10_th20_rho1,power,38,23529323,10,1000,20.0,1.0,0.0,inf,True,4,3,20,12,False,0,,6.72,0.254,False,0.13,False,0.32,False,18.8,1.0,False,32.17,67.91
439,power_n10_th20_rho1,power,39,23537242,10,1000,20.0,1.0,0.0,inf,True,2,1,39,19,False,0,,4.99,1.0,False,0.526,False,1.0,False,25.62,1.0,False,24.44,65.26
440,power_n10_th20_rho1,power,40,23545161,10,1000,20.0,1.0,0.0,inf,True,2,1,43,30,False,0,,7.97,1.0,False,0.139,False,1.0,False,26.5,1.0,False,23.5,68.75
441,power_n10_th20_rho1,power,41,23553080,10,1000,20.0,1.0,0.0,inf,True,3,2,35,13,False,0,,6.03,0.162,False,0.497,False,0.208,False,24.55,1.0,False,23.63,64.15
442,power_n10_th20_rho1,power,42,23560999,10,1000,20.0,1.0,0.0,inf,True,2,1,36,32,False,0,,5.68,1.0,False,0.369,False,1.0,False,23.91,1.0,False,24.46,64.23
443,power_n10_th20_rho1,power,43,23568918,10,1000,20.0,1.0,0.0,inf,True,2,1,25,11,False,0,,5.53,1.0,False,0.981,False,1.0,False,20.7,1.0,False,27.76,64.36
444,power_n10_th20_rho1,power,44,23576837,10,1000,20.0,1.0,0.0,inf,False,1,0,26,7,False,0,,6.35,1.0,False,0.056,False,1.0,False,21.86,1.0,False,26.65,64.55
445,power_n10_th20_rho1,power,45,23584756,10,1000,20.0,1.0,0.0,inf,False,1,0,46,38,False,0,,5.11,1.0,False,0.217,False,1.0,False,26.63,1.0,False,27.71,69.51
446,power_n10_th20_rho1,power,46,23592675,10,1000,20.0,1.0,0.0,inf,False,1,0,48,35,False,0,,5.89,1.0,False,0.538,False,1.0,False,25.28,1.0,False,28.07,69.12
447,power_n10_th20_rho1,power,47,23600594,10,1000,20.0,1.0,0.0,inf,True,2,1,59,45,False,0,,5.64,1.0,False,0.057,False,1.0,False,29.23,1.0,False,23.81,68.4
448,power_n10_th20_rho1,power,48,23608513,10,1000,20.0,1.0,0.0,inf,True,4,3,94,16,False,0,,5.0,1.0,False,0.258,False,1.0,False,36.89,1.0,False,24.37,76.39
449,power_n10_th20_rho1,power,49,23616432,10,1000,20.0,1.0,0.0,inf,True,2,1,59,41,False,0,,5.84,1.0,False,0.028,True,1.0,False,30.4,1.0,False,24.95,72.82
450,power_n10_th20_rho4,power,0,23624351,10,1000,20.0,4.0,0.0,inf,True,11,10,67,53,True,2,415;415,9.36,8.26e-06,True,0.0,True,0.003,True,33.74,5.49e-10,True,42.31,96.7
451,power_n10_th20_rho4,power,1,23632270,10,1000,20.0,4.0,0.0,inf,True,15,14,66,48,False,0,,7.08,0.000194,True,0.011,True,0.008,True,31.87,1.7104981e-05,True,40.59,90.47
452,power_n10_th20_rho4,power,2,23640189,10,1000,20.0,4.0,0.0,inf,True,6,5,55,33,True,1,711,11.05,0.0279,True,0.743,False,0.026,True,28.59,1.0,False,36.26,86.2
453,power_n10_th20_rho4,power,3,23648108,10,1000,20.0,4.0,0.0,inf,True,7,6,40,33,False,0,,5.23,0.000674,True,0.298,False,0.001,True,25.74,1.0,False,35.86,77.67
454,power_n10_th20_rho4,power,4,23656027,10,1000,20.0,4.0,0.0,inf,True,9,8,34,10,False,0,,6.25,1.0,False,0.992,False,1.0,False,22.35,1.0,False,34.06,72.88
455,power_n10_th20_rho4,power,5,23663946,10,1000,20.0,4.0,0.0,inf,True,13,12,71,45,False,0,,6.14,0.0835,False,0.004,True,0.066,False,33.18,4.2636031e-05,True,26.55,76.4
456,power_n10_th20_rho4,power,6,23671865,10,1000,20.0,4.0,0.0,inf,True,8,7,63,25,False,0,,5.24,1.0,False,0.001,True,1.0,False,30.63,3.306494e-06,True,25.86,72.75
457,power_n10_th20_rho4,power,7,23679784,10,1000,20.0,4.0,0.0,inf,True,8,7,24,12,False,0,,7.99,0.179,False,0.059,False,0.332,False,22.63,1.0,False,22.1,62.49
458,power_n10_th20_rho4,power,8,23687703,10,1000,20.0,4.0,0.0,inf,True,3,2,31,23,False,0,,5.76,1.0,False,0.104,False,1.0,False,24.37,1.0,False,26.69,66.9
459,power_n10_th20_rho4,power,9,23695622,10,1000,20.0,4.0,0.0,inf,True,8,7,51,6,False,0,,4.89,1.0,False,0.289,False,1.0,False,25.7,1.0,False,24.43,64.9
460,power_n10_th20_rho4,power,10,23703541,10,1000,20.0,4.0,0.0,inf,True,8,7,51,31,True,2,344;178,10.56,4.11e-10,True,0.007,True,0.0,True,28.14,2.070887e-06,True,26.48,74.27
461,power_n10_th20_rho4,power,11,23711460,10,1000,20.0,4.0,0.0,inf,True,18,17,101,54,False,0,,6.38,8.99e-08,True,0.0,True,0.0,True,41.98,1.329e-09,True,35.02,94.39
462,power_n10_th20_rho4,power,12,23719379,10,1000,20.0,4.0,0.0,inf,True,10,9,89,66,False,0,,4.98,0.00108,True,0.0,True,0.021,True,39.08,0.0,True,32.09,86.96
463,power_n10_th20_rho4,power,13,23727298,10,1000,20.0,4.0,0.0,inf,True,10,9,85,66,True,1,293,10.02,3.31e-07,True,0.0,True,0.0,True,37.8,3.55843e-07,True,31.91,90.26
464,power_n10_th20_rho4,power,14,23735217,10,1000,20.0,4.0,0.0,inf,True,16,15,82,61,True,4,309;675;650;248,11.91,3.89e-26,True,0.004,True,0.0,True,40.81,4.9e-10,True,28.73,91.96
465,power_n10_th20_rho4,power,15,23743136,10,1000,20.0,4.0,0.0,inf,True,10,9,52,26,True,1,408,8.75,0.97,False,0.034,True,1.0,False,27.32,1.0,False,25.47,72.63
466,power_n10_th20_rho4,power,16,23751055,10,1000,20.0,4.0,0.0,inf,True,11,10,44,20,True,1,275,9.79,0.0325,True,0.036,True,0.012,True,24.31,1.0,False,23.64,68.6
467,power_n10_th20_rho4,power,17,23758974,10,1000,20.0,4.0,0.0,inf,True,9,8,36,18,False,0,,4.88,1.0,False,0.129,False,1.0,False,24.19,1.0,False,24.85,63.66
468,power_n10_th20_rho4,power,18,23766893,10,1000,20.0,4.0,0.0,inf,True,7,6,69,53,False,0,,6.13,1.0,False,0.428,False,1.0,False,32.88,1.0,False,24.59,74.02
469,power_n10_th20_rho4,power,19,23774812,10,1000,20.0,4.0,0.0,inf,True,7,6,87,49,False,0,,6.53,1.0,False,0.307,False,1.0,False,36.23,1.0,False,30.23,83.13
470,power_n10_th20_rho4,power,20,23782731,10,1000,20.0,4.0,0.0,inf,True,3,2,28,14,False,0,,5.44,1.0,False,0.674,False,1.0,False,23.36,1.0,False,22.01,60.59
471,power_n10_th20_rho4,power,21,23790650,10,1000,20.0,4.0,0.0,inf,True,5,4,53,39,False,0,,6.77,0.563,False,0.002,True,0.0,True,28.79,1.0,False,27.51,73.8
472,power_n10_th20_rho4,power,22,23798569,10,1000,20.0,4.0,0.0,inf,True,4,3,43,21,False,0,,5.93,0.449,False,0.407,False,0.028,True,26.11,1.0,False,26.4,67.86
473,power_n10_th20_rho4,power,23,23806488,10,1000,20.0,4.0,0.0,inf,True,13,12,50,21,True,1,458,9.87,0.235,False,0.072,False,0.415,False,26.9,1.0,False,23.12,69.2
474,power_n10_th20_rho4,power,24,23814407,10,1000,20.0,4.0,0.0,inf,True,12,11,83,76,True,1,219,9.24,5.79e-05,True,0.0,True,0.007,True,36.79,5e-12,True,28.96,86.31
475,power_n10_th20_rho4,power,25,23822326,10,1000,20.0,4.0,0.0,inf,True,5,4,32,14,False,0,,5.28,0.0705,False,0.064,False,0.117,False,23.35,1.0,False,23.06,60.64
476,power_n10_th20_rho4,power,26,23830245,10,1000,20.0,4.0,0.0,inf,True,14,13,55,22,True,1,359,9.31,5.02e-05,True,0.011,True,0.21,False,28.8,1.0,False,23.06,72.05
477,power_n10_th20_rho4,power,27,23838164,10,1000,20.0,4.0,0.0,inf,True,12,11,83,64,True,2,262;408,11.52,1.99e-09,True,0.0,True,0.001,True,37.07,7.66e-10,True,28.85,89.61
478,power_n10_th20_rho4,power,28,23846083,10,1000,20.0,4.0,0.0,inf,True,6,5,17,8,False,0,,4.75,0.0223,True,0.085,False,0.194,False,21.07,1.0,False,29.45,64.95
479,power_n10_th20_rho4,power,29,23854002,10,1000,20.0,4.0,0.0,inf,True,9,8,17,4,False,0,,4.98,1.0,False,0.77,False,1.0,False,20.45,1.0,False,27.5,64.08
480,power_n10_th20_rho4,power,30,23861921,10,1000,20.0,4.0,0.0,inf,True,5,4,41,38,True,1,253,9.16,1.0,False,0.003,True,1.0,False,27.58,1.0,False,26.58,73.24
481,power_n10_th20_rho4,power,31,23869840,10,1000,20.0,4.0,0.0,inf,True,11,10,50,37,False,0,,5.63,0.0837,False,0.061,False,0.568,False,27.49,1.0,False,22.56,66.75
482,power_n10_th20_rho4,power,32,23877759,10,1000,20.0,4.0,0.0,inf,True,10,9,66,56,True,1,627,8.87,0.000808,True,0.0,True,0.037,True,31.8,0.0,True,25.06,76.54
483,power_n10_th20_rho4,power,33,23885678,10,1000,20.0,4.0,0.0,inf,True,7,6,54,38,False,0,,6.98,8.34e-06,True,0.021,True,0.004,True,28.27,1.0,False,23.13,69.87
484,power_n10_th20_rho4,power,34,23893597,10,1000,20.0,4.0,0.0,inf,True,10,9,89,47,True,1,304,10.42,1.74e-07,True,0.036,True,0.0,True,37.98,7.64e-10,True,32.37,91.46
485,power_n10_th20_rho4,power,35,23901516,10,1000,20.0,4.0,0.0,inf,True,7,6,32,14,True,2,525;525,11.03,0.136,False,0.007,True,0.093,False,22.99,1.0,False,27.54,72.54
486,power_n10_th20_rho4,power,36,23909435,10,1000,20.0,4.0,0.0,inf,True,8,7,33,22,False,0,,5.87,1.0,False,0.919,False,1.0,False,24.5,1.0,False,26.47,67.31
487,power_n10_th20_rho4,power,37,23917354,10,1000,20.0,4.0,0.0,inf,True,17,16,84,42,True,2,270;530,9.92,1.47e-14,True,0.0,True,0.0,True,37.49,3.92e-10,True,30.66,89.54
488,power_n10_th20_rho4,power,38,23925273,10,1000,20.0,4.0,0.0,inf,True,14,13,55,38,False,0,,8.36,0.000206,True,0.123,False,0.0,True,30.56,1.0,False,28.67,77.81
489,power_n10_th20_rho4,power,39,23933192,10,1000,20.0,4.0,0.0,inf,True,7,6,47,33,True,1,511,8.87,0.00829,True,0.002,True,0.033,True,26.92,2.50501e-07,True,28.09,73.42
490,power_n10_th20_rho4,power,40,23941111,10,1000,20.0,4.0,0.0,inf,True,12,11,60,38,False,0,,5.16,0.431,False,0.016,True,0.222,False,30.71,1.0,False,23.64,69.43
491,power_n10_th20_rho4,power,41,23949030,10,1000,20.0,4.0,0.0,inf,True,11,10,49,25,False,0,,6.2,0.00549,True,0.012,True,0.07,False,26.89,1.0,False,22.8,65.27
492,power_n10_th20_rho4,power,42,23956949,10,1000,20.0,4.0,0.0,inf,True,11,10,34,23,True,2,565;494,10.03,7.17e-07,True,0.002,True,0.0,True,25.08,3.118657e-05,True,27.59,73.14
493,power_n10_th20_rho4,power,43,23964868,10,1000,20.0,4.0,0.0,inf,True,10,9,47,32,False,0,,6.67,0.000119,True,0.295,False,0.011,True,27.75,1.0,False,27.59,72.72
494,power_n10_th20_rho4,power,44,23972787,10,1000,20.0,4.0,0.0,inf,True,12,11,56,48,False,0,,5.36,1.0,False,0.733,False,1.0,False,28.68,2.324002e-06,True,32.24,76.23
495,power_n10_th20_rho4,power,45,23980706,10,1000,20.0,4.0,0.0,inf,True,16,15,47,24,False,0,,5.49,0.00656,True,0.4,False,0.037,True,27.2,1.0,False,26.09,70.04
496,power_n10_th20_rho4,power,46,23988625,10,1000,20.0,4.0,0.0,inf,True,2,1,31,4,False,0,,5.56,1.0,False,0.296,False,1.0,False,22.78,1.0,False,28.21,66.86
497,power_n10_th20_rho4,power,47,23996544,10,1000,20.0,4.0,0.0,inf,True,12,11,49,18,True,1,732,9.82,0.000155,True,0.055,False,0.0,True,27.26,1.0,False,25.11,72.37
498,power_n10_th20_rho4,power,48,24004463,10,1000,20.0,4.0,0.0,inf,True,6,5,38,28,False,0,,5.21,1.0,False,0.412,False,1.0,False,23.81,1.0,False,23.98,64.36
499,power_n10_th20_rho4,power,49,24012382,10,1000,20.0,4.0,0.0,inf,True,12,11,70,19,False,0,,6.12,0.03,True,0.0,True,0.127,False,32.02,5.7404e-08,True,26.42,74.71
500,power_n10_th20_rho16,power,0,24020301,10,1000,20.0,16.0,0.0,inf,True,46,45,67,34,True,1,206,10.51,2.91e-08,True,0.0,True,0.0,True,32.86,1.11307e-07,True,26.61,82.47
501,power_n10_th20_rho16,power,1,24028220,10,1000,20.0,16.0,0.0,inf,True,27,26,87,58,False,0,,5.02,2.13e-07,True,0.0,True,0.0,True,39.55,1.857e-09,True,32.09,88.27
502,power_n10_th20_rho16,power,2,24036139,10,1000,20.0,16.0,0.0,inf,True,35,34,70,52,True,3,778;778;309,10.27,0.000785,True,0.0,True,0.004,True,35.76,1.912062e-06,True,35.81,92.8
503,power_n10_th20_rho16,power,3,24044058,10,1000,20.0,16.0,0.0,inf,True,42,41,38,24,True,2,312;736,12.91,0.000178,True,0.002,True,0.0,True,24.14,2.3114444e-05,True,34.54,81.99
504,power_n10_th20_rho16,power,4,24051977,10,1000,20.0,16.0,0.0,inf,True,50,49,59,37,True,3,253;717;486,13.26,8.08e-11,True,0.0,True,0.0,True,31.96,1.8196959e-05,True,33.9,90.02
505,power_n10_th20_rho16,power,5,24059896,10,1000,20.0,16.0,0.0,inf,True,21,20,43,39,True,3,680;263;436,10.02,5.78e-09,True,0.0,True,0.0,True,29.24,2.67246e-07,True,32.77,82.93
506,power_n10_th20_rho16,power,6,24067815,10,1000,20.0,16.0,0.0,inf,True,47,46,64,32,True,4,798;214;398;644,12.67,2.05e-11,True,0.001,True,0.0,True,33.0,1.487095e-06,True,28.2,83.3
507,power_n10_th20_rho16,power,7,24075734,10,1000,20.0,16.0,0.0,inf,True,44,43,67,44,True,3,360;251;552,9.85,8.88e-15,True,0.009,True,0.0,True,34.23,6.9323e-08,True,25.31,80.72
508,power_n10_th20_rho16,power,8,24083653,10,1000,20.0,16.0,0.0,inf,True,47,46,62,39,True,2,659;414,12.26,3.41e-06,True,0.252,False,0.008,True,32.38,1.0,False,24.09,80.87
509,power_n10_th20_rho16,power,9,24091572,10,1000,20.0,16.0,0.0,inf,True,35,34,45,16,False,0,,5.03,0.254,False,0.091,False,0.608,False,26.77,1.0,False,23.8,66.25
510,power_n10_th20_rho16,power,10,24099491,10,1000,20.0,16.0,0.0,inf,True,41,40,61,40,True,1,256,9.96,4.03e-12,True,0.003,True,0.0,True,32.41,1.500631e-06,True,25.94,79.03
511,power_n10_th20_rho16,power,11,24107410,10,1000,20.0,16.0,0.0,inf,True,41,40,66,38,True,2,306;624,11.16,3.33e-13,True,0.0,True,0.0,True,32.84,2.37681e-06,True,42.39,96.7
512,power_n10_th20_rho16,power,12,24115329,10,1000,20.0,16.0,0.0,inf,True,39,38,58,37,False,0,,6.89,3.27e-07,True,0.067,False,0.0,True,30.47,9.008706e-06,True,33.89,81.35
513,power_n10_th20_rho16,power,13,24123248,10,1000,20.0,16.0,0.0,inf,True,30,29,59,39,True,1,589,9.46,2.39e-22,True,0.006,True,0.0,True,30.7,2.40829e-07,True,39.07,90.7
514,power_n10_th20_rho16,power,14,24131167,10,1000,20.0,16.0,0.0,inf,True,26,25,52,42,False,0,,6.64,0.293,False,0.101,False,0.03,True,27.53,1.0,False,36.42,81.39
515,power_n10_th20_rho16,power,15,24139086,10,1000,20.0,16.0,0.0,inf,True,36,35,37,18,False,0,,5.08,1.11e-05,True,0.296,False,0.0,True,24.3,1.0,False,28.79,69.14
516,power_n10_th20_rho16,power,16,24147005,10,1000,20.0,16.0,0.0,inf,True,42,41,55,41,True,2,728;426,11.39,3.49e-19,True,0.0,True,0.0,True,30.21,1.32e-09,True,31.74,84.43
517,power_n10_th20_rho16,power,17,24154924,10,1000,20.0,16.0,0.0,inf,True,36,35,39,19,True,1,551,12.68,0.00056,True,0.0,True,0.106,False,24.63,1.0,False,29.93,76.98
518,power_n10_th20_rho16,power,18,24162843,10,1000,20.0,16.0,0.0,inf,True,43,42,47,26,True,2,410;232,11.8,4.64e-06,True,0.001,True,0.0,True,28.94,3.6411107e-05,True,25.33,77.86
519,power_n10_th20_rho16,power,19,24170762,10,1000,20.0,16.0,0.0,inf,True,35,34,67,36,False,0,,6.16,6.63e-16,True,0.0,True,0.0,True,33.87,1.1556e-08,True,36.04,87.39
520,power_n10_th20_rho16,power,20,24178681,10,1000,20.0,16.0,0.0,inf,True,50,49,62,22,False,0,,5.42,2.1e-05,True,0.0,True,0.006,True,31.32,6.04752e-06,True,140.41,187.35
521,power_n10_th20_rho16,power,21,24186600,10,1000,20.0,16.0,0.0,inf,True,24,23,45,30,False,0,,4.89,0.37,False,0.007,True,0.001,True,26.37,2.5262099e-05,True,35.38,77.86
522,power_n10_th20_rho16,power,22,24194519,10,1000,20.0,16.0,0.0,inf,True,41,40,43,25,False,0,,6.5,1.75e-08,True,0.002,True,0.001,True,26.89,1.16901e-07,True,142.39,185.19
523,power_n10_th20_rho16,power,23,24202438,10,1000,20.0,16.0,0.0,inf,True,38,37,46,25,False,0,,7.66,1e-05,True,0.021,True,0.023,True,27.47,1.0,False,276.14,323.44
524,power_n10_th20_rho16,power,24,24210357,10,1000,20.0,16.0,0.0,inf,True,41,40,59,42,True,1,488,12.75,0.00955,True,0.064,False,0.171,False,30.52,1.0,False,84.66,138.33
525,power_n10_th20_rho16,power,25,24218276,10,1000,20.0,16.0,0.0,inf,True,25,24,47,39,True,3,396;270;506,15.0,7.78e-20,True,0.0,True,0.0,True,27.15,2.8282e-08,True,140.2,191.91
526,power_n10_th20_rho16,power,26,24226195,10,1000,20.0,16.0,0.0,inf,True,35,34,41,12,False,0,,8.28,0.169,False,0.455,False,0.005,True,22.57,1.0,False,130.48,173.3
527,power_n10_th20_rho16,power,27,24234114,10,1000,20.0,16.0,0.0,inf,True,31,30,45,20,True,1,352,8.29,0.000852,True,0.014,True,0.0,True,25.87,1.553165e-06,True,112.34,155.73
528,power_n10_th20_rho16,power,28,24242033,10,1000,20.0,16.0,0.0,inf,True,33,32,46,24,True,1,402,8.59,0.00263,True,0.0,True,0.188,False,24.48,4.2103493e-05,True,115.44,157.39
529,power_n10_th20_rho16,power,29,24249952,10,1000,20.0,16.0,0.0,inf,True,28,27,37,15,False,0,,5.02,0.145,False,0.124,False,0.069,False,22.8,1.0,False,28.45,65.6
530,power_n10_th20_rho16,power,30,24257871,10,1000,20.0,16.0,0.0,inf,True,21,20,32,29,False,0,,4.69,1.0,False,0.001,True,1.0,False,21.24,1.7010856e-05,True,32.52,68.06
531,power_n10_th20_rho16,power,31,24265790,10,1000,20.0,16.0,0.0,inf,True,44,43,36,17,False,0,,5.55,0.0584,False,0.137,False,0.057,False,20.88,1.0,False,26.44,61.88
532,power_n10_th20_rho16,power,32,24273709,10,1000,20.0,16.0,0.0,inf,True,37,36,51,37,False,0,,6.32,0.00454,True,0.167,False,0.0,True,29.63,1.0,False,21.32,66.56
533,power_n10_th20_rho16,power,33,24281628,10,1000,20.0,16.0,0.0,inf,True,31,30,52,30,True,2,548;202,10.71,2.99e-12,True,0.003,True,0.005,True,28.0,4.034999e-06,True,31.03,80.55
534,power_n10_th20_rho16,power,34,24289547,10,1000,20.0,16.0,0.0,inf,True,39,38,66,46,True,2,470;696,10.08,4.52e-21,True,0.0,True,0.0,True,31.21,2.46e-10,True,31.85,83.12
535,power_n10_th20_rho16,power,35,24297466,10,1000,20.0,16.0,0.0,inf,True,23,22,51,23,False,0,,5.78,0.594,False,0.304,False,0.009,True,28.38,1.0,False,28.93,72.09
536,power_n10_th20_rho16,power,36,24305385,10,1000,20.0,16.0,0.0,inf,True,47,46,59,34,True,1,618,9.68,0.000219,True,0.014,True,0.29,False,29.62,1.0,False,28.81,77.88
537,power_n10_th20_rho16,power,37,24313304,10,1000,20.0,16.0,0.0,inf,True,24,23,33,22,False,0,,5.98,0.251,False,0.202,False,0.211,False,22.51,1.0,False,29.17,66.92
538,power_n10_th20_rho16,power,38,24321223,10,1000,20.0,16.0,0.0,inf,True,37,36,35,22,True,1,338,8.82,0.00134,True,0.001,True,0.002,True,23.59,1.0,False,28.48,69.78
539,power_n10_th20_rho16,power,39,24329142,10,1000,20.0,16.0,0.0,inf,True,48,47,83,51,True,2,518;760,11.12,1.49e-12,True,0.003,True,0.0,True,39.26,3.4475e-08,True,34.2,95.59
540,power_n10_th20_rho16,power,40,24337061,10,1000,20.0,16.0,0.0,inf,True,43,42,38,17,False,0,,5.89,0.131,False,0.041,True,0.015,True,25.0,1.0,False,27.93,68.98
541,power_n10_th20_rho16,power,41,24344980,10,1000,20.0,16.0,0.0,inf,True,34,33,43,24,False,0,,5.12,0.0412,True,0.135,False,0.009,True,26.68,1.0,False,28.12,69.38
542,power_n10_th20_rho16,power,42,24352899,10,1000,20.0,16.0,0.0,inf,True,35,34,57,30,True,2,706;468,13.13,6.92e-21,True,0.0,True,0.0,True,29.57,4.6337e-07,True,31.0,83.43
543,power_n10_th20_rho16,power,43,24360818,10,1000,20.0,16.0,0.0,inf,True,38,37,47,36,False,0,,4.97,0.148,False,0.599,False,0.561,False,25.01,1.0,False,27.68,68.23
544,power_n10_th20_rho16,power,44,24368737,10,1000,20.0,16.0,0.0,inf,True,57,56,89,60,True,2,434;554,10.77,0.0,True,0.0,True,0.0,True,42.38,9.7e-10,True,26.21,90.44
545,power_n10_th20_rho16,power,45,24376656,10,1000,20.0,16.0,0.0,inf,True,48,47,69,42,True,4,181;463;369;596,11.48,6.58e-19,True,0.0,True,0.0,True,34.78,1.35744e-07,True,26.99,84.73
546,power_n10_th20_rho16,power,46,24384575,10,1000,20.0,16.0,0.0,inf,True,25,24,37,29,True,2,318;424,10.76,0.0438,True,0.146,False,0.009,True,24.37,1.0,False,26.02,70.47
547,power_n10_th20_rho16,power,47,24392494,10,1000,20.0,16.0,0.0,inf,True,19,18,31,22,False,0,,4.99,1.0,False,0.118,False,1.0,False,25.1,1.0,False,24.62,64.98
548,power_n10_th20_rho16,power,48,24400413,10,1000,20.0,16.0,0.0,inf,True,32,31,55,29,True,3,854;290;633,10.17,5.6e-06,True,0.094,False,0.0,True,29.25,1.0,False,22.61,72.27
549,power_n10_th20_rho16,power,49,24408332,10,1000,20.0,16.0,0.0,inf,True,47,46,66,41,True,2,730;453,10.86,2.23e-10,True,0.012,True,0.0,True,34.55,8.3212e-06,True,30.16,87.07
550,power_n10_th20_rho64,power,0,24416251,10,1000,20.0,64.0,0.0,inf,True,133,132,61,37,True,2,408;558,11.14,3.6e-14,True,0.012,True,0.0,True,34.24,1.8355586e-05,True,30.2,87.11
551,power_n10_th20_rho64,power,1,24424170,10,1000,20.0,64.0,0.0,inf,True,118,117,49,31,True,1,460,11.09,1.28e-13,True,0.138,False,0.0,True,28.51,4.807416e-06,True,32.25,81.73
552,power_n10_th20_rho64,power,2,24432089,10,1000,20.0,64.0,0.0,inf,True,135,134,38,16,False,0,,6.26,0.00367,True,0.269,False,0.0,True,25.01,1.0,False,29.62,71.39
553,power_n10_th20_rho64,power,3,24440008,10,1000,20.0,64.0,0.0,inf,True,147,146,58,28,False,0,,7.19,1.13e-05,True,0.046,True,0.0,True,31.42,1.0,False,26.18,76.55
554,power_n10_th20_rho64,power,4,24447927,10,1000,20.0,64.0,0.0,inf,True,124,123,45,22,False,0,,6.77,0.00957,True,0.568,False,0.003,True,26.23,1.0,False,28.46,72.91
555,power_n10_th20_rho64,power,5,24455846,10,1000,20.0,64.0,0.0,inf,True,150,149,51,31,True,3,396;694;620,12.83,5.59e-09,True,0.008,True,0.0,True,29.96,1.0,False,25.42,80.6
556,power_n10_th20_rho64,power,6,24463765,10,1000,20.0,64.0,0.0,inf,True,150,149,59,37,True,3,548;777;717,14.46,8.32e-07,True,0.016,True,0.0,True,32.93,1.587586e-06,True,25.69,84.35
557,power_n10_th20_rho64,power,7,24471684,10,1000,20.0,64.0,0.0,inf,True,134,133,64,34,True,2,280;498,10.75,1.82e-19,True,0.0,True,0.0,True,33.88,6.71898e-07,True,30.46,85.16
558,power_n10_th20_rho64,power,8,24479603,10,1000,20.0,64.0,0.0,inf,True,125,124,46,21,True,1,286,9.69,0.0011,True,0.007,True,0.001,True,26.83,1.0,False,22.97,69.08
559,power_n10_th20_rho64,power,9,24487522,10,1000,20.0,64.0,0.0,inf,True,139,138,58,33,True,1,726,8.67,9.47e-12,True,0.062,False,0.0,True,31.38,1.2237057e-05,True,299.54,351.68
560,power_n10_th20_rho64,power,10,24495441,10,1000,20.0,64.0,0.0,inf,True,156,155,62,29,False,0,,5.79,8.71e-05,True,0.017,True,0.0,True,30.81,1.0,False,296.18,346.71
561,power_n10_th20_rho64,power,11,24503360,10,1000,20.0,64.0,0.0,inf,True,109,108,40,17,False,0,,6.7,0.0115,True,0.541,False,0.399,False,25.07,1.0,False,294.88,339.08
562,power_n10_th20_rho64,power,12,24511279,10,1000,20.0,64.0,0.0,inf,True,185,184,81,38,True,2,254;448,11.05,3.14e-14,True,0.002,True,0.0,True,38.66,4.9603e-07,True,283.33,344.93
563,power_n10_th20_rho64,power,13,24519198,10,1000,20.0,64.0,0.0,inf,True,130,129,57,24,False,0,,7.49,4.93e-07,True,0.038,True,0.185,False,295.61,1.0,False,32.97,346.48
564,power_n10_th20_rho64,power,14,24527117,10,1000,20.0,64.0,0.0,inf,True,154,153,51,36,True,3,682;336;467,11.05,3.4e-17,True,0.003,True,0.0,True,490.52,2.895655e-06,True,44.49,557.29
565,power_n10_th20_rho64,power,15,24535036,10,1000,20.0,64.0,0.0,inf,True,116,115,44,29,True,1,168,8.74,3.1e-06,True,0.003,True,0.0,True,488.56,1.7010856e-05,True,44.19,552.82
566,power_n10_th20_rho64,power,16,24542955,10,1000,20.0,64.0,0.0,inf,True,116,115,47,22,True,2,290;684,12.14,9.34e-08,True,0.13,False,0.0,True,264.68,2.010374e-05,True,32.03,318.0
567,power_n10_th20_rho64,power,17,24550874,10,1000,20.0,64.0,0.0,inf,True,113,112,58,34,True,2,649;302,19.37,0.00155,True,0.035,True,0.0,True,31.58,6.493766e-06,True,30.37,97.9
568,power_n10_th20_rho64,power,18,24558793,10,1000,20.0,64.0,0.0,inf,True,155,154,55,31,True,2,446;610,14.19,3.13e-10,True,0.005,True,0.0,True,34.47,8.875229e-06,True,31.71,96.53
569,power_n10_th20_rho64,power,19,24566712,10,1000,20.0,64.0,0.0,inf,True,148,147,55,28,True,3,317;98;253,16.4,2.97e-10,True,0.006,True,0.0,True,31.58,8.875229e-06,True,31.35,94.74
570,power_n10_th20_rho64,power,20,24574631,10,1000,20.0,64.0,0.0,inf,True,114,113,53,37,True,2,681;289,14.27,3.95e-09,True,0.004,True,0.0,True,32.21,3.1983698e-05,True,29.9,91.45
571,power_n10_th20_rho64,power,21,24582550,10,1000,20.0,64.0,0.0,inf,True,155,154,56,33,True,1,596,9.66,2.06e-08,True,0.002,True,0.002,True,30.16,8.145335e-06,True,26.74,76.97
572,power_n10_th20_rho64,power,22,24590469,10,1000,20.0,64.0,0.0,inf,True,116,115,50,32,True,3,698;339;478,9.21,6.17e-23,True,0.0,True,0.0,True,27.51,3.7391e-07,True,27.23,73.79
573,power_n10_th20_rho64,power,23,24598388,10,1000,20.0,64.0,0.0,inf,True,128,127,60,44,True,3,541;282;608,12.22,1.62e-20,True,0.001,True,0.0,True,31.22,5.49176e-07,True,25.6,79.34
574,power_n10_th20_rho64,power,24,24606307,10,1000,20.0,64.0,0.0,inf,True,127,126,44,26,True,2,282;184,8.35,3.52e-07,True,0.002,True,0.0,True,25.02,5.76083e-06,True,24.22,68.04
575,power_n10_th20_rho64,power,25,24614226,10,1000,20.0,64.0,0.0,inf,True,134,133,51,35,True,2,322;641,11.13,4.12e-29,True,0.02,True,0.0,True,28.29,9.20394e-07,True,29.44,78.55
576,power_n10_th20_rho64,power,26,24622145,10,1000,20.0,64.0,0.0,inf,True,112,111,61,33,False,0,,5.32,0.121,False,0.0,True,0.025,True,30.74,1.0985e-08,True,27.82,73.26
577,power_n10_th20_rho64,power,27,24630064,10,1000,20.0,64.0,0.0,inf,True,116,115,60,40,False,0,,5.46,1.19e-05,True,0.0,True,0.0,True,31.76,3.37811e-07,True,26.64,74.05
578,power_n10_th20_rho64,power,28,24637983,10,1000,20.0,64.0,0.0,inf,True,146,145,51,30,True,1,282,9.32,3e-11,True,0.001,True,0.0,True,27.8,2.692153e-06,True,26.9,73.93
579,power_n10_th20_rho64,power,29,24645902,10,1000,20.0,64.0,0.0,inf,True,97,96,41,25,True,1,591,8.97,6.75e-05,True,0.0,True,0.0,True,27.26,9.614832e-06,True,28.27,74.39
580,power_n10_th20_rho64,power,30,24653821,10,1000,20.0,64.0,0.0,inf,True,124,123,64,34,True,2,420;724,8.68,1.81e-19,True,0.001,True,0.0,True,33.43,4.802e-09,True,42.57,95.58
581,power_n10_th20_rho64,power,31,24661740,10,1000,20.0,64.0,0.0,inf,True,147,146,66,35,True,2,434;252,9.68,5.13e-14,True,0.037,True,0.0,True,34.61,1.587586e-06,True,36.24,90.48
582,power_n10_th20_rho64,power,32,24669659,10,1000,20.0,64.0,0.0,inf,True,137,136,63,40,False,0,,6.18,6.36e-14,True,0.161,False,0.0,True,32.49,6.9817477e-05,True,39.38,87.61
583,power_n10_th20_rho64,power,33,24677578,10,1000,20.0,64.0,0.0,inf,True,123,122,40,24,False,0,,5.8,0.00224,True,0.148,False,0.0,True,25.44,1.0,False,30.06,72.16
584,power_n10_th20_rho64,power,34,24685497,10,1000,20.0,64.0,0.0,inf,True,117,116,53,33,False,0,,5.55,1.12e-07,True,0.013,True,0.0,True,31.19,1.0,False,26.98,74.83
585,power_n10_th20_rho64,power,35,24693416,10,1000,20.0,64.0,0.0,inf,True,134,133,61,37,True,3,533;623;252,13.39,4.31e-11,True,0.01,True,0.0,True,35.14,1.085066e-06,True,27.69,88.15
586,power_n10_th20_rho64,power,36,24701335,10,1000,20.0,64.0,0.0,inf,True,127,126,52,29,True,1,677,11.81,1.57e-05,True,0.002,True,0.002,True,30.2,5.0524191e-05,True,33.64,87.78
587,power_n10_th20_rho64,power,37,24709254,10,1000,20.0,64.0,0.0,inf,True,125,124,40,20,False,0,,5.92,0.362,False,0.006,True,0.042,True,26.64,1.0,False,31.03,75.48
588,power_n10_th20_rho64,power,38,24717173,10,1000,20.0,64.0,0.0,inf,True,111,110,30,19,False,0,,6.66,0.0523,False,0.333,False,0.817,False,23.24,1.0,False,31.53,73.0
589,power_n10_th20_rho64,power,39,24725092,10,1000,20.0,64.0,0.0,inf,True,77,76,28,13,True,2,564;646,12.89,0.0027,True,0.016,True,0.004,True,23.17,1.0,False,30.9,78.29
590,power_n10_th20_rho64,power,40,24733011,10,1000,20.0,64.0,0.0,inf,True,145,144,67,47,True,1,462,12.59,1.55e-24,True,0.0,True,0.0,True,38.65,7.64e-10,True,34.51,97.1
591,power_n10_th20_rho64,power,41,24740930,10,1000,20.0,64.0,0.0,inf,True,129,128,53,33,True,1,252,14.49,0.00636,True,0.089,False,0.004,True,31.32,3.4021708e-05,True,36.19,95.2
592,power_n10_th20_rho64,power,42,24748849,10,1000,20.0,64.0,0.0,inf,True,143,142,61,38,True,2,739;543,12.06,1.33e-25,True,0.0,True,0.0,True,33.67,1.03148e-07,True,35.96,93.3
593,power_n10_th20_rho64,power,43,24756768,10,1000,20.0,64.0,0.0,inf,True,161,160,57,37,True,3,476;334;768,12.26,8.68e-14,True,0.004,True,0.0,True,39.21,4.27326e-07,True,30.8,94.78
594,power_n10_th20_rho64,power,44,24764687,10,1000,20.0,64.0,0.0,inf,True,131,130,56,39,True,1,761,12.45,5.98e-08,True,0.011,True,0.0,True,39.61,3.200461e-06,True,35.67,99.19
595,power_n10_th20_rho64,power,45,24772606,10,1000,20.0,64.0,0.0,inf,True,154,153,71,35,True,1,466,13.97,2.62e-10,True,0.01,True,0.0,True,41.77,5.067127e-06,True,30.58,98.44
596,power_n10_th20_rho64,power,46,24780525,10,1000,20.0,64.0,0.0,inf,True,149,148,48,22,True,1,784,12.46,8.21e-07,True,0.116,False,0.0,True,29.62,1.0,False,32.35,86.69
597,power_n10_th20_rho64,power,47,24788444,10,1000,20.0,64.0,0.0,inf,True,150,149,56,23,False,0,,7.89,2.03e-07,True,0.028,True,0.0,True,30.93,1.0,False,33.44,84.99
598,power_n10_th20_rho64,power,48,24796363,10,1000,20.0,64.0,0.0,inf,True,122,121,49,21,True,1,730,14.97,4.01e-06,True,0.34,False,0.0,True,29.24,1.0,False,25.54,82.47
599,power_n10_th20_rho64,power,49,24804282,10,1000,20.0,64.0,0.0,inf,True,108,107,57,39,True,1,576,12.42,3.22e-14,True,0.0,True,0.0,True,33.47,1.872638e-06,True,30.11,88.58
600,power_n50_th5_rho1,power,0,24812201,50,1000,5.0,1.0,0.0,inf,True,3,2,27,24,False,0,,35.63,1.0,False,0.795,False,1.0,False,176.57,1.0,False,130.29,358.74
601,power_n50_th5_rho1,power,1,24820120,50,1000,5.0,1.0,0.0,inf,False,1,0,41,37,False,0,,33.66,1.0,False,0.48,False,1.0,False,265.65,1.0,False,164.45,477.64
602,power_n50_th5_rho1,power,2,24828039,50,1000,5.0,1.0,0.0,inf,True,3,2,31,26,False,0,,33.71,1.0,False,0.983,False,1.0,False,204.45,1.0,False,142.56,394.15
603,power_n50_th5_rho1,power,3,24835958,50,1000,5.0,1.0,0.0,inf,True,4,3,19,15,False,0,,28.91,1.0,False,0.928,False,1.0,False,126.45,1.0,False,97.83,265.39
604,power_n50_th5_rho1,power,4,24843877,50,1000,5.0,1.0,0.0,inf,True,5,4,24,16,False,0,,31.48,0.0831,False,0.752,False,0.538,False,159.89,1.0,False,117.53,320.87
605,power_n50_th5_rho1,power,5,24851796,50,1000,5.0,1.0,0.0,inf,True,9,8,26,23,False,0,,34.81,0.206,False,0.847,False,1.0,False,170.77,1.0,False,124.45,343.34
606,power_n50_th5_rho1,power,6,24859715,50,1000,5.0,1.0,0.0,inf,True,5,4,25,21,False,0,,31.5,1.0,False,0.224,False,1.0,False,164.68,1.0,False,124.29,332.09
607,power_n50_th5_rho1,power,7,24867634,50,1000,5.0,1.0,0.0,inf,True,2,1,27,23,False,0,,30.94,1.0,False,0.562,False,1.0,False,180.65,1.0,False,123.05,345.42
608,power_n50_th5_rho1,power,8,24875553,50,1000,5.0,1.0,0.0,inf,True,3,2,25,21,False,0,,42.77,1.0,False,0.328,False,1.0,False,172.75,1.0,False,119.85,347.88
609,power_n50_th5_rho1,power,9,24883472,50,1000,5.0,1.0,0.0,inf,True,5,4,24,22,False,0,,38.47,1.0,False,0.794,False,1.0,False,161.12,1.0,False,112.69,325.71
610,power_n50_th5_rho1,power,10,24891391,50,1000,5.0,1.0,0.0,inf,True,6,5,24,22,False,0,,32.15,1.0,False,0.376,False,1.0,False,162.92,1.0,False,116.26,323.79
611,power_n50_th5_rho1,power,11,24899310,50,1000,5.0,1.0,0.0,inf,True,3,2,21,19,False,0,,33.6,0.0195,True,0.122,False,0.084,False,146.96,1.0,False,111.12,305.97
612,power_n50_th5_rho1,power,12,24907229,50,1000,5.0,1.0,0.0,inf,False,1,0,11,7,False,0,,29.19,1.0,False,0.975,False,1.0,False,74.97,1.0,False,78.65,195.42
613,power_n50_th5_rho1,power,13,24915148,50,1000,5.0,1.0,0.0,inf,True,3,2,12,9,False,0,,27.81,1.0,False,0.411,False,1.0,False,85.01,1.0,False,80.79,206.37
614,power_n50_th5_rho1,power,14,24923067,50,1000,5.0,1.0,0.0,inf,True,7,6,23,19,False,0,,33.68,0.325,False,0.124,False,0.256,False,158.43,1.0,False,109.88,315.96
615,power_n50_th5_rho1,power,15,24930986,50,1000,5.0,1.0,0.0,inf,True,8,7,35,28,False,0,,34.6,0.015,True,0.474,False,0.497,False,228.73,1.0,False,161.63,436.3
616,power_n50_th5_rho1,power,16,24938905,50,1000,5.0,1.0,0.0,inf,True,9,8,38,35,False,0,,33.97,0.0307,True,0.001,True,0.051,False,242.08,2.50501e-07,True,151.54,438.77
617,power_n50_th5_rho1,power,17,24946824,50,1000,5.0,1.0,0.0,inf,True,5,4,16,11,False,0,,33.48,1.0,False,0.836,False,1.0,False,108.71,1.0,False,90.49,244.74
618,power_n50_th5_rho1,power,18,24954743,50,1000,5.0,1.0,0.0,inf,True,5,4,12,9,False,0,,30.59,0.347,False,0.513,False,0.323,False,78.73,1.0,False,82.88,206.68
619,power_n50_th5_rho1,power,19,24962662,50,1000,5.0,1.0,0.0,inf,True,5,4,26,17,True,1,499,40.67,0.0739,False,0.049,True,0.022,True,169.94,1.0,False,116.96,340.79
620,power_n50_th5_rho1,power,20,24970581,50,1000,5.0,1.0,0.0,inf,False,1,0,34,26,False,0,,34.67,1.0,False,0.58,False,1.0,False,220.1,1.0,False,140.74,406.75
621,power_n50_th5_rho1,power,21,24978500,50,1000,5.0,1.0,0.0,inf,True,5,4,25,20,False,0,,32.66,1.0,False,0.55,False,1.0,False,168.33,1.0,False,137.42,349.75
622,power_n50_th5_rho1,power,22,24986419,50,1000,5.0,1.0,0.0,inf,True,10,9,56,48,True,1,293,38.94,0.0173,True,0.069,False,0.012,True,351.81,1.0,False,204.67,606.22
623,power_n50_th5_rho1,power,23,24994338,50,1000,5.0,1.0,0.0,inf,True,4,3,28,23,False,0,,32.79,1.0,False,0.927,False,1.0,False,203.48,1.0,False,122.95,373.01
624,power_n50_th5_rho1,power,24,25002257,50,1000,5.0,1.0,0.0,inf,True,5,4,22,18,False,0,,32.59,0.0142,True,0.664,False,0.015,True,164.12,1.0,False,111.44,320.97
625,power_n50_th5_rho1,power,25,25010176,50,1000,5.0,1.0,0.0,inf,True,4,3,14,10,False,0,,31.19,1.0,False,0.851,False,1.0,False,92.07,1.0,False,90.49,227.19
626,power_n50_th5_rho1,power,26,25018095,50,1000,5.0,1.0,0.0,inf,True,3,2,7,3,False,0,,24.53,1.0,False,1.0,False,1.0,False,47.67,1.0,False,70.38,155.99
627,power_n50_th5_rho1,power,27,25026014,50,1000,5.0,1.0,0.0,inf,True,2,1,5,4,False,0,,24.22,1.0,False,1.0,False,1.0,False,41.32,1.0,False,64.05,141.85
628,power_n50_th5_rho1,power,28,25033933,50,1000,5.0,1.0,0.0,inf,True,8,7,20,18,False,0,,31.16,0.223,False,0.79,False,0.035,True,138.05,1.0,False,101.61,283.09
629,power_n50_th5_rho1,power,29,25041852,50,1000,5.0,1.0,0.0,inf,True,7,6,48,44,False,0,,40.03,0.767,False,0.549,False,0.381,False,304.57,1.0,False,179.01,536.18
630,power_n50_th5_rho1,power,30,25049771,50,1000,5.0,1.0,0.0,inf,True,6,5,18,14,False,0,,30.3,0.0451,True,0.501,False,0.483,False,129.86,1.0,False,102.26,275.61
631,power_n50_th5_rho1,power,31,25057690,50,1000,5.0,1.0,0.0,inf,True,5,4,17,7,False,0,,34.1,1.0,False,0.652,False,1.0,False,121.07,1.0,False,95.46,263.3
632,power_n50_th5_rho1,power,32,25065609,50,1000,5.0,1.0,0.0,inf,True,4,3,18,13,False,0,,33.68,0.719,False,0.9,False,1.0,False,126.5,1.0,False,103.2,276.37
633,power_n50_th5_rho1,power,33,25073528,50,1000,5.0,1.0,0.0,inf,True,3,2,23,16,False,0,,31.55,1.0,False,0.126,False,1.0,False,157.26,1.0,False,110.21,313.67
634,power_n50_th5_rho1,power,34,25081447,50,1000,5.0,1.0,0.0,inf,True,3,2,18,13,False,0,,33.36,1.0,False,0.439,False,1.0,False,126.13,1.0,False,99.42,270.66
635,power_n50_th5_rho1,power,35,25089366,50,1000,5.0,1.0,0.0,inf,True,4,3,30,25,False,0,,32.5,1.0,False,0.311,False,1.0,False,196.24,1.0,False,131.5,372.71
636,power_n50_th5_rho1,power,36,25097285,50,1000,5.0,1.0,0.0,inf,True,7,6,28,27,False,0,,30.06,1.0,False,0.59,False,1.0,False,187.5,1.0,False,131.04,360.33
637,power_n50_th5_rho1,power,37,25105204,50,1000,5.0,1.0,0.0,inf,True,5,4,12,10,False,0,,30.1,1.0,False,0.922,False,1.0,False,79.52,1.0,False,82.86,204.53
638,power_n50_th5_rho1,power,38,25113123,50,1000,5.0,1.0,0.0,inf,True,4,3,24,22,False,0,,30.58,0.321,False,0.23,False,1.0,False,166.82,1.0,False,116.89,329.15
639,power_n50_th5_rho1,power,39,25121042,50,1000,5.0,1.0,0.0,inf,True,2,1,14,10,False,0,,30.54,1.0,False,0.309,False,1.0,False,92.82,1.0,False,90.34,224.71
640,power_n50_th5_rho1,power,40,25128961,50,1000,5.0,1.0,0.0,inf,True,5,4,19,11,False,0,,30.45,1.0,False,1.0,False,1.0,False,134.86,1.0,False,100.19,276.83
641,power_n50_th5_rho1,power,41,25136880,50,1000,5.0,1.0,0.0,inf,False,1,0,9,5,False,0,,27.96,1.0,False,0.624,False,1.0,False,61.89,1.0,False,73.21,173.95
642,power_n50_th5_rho1,power,42,25144799,50,1000,5.0,1.0,0.0,inf,True,5,4,34,24,False,0,,34.05,1.0,False,0.375,False,1.0,False,227.74,1.0,False,144.04,417.94
643,power_n50_th5_rho1,power,43,25152718,50,1000,5.0,1.0,0.0,inf,True,4,3,16,12,False,0,,34.11,1.0,False,0.719,False,1.0,False,112.39,1.0,False,90.84,248.58
644,power_n50_th5_rho1,power,44,25160637,50,1000,5.0,1.0,0.0,inf,True,3,2,19,15,False,0,,31.76,1.0,False,0.692,False,1.0,False,134.75,1.0,False,102.76,283.06
645,power_n50_th5_rho1,power,45,25168556,50,1000,5.0,1.0,0.0,inf,True,2,1,15,11,False,0,,32.49,1.0,False,0.658,False,1.0,False,105.56,1.0,False,88.2,239.15
646,power_n50_th5_rho1,power,46,25176475,50,1000,5.0,1.0,0.0,inf,True,8,7,22,17,False,0,,27.26,0.14,False,0.755,False,0.067,False,151.38,1.0,False,111.49,304.26
647,power_n50_th5_rho1,power,47,25184394,50,1000,5.0,1.0,0.0,inf,True,7,6,32,26,True,1,318,39.07,0.262,False,0.091,False,0.009,True,210.61,1.0,False,137.45,400.5
648,power_n50_th5_rho1,power,48,25192313,50,1000,5.0,1.0,0.0,inf,True,8,7,35,28,True,1,316,43.83,0.0139,True,0.408,False,0.251,False,233.09,1.0,False,148.13,436.37
649,power_n50_th5_rho1,power,49,25200232,50,1000,5.0,1.0,0.0,inf,True,6,5,14,10,False,0,,30.17,1.0,False,0.696,False,1.0,False,93.56,1.0,False,84.76,221.11
650,power_n50_th5_rho4,power,0,25208151,50,1000,5.0,4.0,0.0,inf,True,12,11,15,11,False,0,,31.43,0.102,False,0.89,False,0.072,False,105.58,1.0,False,89.84,238.35
651,power_n50_th5_rho4,power,1,25216070,50,1000,5.0,4.0,0.0,inf,True,13,12,16,10,False,0,,32.18,0.309,False,0.825,False,0.36,False,116.0,1.0,False,89.98,249.75
652,power_n50_th5_rho4,power,2,25223989,50,1000,5.0,4.0,0.0,inf,True,24,23,33,25,False,0,,37.6,1.0,False,0.929,False,1.0,False,226.28,1.0,False,140.63,416.54
653,power_n50_th5_rho4,power,3,25231908,50,1000,5.0,4.0,0.0,inf,True,17,16,26,22,False,0,,38.97,0.517,False,0.189,False,0.745,False,176.18,1.0,False,132.29,364.0
654,power_n50_th5_rho4,power,4,25239827,50,1000,5.0,4.0,0.0,inf,True,10,9,17,13,False,0,,34.19,0.177,False,0.676,False,0.352,False,121.93,1.0,False,89.4,257.69
655,power_n50_th5_rho4,power,5,25247746,50,1000,5.0,4.0,0.0,inf,True,25,24,17,15,False,0,,30.68,0.688,False,0.935,False,0.704,False,120.84,1.0,False,92.02,256.82
656,power_n50_th5_rho4,power,6,25255665,50,1000,5.0,4.0,0.0,inf,True,16,15,22,18,True,1,454,36.15,3.36e-05,True,0.276,False,0.009,True,154.02,1.0,False,116.58,317.71
657,power_n50_th5_rho4,power,7,25263584,50,1000,5.0,4.0,0.0,inf,True,19,18,32,24,False,0,,31.3,0.798,False,0.048,True,0.316,False,210.92,1.0,False,135.58,390.46
658,power_n50_th5_rho4,power,8,25271503,50,1000,5.0,4.0,0.0,inf,True,8,7,24,20,False,0,,32.23,0.0145,True,0.812,False,0.012,True,170.56,1.0,False,114.49,331.05
659,power_n50_th5_rho4,power,9,25279422,50,1000,5.0,4.0,0.0,inf,True,20,19,23,16,False,0,,28.6,0.2,False,0.338,False,0.032,True,159.85,1.0,False,115.19,314.59
660,power_n50_th5_rho4,power,10,25287341,50,1000,5.0,4.0,0.0,inf,True,16,15,27,16,False,0,,32.65,0.231,False,0.408,False,0.125,False,198.61,1.0,False,125.01,373.03
661,power_n50_th5_rho4,power,11,25295260,50,1000,5.0,4.0,0.0,inf,True,34,33,35,28,True,1,395,44.26,0.0119,True,0.004,True,0.003,True,232.35,1.0,False,155.24,444.94
662,power_n50_th5_rho4,power,12,25303179,50,1000,5.0,4.0,0.0,inf,True,16,15,26,20,False,0,,31.97,0.00131,True,0.23,False,0.082,False,178.92,1.0,False,123.27,348.64
663,power_n50_th5_rho4,power,13,25311098,50,1000,5.0,4.0,0.0,inf,True,10,9,16,9,False,0,,31.53,0.21,False,0.168,False,0.68,False,114.83,1.0,False,91.18,248.82
664,power_n50_th5_rho4,power,14,25319017,50,1000,5.0,4.0,0.0,inf,True,15,14,17,11,False,0,,31.77,0.0201,True,0.483,False,0.008,True,122.49,1.0,False,103.32,269.11
665,power_n50_th5_rho4,power,15,25326936,50,1000,5.0,4.0,0.0,inf,True,19,18,12,11,False,0,,28.48,0.241,False,0.437,False,1.0,False,82.77,1.0,False,84.26,207.17
666,power_n50_th5_rho4,power,16,25334855,50,1000,5.0,4.0,0.0,inf,True,21,20,21,11,False,0,,31.75,0.0044,True,0.664,False,0.032,True,151.9,1.0,False,109.32,304.64
667,power_n50_th5_rho4,power,17,25342774,50,1000,5.0,4.0,0.0,inf,True,14,13,20,13,False,0,,31.82,1.0,False,0.122,False,1.0,False,145.14,1.0,False,106.51,295.39
668,power_n50_th5_rho4,power,18,25350693,50,1000,5.0,4.0,0.0,inf,True,20,19,18,12,False,0,,28.79,0.0968,False,0.959,False,0.312,False,133.02,1.0,False,102.93,276.89
669,power_n50_th5_rho4,power,19,25358612,50,1000,5.0,4.0,0.0,inf,True,19,18,20,14,False,0,,31.98,0.176,False,0.601,False,0.507,False,141.32,1.0,False,108.93,294.89
670,power_n50_th5_rho4,power,20,25366531,50,1000,5.0,4.0,0.0,inf,True,12,11,24,18,False,0,,33.53,0.000491,True,0.289,False,0.232,False,171.48,1.0,False,120.63,339.94
671,power_n50_th5_rho4,power,21,25374450,50,1000,5.0,4.0,0.0,inf,True,20,19,29,26,False,0,,29.72,0.104,False,0.343,False,0.609,False,197.86,1.0,False,138.15,379.61
672,power_n50_th5_rho4,power,22,25382369,50,1000,5.0,4.0,0.0,inf,True,27,26,23,20,False,0,,31.31,0.1,False,0.716,False,0.018,True,158.53,1.0,False,113.07,316.94
673,power_n50_th5_rho4,power,23,25390288,50,1000,5.0,4.0,0.0,inf,True,11,10,20,7,False,0,,31.18,1.0,False,0.377,False,1.0,False,143.08,1.0,False,103.76,290.88
674,power_n50_th5_rho4,power,24,25398207,50,1000,5.0,4.0,0.0,inf,True,11,10,14,13,False,0,,29.48,0.264,False,0.321,False,1.0,False,98.56,1.0,False,94.91,235.49
675,power_n50_th5_rho4,power,25,25406126,50,1000,5.0,4.0,0.0,inf,True,8,7,10,5,False,0,,27.56,1.0,False,0.898,False,1.0,False,69.77,1.0,False,83.32,193.73
676,power_n50_th5_rho4,power,26,25414045,50,1000,5.0,4.0,0.0,inf,True,15,14,46,42,False,0,,33.39,8.58e-05,True,0.076,False,0.064,False,301.64,1.0,False,188.29,536.28
677,power_n50_th5_rho4,power,27,25421964,50,1000,5.0,4.0,0.0,inf,True,12,11,21,16,False,0,,32.82,1.0,False,0.343,False,1.0,False,147.06,1.0,False,108.52,301.06
678,power_n50_th5_rho4,power,28,25429883,50,1000,5.0,4.0,0.0,inf,True,14,13,18,17,False,0,,30.86,0.275,False,0.893,False,0.127,False,131.42,1.0,False,107.96,281.35
679,power_n50_th5_rho4,power,29,25437802,50,1000,5.0,4.0,0.0,inf,True,15,14,17,14,False,0,,30.52,0.375,False,0.741,False,0.33,False,123.68,1.0,False,104.23,270.08
680,power_n50_th5_rho4,power,30,25445721,50,1000,5.0,4.0,0.0,inf,True,11,10,13,10,False,0,,27.55,1.0,False,0.993,False,1.0,False,89.07,1.0,False,87.77,216.53
681,power_n50_th5_rho4,power,31,25453640,50,1000,5.0,4.0,0.0,inf,True,16,15,23,17,False,0,,32.18,0.159,False,0.397,False,0.033,True,157.43,1.0,False,116.15,317.05
682,power_n50_th5_rho4,power,32,25461559,50,1000,5.0,4.0,0.0,inf,True,18,17,14,11,False,0,,29.2,0.07,False,0.879,False,0.015,True,97.48,1.0,False,96.52,235.07
683,power_n50_th5_rho4,power,33,25469478,50,1000,5.0,4.0,0.0,inf,True,16,15,21,16,False,0,,34.94,0.709,False,0.61,False,0.734,False,152.61,1.0,False,108.25,306.75
684,power_n50_th5_rho4,power,34,25477397,50,1000,5.0,4.0,0.0,inf,True,12,11,16,14,False,0,,33.02,0.189,False,0.225,False,0.315,False,118.54,1.0,False,100.39,263.82
685,power_n50_th5_rho4,power,35,25485316,50,1000,5.0,4.0,0.0,inf,True,13,12,24,14,False,0,,35.8,0.144,False,0.802,False,0.607,False,172.01,1.0,False,122.77,343.91
686,power_n50_th5_rho4,power,36,25493235,50,1000,5.0,4.0,0.0,inf,True,16,15,22,18,False,0,,31.46,1.0,False,0.122,False,1.0,False,152.09,1.0,False,119.15,314.87
687,power_n50_th5_rho4,power,37,25501154,50,1000,5.0,4.0,0.0,inf,True,16,15,29,24,False,0,,35.39,0.0211,True,0.25,False,0.517,False,195.12,1.0,False,132.94,376.54
688,power_n50_th5_rho4,power,38,25509073,50,1000,5.0,4.0,0.0,inf,True,9,8,18,12,False,0,,34.82,0.105,False,0.469,False,0.083,False,128.93,1.0,False,109.68,287.26
689,power_n50_th5_rho4,power,39,25516992,50,1000,5.0,4.0,0.0,inf,True,20,19,29,24,False,0,,32.55,0.0198,True,0.191,False,0.043,True,199.14,1.0,False,133.88,378.81
690,power_n50_th5_rho4,power,40,25524911,50,1000,5.0,4.0,0.0,inf,True,12,11,28,25,False,0,,32.75,0.216,False,0.382,False,0.017,True,191.16,1.0,False,129.25,365.69
691,power_n50_th5_rho4,power,41,25532830,50,1000,5.0,4.0,0.0,inf,True,13,12,30,25,False,0,,29.76,0.0434,True,0.214,False,0.146,False,205.77,1.0,False,135.24,383.6
692,power_n50_th5_rho4,power,42,25540749,50,1000,5.0,4.0,0.0,inf,True,17,16,23,18,False,0,,32.16,1.0,False,0.043,True,1.0,False,160.03,1.0,False,114.22,317.71
693,power_n50_th5_rho4,power,43,25548668,50,1000,5.0,4.0,0.0,inf,True,17,16,14,12,False,0,,29.38,0.327,False,0.938,False,1.0,False,96.21,1.0,False,94.03,235.22
694,power_n50_th5_rho4,power,44,25556587,50,1000,5.0,4.0,0.0,inf,True,12,11,16,13,False,0,,33.87,0.218,False,0.671,False,0.489,False,115.7,1.0,False,98.31,260.54
695,power_n50_th5_rho4,power,45,25564506,50,1000,5.0,4.0,0.0,inf,True,14,13,11,9,False,0,,31.6,0.0583,False,0.825,False,0.069,False,79.87,1.0,False,85.4,210.93
696,power_n50_th5_rho4,power,46,25572425,50,1000,5.0,4.0,0.0,inf,True,11,10,15,10,False,0,,28.87,0.309,False,0.784,False,0.38,False,110.62,1.0,False,91.02,243.98
697,power_n50_th5_rho4,power,47,25580344,50,1000,5.0,4.0,0.0,inf,True,16,15,20,15,False,0,,34.56,0.191,False,0.258,False,0.167,False,144.92,1.0,False,101.84,292.49
698,power_n50_th5_rho4,power,48,25588263,50,1000,5.0,4.0,0.0,inf,True,25,24,40,33,False,0,,34.13,0.103,False,0.362,False,0.0,True,264.91,1.0,False,172.75,484.61
699,power_n50_th5_rho4,power,49,25596182,50,1000,5.0,4.0,0.0,inf,True,21,20,35,27,False,0,,33.49,0.331,False,0.233,False,0.0,True,228.66,1.0,False,157.51,433.72
700,power_n50_th5_rho16,power,0,25604101,50,1000,5.0,16.0,0.0,inf,True,38,37,14,8,False,0,,28.39,0.189,False,0.703,False,0.462,False,95.56,1.0,False,92.53,228.18
701,power_n50_th5_rho16,power,1,25612020,50,1000,5.0,16.0,0.0,inf,True,69,68,38,35,True,1,394,42.68,4.87e-08,True,0.039,True,0.107,False,248.63,1.0,False,161.55,466.45
702,power_n50_th5_rho16,power,2,25619939,50,1000,5.0,16.0,0.0,inf,True,41,40,19,14,False,0,,31.19,0.33,False,0.449,False,0.727,False,137.1,1.0,False,103.53,284.43
703,power_n50_th5_rho16,power,3,25627858,50,1000,5.0,16.0,0.0,inf,True,68,67,23,20,False,0,,31.23,3.24e-06,True,0.314,False,0.05,False,158.0,1.0,False,121.04,322.4
704,power_n50_th5_rho16,power,4,25635777,50,1000,5.0,16.0,0.0,inf,True,54,53,12,9,False,0,,29.73,0.102,False,0.999,False,0.038,True,80.23,1.0,False,88.11,210.72
705,power_n50_th5_rho16,power,5,25643696,50,1000,5.0,16.0,0.0,inf,True,53,52,21,14,False,0,,34.64,0.0949,False,0.129,False,0.006,True,158.27,1.0,False,121.05,325.5
706,power_n50_th5_rho16,power,6,25651615,50,1000,5.0,16.0,0.0,inf,True,54,53,23,16,False,0,,30.51,0.000177,True,0.461,False,0.112,False,167.39,1.0,False,121.63,333.19
707,power_n50_th5_rho16,power,7,25659534,50,1000,5.0,16.0,0.0,inf,True,69,68,13,9,False,0,,32.08,0.814,False,0.999,False,0.97,False,87.84,1.0,False,96.69,228.14
708,power_n50_th5_rho16,power,8,25667453,50,1000,5.0,16.0,0.0,inf,True,74,73,31,27,True,1,708,39.24,1.05e-06,True,0.124,False,0.05,False,210.22,1.0,False,157.63,419.41
709,power_n50_th5_rho16,power,9,25675372,50,1000,5.0,16.0,0.0,inf,True,65,64,23,16,False,0,,29.02,1.93e-05,True,0.949,False,0.0,True,164.61,1.0,False,127.89,334.11
710,power_n50_th5_rho16,power,10,25683291,50,1000,5.0,16.0,0.0,inf,True,67,66,20,15,False,0,,36.9,0.352,False,0.055,False,0.01,True,148.27,1.0,False,110.4,308.17
711,power_n50_th5_rho16,power,11,25691210,50,1000,5.0,16.0,0.0,inf,True,39,38,16,14,False,0,,35.46,0.00824,True,0.226,False,0.313,False,115.37,1.0,False,101.03,264.2
712,power_n50_th5_rho16,power,12,25699129,50,1000,5.0,16.0,0.0,inf,True,65,64,24,16,False,0,,33.87,0.000131,True,0.927,False,0.101,False,175.06,1.0,False,118.64,339.21
713,power_n50_th5_rho16,power,13,25707048,50,1000,5.0,16.0,0.0,inf,True,67,66,22,17,False,0,,30.87,0.00777,True,0.9,False,0.058,False,160.53,1.0,False,129.48,335.62
714,power_n50_th5_rho16,power,14,25714967,50,1000,5.0,16.0,0.0,inf,True,72,71,21,18,False,0,,30.97,0.101,False,0.723,False,0.16,False,152.43,1.0,False,116.71,311.85
715,power_n50_th5_rho16,power,15,25722886,50,1000,5.0,16.0,0.0,inf,True,78,77,13,12,False,0,,26.82,0.000353,True,0.894,False,0.003,True,95.83,1.0,False,95.13,229.8
716,power_n50_th5_rho16,power,16,25730805,50,1000,5.0,16.0,0.0,inf,True,67,66,26,17,False,0,,32.71,0.0236,True,0.165,False,0.005,True,181.75,1.0,False,126.73,354.32
717,power_n50_th5_rho16,power,17,25738724,50,1000,5.0,16.0,0.0,inf,True,58,57,32,24,False,0,,33.13,0.0762,False,0.083,False,0.012,True,215.37,1.0,False,145.19,406.27
718,power_n50_th5_rho16,power,18,25746643,50,1000,5.0,16.0,0.0,inf,True,55,54,35,28,False,0,,35.16,0.0247,True,0.012,True,0.03,True,231.48,1.0,False,157.42,436.71
719,power_n50_th5_rho16,power,19,25754562,50,1000,5.0,16.0,0.0,inf,True,61,60,22,12,True,1,628,43.85,0.00998,True,0.259,False,0.001,True,153.41,1.0,False,116.47,325.98
720,power_n50_th5_rho16,power,20,25762481,50,1000,5.0,16.0,0.0,inf,True,68,67,46,42,True,3,525;280;676,65.72,1.45e-19,True,0.004,True,0.0,True,315.52,1.0,False,186.97,581.12
721,power_n50_th5_rho16,power,21,25770400,50,1000,5.0,16.0,0.0,inf,True,55,54,27,19,False,0,,31.67,0.135,False,0.417,False,0.852,False,185.77,1.0,False,136.8,366.21
722,power_n50_th5_rho16,power,22,25778319,50,1000,5.0,16.0,0.0,inf,True,35,34,18,12,False,0,,34.02,0.0698,False,0.939,False,0.752,False,135.73,1.0,False,111.43,295.42
723,power_n50_th5_rho16,power,23,25786238,50,1000,5.0,16.0,0.0,inf,True,67,66,36,27,True,1,158,40.66,7.04e-07,True,0.209,False,0.001,True,256.77,1.0,False,162.21,470.84
724,power_n50_th5_rho16,power,24,25794157,50,1000,5.0,16.0,0.0,inf,True,71,70,35,33,True,1,678,53.53,0.000158,True,0.103,False,0.038,True,243.83,1.0,False,168.0,478.47
725,power_n50_th5_rho16,power,25,25802076,50,1000,5.0,16.0,0.0,inf,True,49,48,29,21,True,1,760,51.06,0.000506,True,0.467,False,0.002,True,206.81,1.0,False,144.8,415.81
726,power_n50_th5_rho16,power,26,25809995,50,1000,5.0,16.0,0.0,inf,True,66,65,24,17,False,0,,35.4,0.00885,True,0.953,False,0.343,False,174.36,1.0,False,129.24,353.18
727,power_n50_th5_rho16,power,27,25817914,50,1000,5.0,16.0,0.0,inf,True,49,48,22,18,False,0,,33.88,0.159,False,0.639,False,0.052,False,160.17,1.0,False,128.66,335.83
728,power_n50_th5_rho16,power,28,25825833,50,1000,5.0,16.0,0.0,inf,True,69,68,20,14,False,0,,32.0,0.178,False,0.494,False,0.595,False,144.2,1.0,False,119.75,308.86
729,power_n50_th5_rho16,power,29,25833752,50,1000,5.0,16.0,0.0,inf,True,46,45,25,16,False,0,,33.06,0.0116,True,0.418,False,0.019,True,176.36,1.0,False,133.22,355.43
730,power_n50_th5_rho16,power,30,25841671,50,1000,5.0,16.0,0.0,inf,True,72,71,22,18,False,0,,33.58,0.0202,True,0.786,False,0.259,False,164.12,1.0,False,119.09,330.55
731,power_n50_th5_rho16,power,31,25849590,50,1000,5.0,16.0,0.0,inf,True,59,58,13,12,False,0,,32.29,0.0154,True,0.78,False,0.001,True,97.74,1.0,False,91.94,237.62
732,power_n50_th5_rho16,power,32,25857509,50,1000,5.0,16.0,0.0,inf,True,63,62,32,26,True,1,308,49.57,3.22e-05,True,0.052,False,0.0,True,221.28,1.0,False,152.96,438.75
733,power_n50_th5_rho16,power,33,25865428,50,1000,5.0,16.0,0.0,inf,True,54,53,19,16,True,1,794,40.11,0.00158,True,0.132,False,0.003,True,142.28,1.0,False,106.67,302.42
734,power_n50_th5_rho16,power,34,25873347,50,1000,5.0,16.0,0.0,inf,True,55,54,35,30,True,1,396,56.45,0.000233,True,0.02,True,0.0,True,241.36,1.0,False,160.78,471.56
735,power_n50_th5_rho16,power,35,25881266,50,1000,5.0,16.0,0.0,inf,True,71,70,26,16,False,0,,32.38,1.82e-05,True,0.65,False,0.001,True,186.48,1.0,False,138.03,370.32
736,power_n50_th5_rho16,power,36,25889185,50,1000,5.0,16.0,0.0,inf,True,68,67,28,25,False,0,,36.77,0.000429,True,0.039,True,0.001,True,196.29,1.0,False,144.17,392.59
737,power_n50_th5_rho16,power,37,25897104,50,1000,5.0,16.0,0.0,inf,True,74,73,25,18,False,0,,35.87,0.00186,True,0.565,False,0.008,True,187.17,1.0,False,132.7,368.01
738,power_n50_th5_rho16,power,38,25905023,50,1000,5.0,16.0,0.0,inf,True,55,54,23,18,False,0,,43.46,0.0638,False,0.664,False,0.395,False,167.5,1.0,False,120.55,345.32
739,power_n50_th5_rho16,power,39,25912942,50,1000,5.0,16.0,0.0,inf,True,55,54,20,11,False,0,,29.95,0.203,False,0.656,False,0.163,False,154.45,1.0,False,113.5,310.34
740,power_n50_th5_rho16,power,40,25920861,50,1000,5.0,16.0,0.0,inf,True,58,57,16,13,False,0,,39.99,0.0166,True,0.354,False,0.004,True,123.67,1.0,False,98.79,275.61
741,power_n50_th5_rho16,power,41,25928780,50,1000,5.0,16.0,0.0,inf,True,74,73,24,22,False,0,,32.7,0.00826,True,0.122,False,0.033,True,173.97,1.0,False,129.98,350.18
742,power_n50_th5_rho16,power,42,25936699,50,1000,5.0,16.0,0.0,inf,True,50,49,28,25,False,0,,34.48,0.0664,False,0.213,False,0.075,False,194.0,1.0,False,140.18,380.61
743,power_n50_th5_rho16,power,43,25944618,50,1000,5.0,16.0,0.0,inf,True,61,60,24,20,False,0,,35.05,6.18e-07,True,0.601,False,0.001,True,172.31,1.0,False,129.79,350.52
744,power_n50_th5_rho16,power,44,25952537,50,1000,5.0,16.0,0.0,inf,True,57,56,13,10,False,0,,33.75,0.0803,False,0.613,False,0.017,True,90.18,1.0,False,87.71,225.59
745,power_n50_th5_rho16,power,45,25960456,50,1000,5.0,16.0,0.0,inf,True,67,66,16,9,False,0,,33.13,0.0881,False,0.809,False,0.26,False,123.4,1.0,False,99.94,270.05
746,power_n50_th5_rho16,power,46,25968375,50,1000,5.0,16.0,0.0,inf,True,74,73,25,17,False,0,,37.6,0.00679,True,0.429,False,0.016,True,186.52,1.0,False,124.73,361.45
747,power_n50_th5_rho16,power,47,25976294,50,1000,5.0,16.0,0.0,inf,True,65,64,23,19,True,1,518,39.88,0.000817,True,0.064,False,0.001,True,166.78,1.0,False,119.66,341.44
748,power_n50_th5_rho16,power,48,25984213,50,1000,5.0,16.0,0.0,inf,True,54,53,11,8,False,0,,25.98,0.0348,True,0.921,False,0.003,True,80.1,1.0,False,91.31,208.09
749,power_n50_th5_rho16,power,49,25992132,50,1000,5.0,16.0,0.0,inf,True,62,61,29,24,False,0,,39.2,1.62e-08,True,0.412,False,0.0,True,200.71,1.0,False,143.14,400.77
750,power_n50_th5_rho64,power,0,26000051,50,1000,5.0,64.0,0.0,inf,True,215,214,25,21,False,0,,48.48,0.0798,False,0.73,False,0.011,True,177.2,1.0,False,144.59,381.9
751,power_n50_th5_rho64,power,1,26007970,50,1000,5.0,64.0,0.0,inf,True,259,258,26,23,False,0,,36.55,1.59e-05,True,0.444,False,0.021,True,182.54,1.0,False,148.16,382.04
752,power_n50_th5_rho64,power,2,26015889,50,1000,5.0,64.0,0.0,inf,True,217,216,21,16,False,0,,32.08,0.148,False,0.362,False,0.022,True,147.09,1.0,False,134.43,327.02
753,power_n50_th5_rho64,power,3,26023808,50,1000,5.0,64.0,0.0,inf,True,213,212,19,15,False,0,,35.17,0.0257,True,0.738,False,0.486,False,138.4,1.0,False,127.97,315.72
754,power_n50_th5_rho64,power,4,26031727,50,1000,5.0,64.0,0.0,inf,True,211,210,23,19,False,0,,33.52,0.15,False,0.589,False,0.354,False,166.3,1.0,False,122.29,343.34
755,power_n50_th5_rho64,power,5,26039646,50,1000,5.0,64.0,0.0,inf,True,257,256,26,20,False,0,,32.34,3.77e-06,True,0.529,False,0.0,True,188.94,1.0,False,135.19,370.74
756,power_n50_th5_rho64,power,6,26047565,50,1000,5.0,64.0,0.0,inf,True,218,217,21,20,False,0,,37.83,0.00019,True,0.633,False,0.03,True,157.51,1.0,False,118.51,326.28
757,power_n50_th5_rho64,power,7,26055484,50,1000,5.0,64.0,0.0,inf,True,253,252,35,26,False,0,,36.25,1.53e-05,True,0.69,False,0.005,True,244.18,1.0,False,179.7,475.03
758,power_n50_th5_rho64,power,8,26063403,50,1000,5.0,64.0,0.0,inf,True,216,215,20,15,False,0,,35.12,0.000201,True,0.084,False,0.006,True,146.01,1.0,False,121.48,318.41
759,power_n50_th5_rho64,power,9,26071322,50,1000,5.0,64.0,0.0,inf,True,214,213,20,15,False,0,,34.86,8.94e-05,True,0.308,False,0.0,True,142.85,1.0,False,119.61,314.11
760,power_n50_th5_rho64,power,10,26079241,50,1000,5.0,64.0,0.0,inf,True,180,179,24,22,False,0,,40.16,0.00849,True,0.929,False,0.0,True,171.5,1.0,False,130.75,357.77
761,power_n50_th5_rho64,power,11,26087160,50,1000,5.0,64.0,0.0,inf,True,216,215,21,18,False,0,,37.36,0.00608,True,0.954,False,0.0,True,149.18,1.0,False,123.44,322.5
762,power_n50_th5_rho64,power,12,26095079,50,1000,5.0,64.0,0.0,inf,True,186,185,22,16,True,1,254,42.18,5.6e-07,True,0.943,False,0.001,True,159.16,1.0,False,145.38,360.19
763,power_n50_th5_rho64,power,13,26102998,50,1000,5.0,64.0,0.0,inf,True,199,198,20,12,False,0,,33.29,0.0101,True,0.116,False,0.055,False,145.18,1.0,False,134.9,326.72
764,power_n50_th5_rho64,power,14,26110917,50,1000,5.0,64.0,0.0,inf,True,193,192,25,23,True,1,580,50.83,2.19e-05,True,0.361,False,0.354,False,188.3,1.0,False,129.39,380.02
765,power_n50_th5_rho64,power,15,26118836,50,1000,5.0,64.0,0.0,inf,True,198,197,22,18,False,0,,47.73,0.000171,True,0.975,False,0.0,True,158.33,1.0,False,120.1,339.41
766,power_n50_th5_rho64,power,16,26126755,50,1000,5.0,64.0,0.0,inf,True,210,209,34,25,False,0,,34.96,5.11e-06,True,0.185,False,0.082,False,231.52,1.0,False,149.66,429.78
767,power_n50_th5_rho64,power,17,26134674,50,1000,5.0,64.0,0.0,inf,True,207,206,13,11,False,0,,34.77,0.00885,True,0.906,False,0.02,True,89.18,1.0,False,87.77,225.66
768,power_n50_th5_rho64,power,18,26142593,50,1000,5.0,64.0,0.0,inf,True,218,217,16,16,False,0,,34.35,9.75e-06,True,0.69,False,0.003,True,119.61,1.0,False,109.74,277.83
769,power_n50_th5_rho64,power,19,26150512,50,1000,5.0,64.0,0.0,inf,True,232,231,24,22,False,0,,33.96,2.19e-06,True,0.287,False,0.01,True,176.34,1.0,False,128.17,353.02
770,power_n50_th5_rho64,power,20,26158431,50,1000,5.0,64.0,0.0,inf,True,225,224,25,19,False,0,,32.82,0.0303,True,0.248,False,0.059,False,180.63,1.0,False,133.83,361.55
771,power_n50_th5_rho64,power,21,26166350,50,1000,5.0,64.0,0.0,inf,True,221,220,24,19,True,1,413,54.78,0.000971,True,0.997,False,0.115,False,175.64,1.0,False,126.22,369.6
772,power_n50_th5_rho64,power,22,26174269,50,1000,5.0,64.0,0.0,inf,True,242,241,29,23,False,0,,35.3,3.09e-05,True,0.361,False,0.0,True,205.03,1.0,False,140.66,393.34
773,power_n50_th5_rho64,power,23,26182188,50,1000,5.0,64.0,0.0,inf,True,210,209,22,15,False,0,,33.69,0.0671,False,0.925,False,0.459,False,162.77,1.0,False,115.51,325.51
774,power_n50_th5_rho64,power,24,26190107,50,1000,5.0,64.0,0.0,inf,True,182,181,20,16,False,0,,35.03,0.0107,True,0.477,False,0.46,False,149.6,1.0,False,121.29,318.54
775,power_n50_th5_rho64,power,25,26198026,50,1000,5.0,64.0,0.0,inf,True,195,194,20,17,False,0,,31.62,0.0486,True,0.151,False,0.017,True,146.9,1.0,False,118.09,309.75
776,power_n50_th5_rho64,power,26,26205945,50,1000,5.0,64.0,0.0,inf,True,184,183,26,21,False,0,,32.54,0.279,False,0.139,False,0.072,False,184.94,1.0,False,132.93,362.34
777,power_n50_th5_rho64,power,27,26213864,50,1000,5.0,64.0,0.0,inf,True,198,197,22,13,False,0,,40.48,0.0534,False,1.0,False,0.12,False,160.86,1.0,False,113.2,326.65
778,power_n50_th5_rho64,power,28,26221783,50,1000,5.0,64.0,0.0,inf,True,229,228,25,21,False,0,,34.08,0.000595,True,0.686,False,0.002,True,183.08,1.0,False,130.98,361.62
779,power_n50_th5_rho64,power,29,26229702,50,1000,5.0,64.0,0.0,inf,True,217,216,24,20,False,0,,38.73,0.0069,True,0.207,False,0.03,True,170.39,1.0,False,127.55,350.93
780,power_n50_th5_rho64,power,30,26237621,50,1000,5.0,64.0,0.0,inf,True,173,172,13,9,False,0,,35.81,0.0768,False,0.853,False,0.418,False,92.31,1.0,False,95.44,236.12
781,power_n50_th5_rho64,power,31,26245540,50,1000,5.0,64.0,0.0,inf,True,235,234,25,18,False,0,,34.64,0.000115,True,0.958,False,0.073,False,185.88,1.0,False,120.79,354.06
782,power_n50_th5_rho64,power,32,26253459,50,1000,5.0,64.0,0.0,inf,True,258,257,23,15,False,0,,31.19,0.0187,True,0.388,False,0.058,False,172.96,1.0,False,117.54,334.05
783,power_n50_th5_rho64,power,33,26261378,50,1000,5.0,64.0,0.0,inf,True,170,169,24,20,False,0,,34.57,0.00013,True,0.559,False,0.218,False,177.32,1.0,False,124.4,350.81
784,power_n50_th5_rho64,power,34,26269297,50,1000,5.0,64.0,0.0,inf,True,244,243,25,19,False,0,,37.11,0.0141,True,0.969,False,0.125,False,182.64,1.0,False,132.37,367.48
785,power_n50_th5_rho64,power,35,26277216,50,1000,5.0,64.0,0.0,inf,True,203,202,22,19,False,0,,32.88,5.28e-06,True,0.501,False,0.581,False,162.43,1.0,False,123.68,330.97
786,power_n50_th5_rho64,power,36,26285135,50,1000,5.0,64.0,0.0,inf,True,225,224,20,16,False,0,,32.26,0.0018,True,0.687,False,0.008,True,148.18,1.0,False,117.7,311.62
787,power_n50_th5_rho64,power,37,26293054,50,1000,5.0,64.0,0.0,inf,True,238,237,35,29,True,3,235;410;533,50.25,7.17e-06,True,0.114,False,0.0,True,242.83,1.0,False,151.46,458.52
788,power_n50_th5_rho64,power,38,26300973,50,1000,5.0,64.0,0.0,inf,True,203,202,18,13,False,0,,37.29,0.00264,True,0.757,False,0.009,True,134.4,1.0,False,109.03,294.54
789,power_n50_th5_rho64,power,39,26308892,50,1000,5.0,64.0,0.0,inf,True,254,253,21,18,False,0,,35.3,0.47,False,0.413,False,0.716,False,152.67,1.0,False,112.75,318.48
790,power_n50_th5_rho64,power,40,26316811,50,1000,5.0,64.0,0.0,inf,True,209,208,18,15,False,0,,29.51,0.0212,True,0.958,False,0.079,False,135.99,1.0,False,108.8,287.78
791,power_n50_th5_rho64,power,41,26324730,50,1000,5.0,64.0,0.0,inf,True,235,234,17,14,False,0,,31.8,0.042,True,0.838,False,0.109,False,129.79,1.0,False,106.07,280.36
792,power_n50_th5_rho64,power,42,26332649,50,1000,5.0,64.0,0.0,inf,True,241,240,19,13,False,0,,38.33,0.0738,False,1.0,False,0.455,False,144.97,1.0,False,126.49,322.72
793,power_n50_th5_rho64,power,43,26340568,50,1000,5.0,64.0,0.0,inf,True,205,204,23,21,False,0,,39.67,0.157,False,0.089,False,0.001,True,166.33,1.0,False,126.71,346.06
794,power_n50_th5_rho64,power,44,26348487,50,1000,5.0,64.0,0.0,inf,True,184,183,15,14,False,0,,32.63,0.137,False,0.668,False,0.214,False,115.11,1.0,False,96.97,257.58
795,power_n50_th5_rho64,power,45,26356406,50,1000,5.0,64.0,0.0,inf,True,249,248,19,15,False,0,,36.93,0.157,False,0.615,False,0.857,False,149.22,1.0,False,111.73,311.91
796,power_n50_th5_rho64,power,46,26364325,50,1000,5.0,64.0,0.0,inf,True,221,220,21,16,False,0,,32.58,0.0417,True,0.242,False,0.307,False,164.84,1.0,False,110.74,320.97
797,power_n50_th5_rho64,power,47,26372244,50,1000,5.0,64.0,0.0,inf,True,237,236,27,24,False,0,,33.85,0.0246,True,0.045,True,0.079,False,198.05,1.0,False,131.9,376.75
798,power_n50_th5_rho64,power,48,26380163,50,1000,5.0,64.0,0.0,inf,True,213,212,24,21,True,1,610,42.98,7.91e-06,True,0.689,False,0.3,False,174.08,1.0,False,127.47,375.18
799,power_n50_th5_rho64,power,49,26388082,50,1000,5.0,64.0,0.0,inf,True,204,203,20,18,False,0,,33.46,0.356,False,0.277,False,0.222,False,146.51,1.0,False,115.25,326.36
800,power_n50_th10_rho1,power,0,26396001,50,1000,10.0,1.0,0.0,inf,True,4,3,44,17,False,0,,39.44,0.293,False,0.001,True,1.0,False,295.21,1.0,False,166.5,514.39
801,power_n50_th10_rho1,power,1,26403920,50,1000,10.0,1.0,0.0,inf,True,8,7,41,29,False,0,,35.27,0.122,False,0.627,False,1.0,False,273.67,1.0,False,170.28,491.69
802,power_n50_th10_rho1,power,2,26411839,50,1000,10.0,1.0,0.0,inf,True,4,3,58,52,True,1,233,45.4,0.35,False,0.355,False,0.474,False,382.19,1.0,False,228.2,669.58
803,power_n50_th10_rho1,power,3,26419758,50,1000,10.0,1.0,0.0,inf,True,3,2,56,22,False,0,,36.73,0.47,False,0.538,False,0.835,False,370.51,1.0,False,204.37,623.34
804,power_n50_th10_rho1,power,4,26427677,50,1000,10.0,1.0,0.0,inf,True,4,3,29,20,False,0,,31.98,0.238,False,0.004,True,1.0,False,199.68,1.0,False,135.79,380.92
805,power_n50_th10_rho1,power,5,26435596,50,1000,10.0,1.0,0.0,inf,True,7,6,38,19,False,0,,34.25,0.00856,True,0.007,True,0.074,False,257.65,1.0,False,162.05,471.06
806,power_n50_th10_rho1,power,6,26443515,50,1000,10.0,1.0,0.0,inf,True,9,8,42,28,False,0,,36.71,1.0,False,0.94,False,1.0,False,283.79,1.0,False,164.32,499.89
807,power_n50_th10_rho1,power,7,26451434,50,1000,10.0,1.0,0.0,inf,True,7,6,62,51,False,0,,37.77,0.668,False,0.536,False,0.23,False,412.39,1.0,False,226.97,691.12
808,power_n50_th10_rho1,power,8,26459353,50,1000,10.0,1.0,0.0,inf,True,7,6,47,34,True,1,598,50.75,0.0307,True,0.014,True,0.004,True,317.04,4.27326e-07,True,187.66,569.85
809,power_n50_th10_rho1,power,9,26467272,50,1000,10.0,1.0,0.0,inf,True,5,4,25,14,False,0,,34.11,1.0,False,0.604,False,1.0,False,180.71,1.0,False,122.25,350.03
810,power_n50_th10_rho1,power,10,26475191,50,1000,10.0,1.0,0.0,inf,True,6,5,27,19,False,0,,33.26,0.0717,False,0.916,False,0.065,False,188.67,1.0,False,130.19,364.38
811,power_n50_th10_rho1,power,11,26483110,50,1000,10.0,1.0,0.0,inf,True,4,3,31,24,False,0,,37.08,0.437,False,0.909,False,0.317,False,219.15,1.0,False,140.12,409.68
812,power_n50_th10_rho1,power,12,26491029,50,1000,10.0,1.0,0.0,inf,True,4,3,43,40,False,0,,33.61,1.0,False,0.071,False,1.0,False,296.78,1.0,False,191.91,536.07
813,power_n50_th10_rho1,power,13,26498948,50,1000,10.0,1.0,0.0,inf,True,4,3,34,29,False,0,,33.64,1.0,False,0.081,False,1.0,False,236.59,1.0,False,154.33,436.91
814,power_n50_th10_rho1,power,14,26506867,50,1000,10.0,1.0,0.0,inf,True,4,3,35,26,False,0,,30.86,0.169,False,0.291,False,0.295,False,242.15,1.0,False,160.51,446.31
815,power_n50_th10_rho1,power,15,26514786,50,1000,10.0,1.0,0.0,inf,True,5,4,34,22,False,0,,36.54,1.0,False,0.804,False,1.0,False,242.92,1.0,False,144.54,436.07
816,power_n50_th10_rho1,power,16,26522705,50,1000,10.0,1.0,0.0,inf,True,4,3,43,31,False,0,,36.0,0.000104,True,0.053,False,0.0,True,296.71,1.0,False,176.85,521.59
817,power_n50_th10_rho1,power,17,26530624,50,1000,10.0,1.0,0.0,inf,True,5,4,59,47,True,1,224,43.4,0.434,False,0.294,False,0.006,True,395.55,1.0,False,223.97,674.22
818,power_n50_th10_rho1,power,18,26538543,50,1000,10.0,1.0,0.0,inf,True,8,7,38,30,True,1,543,53.13,2.8e-05,True,0.063,False,0.014,True,261.48,1.0,False,166.35,496.42
819,power_n50_th10_rho1,power,19,26546462,50,1000,10.0,1.0,0.0,inf,True,8,7,32,21,False,0,,38.63,0.135,False,0.597,False,0.491,False,217.13,1.0,False,143.96,414.38
820,power_n50_th10_rho1,power,20,26554381,50,1000,10.0,1.0,0.0,inf,True,5,4,45,25,False,0,,37.49,1.0,False,0.0,True,1.0,False,299.6,1.0,False,179.12,528.79
821,power_n50_th10_rho1,power,21,26562300,50,1000,10.0,1.0,0.0,inf,True,3,2,44,27,False,0,,32.65,0.175,False,0.944,False,0.03,True,297.07,1.0,False,180.89,523.03
822,power_n50_th10_rho1,power,22,26570219,50,1000,10.0,1.0,0.0,inf,True,5,4,51,42,False,0,,35.37,0.204,False,0.922,False,1.0,False,348.98,1.0,False,200.05,597.43
823,power_n50_th10_rho1,power,23,26578138,50,1000,10.0,1.0,0.0,inf,True,7,6,55,46,True,1,196,42.03,0.00142,True,0.717,False,0.306,False,371.78,1.0,False,213.85,641.12
824,power_n50_th10_rho1,power,24,26586057,50,1000,10.0,1.0,0.0,inf,True,7,6,64,58,True,2,601;353,48.65,0.0282,True,0.009,True,0.313,False,423.05,1.0,False,258.67,742.56
825,power_n50_th10_rho1,power,25,26593976,50,1000,10.0,1.0,0.0,inf,True,3,2,45,32,False,0,,36.24,0.132,False,0.125,False,0.173,False,302.97,1.0,False,181.78,533.51
826,power_n50_th10_rho1,power,26,26601895,50,1000,10.0,1.0,0.0,inf,True,5,4,55,49,False,0,,32.33,0.0116,True,0.246,False,0.0,True,369.9,1.0,False,228.81,643.51
827,power_n50_th10_rho1,power,27,26609814,50,1000,10.0,1.0,0.0,inf,True,4,3,57,47,True,1,68,42.99,1.0,False,0.236,False,1.0,False,377.7,1.0,False,231.07,666.24
828,power_n50_th10_rho1,power,28,26617733,50,1000,10.0,1.0,0.0,inf,True,6,5,64,55,True,1,731,39.86,1.0,False,0.076,False,1.0,False,433.47,1.0,False,245.42,732.64
829,power_n50_th10_rho1,power,29,26625652,50,1000,10.0,1.0,0.0,inf,True,5,4,51,43,True,1,565,49.62,0.0101,True,0.012,True,0.075,False,342.85,1.0,False,202.32,607.54
830,power_n50_th10_rho1,power,30,26633571,50,1000,10.0,1.0,0.0,inf,True,3,2,30,23,False,0,,34.07,1.0,False,0.506,False,1.0,False,213.36,1.0,False,153.81,413.09
831,power_n50_th10_rho1,power,31,26641490,50,1000,10.0,1.0,0.0,inf,True,5,4,72,62,False,0,,34.16,0.201,False,0.126,False,0.207,False,482.68,1.0,False,261.31,791.54
832,power_n50_th10_rho1,power,32,26649409,50,1000,10.0,1.0,0.0,inf,True,3,2,60,49,True,1,242,56.2,0.0982,False,0.232,False,0.001,True,407.54,1.0,False,250.77,728.34
833,power_n50_th10_rho1,power,33,26657328,50,1000,10.0,1.0,0.0,inf,True,6,5,43,39,True,1,713,50.27,0.0211,True,0.012,True,0.099,False,294.72,1.0,False,204.38,562.38
834,power_n50_th10_rho1,power,34,26665247,50,1000,10.0,1.0,0.0,inf,True,3,2,40,21,False,0,,37.21,0.245,False,0.084,False,1.0,False,270.69,1.0,False,190.76,513.45
835,power_n50_th10_rho1,power,35,26673166,50,1000,10.0,1.0,0.0,inf,True,3,2,50,45,False,0,,41.41,0.115,False,0.008,True,0.416,False,339.22,1.0,False,257.1,664.05
836,power_n50_th10_rho1,power,36,26681085,50,1000,10.0,1.0,0.0,inf,True,2,1,43,38,True,1,414,45.75,1.0,False,0.675,False,1.0,False,289.73,1.0,False,249.85,598.53
837,power_n50_th10_rho1,power,37,26689004,50,1000,10.0,1.0,0.0,inf,True,2,1,34,25,False,0,,35.88,0.292,False,0.857,False,1.0,False,230.18,1.0,False,206.77,488.0
838,power_n50_th10_rho1,power,38,26696923,50,1000,10.0,1.0,0.0,inf,True,4,3,22,14,False,0,,30.64,1.0,False,0.949,False,1.0,False,169.17,1.0,False,172.2,386.89
839,power_n50_th10_rho1,power,39,26704842,50,1000,10.0,1.0,0.0,inf,True,5,4,55,49,True,1,474,46.18,1.0,False,0.0,True,1.0,False,371.26,1.34239e-07,True,221.79,652.03
840,power_n50_th10_rho1,power,40,26712761,50,1000,10.0,1.0,0.0,inf,True,7,6,43,34,False,0,,34.5,0.325,False,0.006,True,1.0,False,294.69,1.0,False,178.2,520.82
841,power_n50_th10_rho1,power,41,26720680,50,1000,10.0,1.0,0.0,inf,True,5,4,48,34,False,0,,36.67,0.0115,True,0.155,False,0.089,False,320.07,1.0,False,206.45,576.26
842,power_n50_th10_rho1,power,42,26728599,50,1000,10.0,1.0,0.0,inf,True,5,4,19,11,False,0,,39.39,1.0,False,0.92,False,1.0,False,139.03,1.0,False,107.69,298.68
843,power_n50_th10_rho1,power,43,26736518,50,1000,10.0,1.0,0.0,inf,True,3,2,23,13,False,0,,34.45,1.0,False,0.77,False,1.0,False,162.51,1.0,False,116.41,327.89
844,power_n50_th10_rho1,power,44,26744437,50,1000,10.0,1.0,0.0,inf,True,2,1,36,27,False,0,,39.89,0.455,False,0.009,True,0.237,False,253.43,1.0,False,164.78,473.07
845,power_n50_th10_rho1,power,45,26752356,50,1000,10.0,1.0,0.0,inf,True,6,5,38,24,True,1,728,46.75,0.0073,True,0.489,False,0.148,False,260.78,1.0,False,168.2,488.21
846,power_n50_th10_rho1,power,46,26760275,50,1000,10.0,1.0,0.0,inf,True,4,3,32,10,False,0,,36.7,1.0,False,0.576,False,1.0,False,221.2,1.0,False,144.72,416.04
847,power_n50_th10_rho1,power,47,26768194,50,1000,10.0,1.0,0.0,inf,True,3,2,52,44,True,1,222,44.43,2.02e-05,True,0.351,False,0.001,True,358.79,1.0,False,206.73,621.44
848,power_n50_th10_rho1,power,48,26776113,50,1000,10.0,1.0,0.0,inf,True,6,5,68,50,False,0,,36.6,4.87e-05,True,0.001,True,0.008,True,443.32,1.0,False,248.49,742.85
849,power_n50_th10_rho1,power,49,26784032,50,1000,10.0,1.0,0.0,inf,True,3,2,38,28,True,1,214,46.38,0.397,False,0.701,False,0.774,False,258.02,1.0,False,163.62,483.08
850,power_n50_th10_rho4,power,0,26791951,50,1000,10.0,4.0,0.0,inf,True,17,16,34,28,False,0,,36.49,0.0352,True,0.755,False,0.236,False,232.92,1.0,False,152.22,439.35
851,power_n50_th10_rho4,power,1,26799870,50,1000,10.0,4.0,0.0,inf,True,19,18,56,50,False,0,,33.16,0.777,False,0.003,True,0.086,False,366.07,1.0,False,230.11,644.57
852,power_n50_th10_rho4,power,2,26807789,50,1000,10.0,4.0,0.0,inf,True,23,22,52,45,True,2,630;298,43.93,4.98e-06,True,0.002,True,0.001,True,346.42,1.0,False,219.58,624.1
853,power_n50_th10_rho4,power,3,26815708,50,1000,10.0,4.0,0.0,inf,True,20,19,56,49,True,2,638;588,40.32,0.0379,True,0.029,True,0.077,False,367.26,1.0,False,224.81,646.57
854,power_n50_th10_rho4,power,4,26823627,50,1000,10.0,4.0,0.0,inf,True,18,17,44,28,True,4,520;388;714;388,44.36,3.9e-06,True,0.009,True,0.001,True,296.64,1.0,False,196.83,551.19
855,power_n50_th10_rho4,power,5,26831546,50,1000,10.0,4.0,0.0,inf,True,19,18,42,33,False,0,,33.92,0.00824,True,0.902,False,0.016,True,294.81,1.0,False,175.11,516.06
856,power_n50_th10_rho4,power,6,26839465,50,1000,10.0,4.0,0.0,inf,True,17,16,33,20,False,0,,36.42,0.242,False,0.052,False,0.248,False,237.46,1.0,False,142.84,431.52
857,power_n50_th10_rho4,power,7,26847384,50,1000,10.0,4.0,0.0,inf,True,13,12,34,30,False,0,,36.98,0.158,False,0.638,False,0.011,True,241.66,1.0,False,149.59,440.16
858,power_n50_th10_rho4,power,8,26855303,50,1000,10.0,4.0,0.0,inf,True,18,17,46,31,False,0,,40.61,0.0134,True,0.21,False,0.049,True,314.5,1.0,False,187.96,558.72
859,power_n50_th10_rho4,power,9,26863222,50,1000,10.0,4.0,0.0,inf,True,13,12,64,51,False,0,,34.28,1.0,False,0.007,True,1.0,False,421.61,1.0,False,244.0,713.19
860,power_n50_th10_rho4,power,10,26871141,50,1000,10.0,4.0,0.0,inf,True,20,19,38,32,False,0,,34.23,0.00662,True,0.122,False,0.021,True,257.25,1.0,False,172.37,476.43
861,power_n50_th10_rho4,power,11,26879060,50,1000,10.0,4.0,0.0,inf,True,21,20,65,59,True,1,748,42.29,2.82e-12,True,0.0,True,0.0,True,435.89,2.1967e-07,True,256.78,747.09
862,power_n50_th10_rho4,power,12,26886979,50,1000,10.0,4.0,0.0,inf,True,22,21,27,20,False,0,,34.45,0.341,False,0.439,False,0.435,False,191.61,1.0,False,139.69,377.22
863,power_n50_th10_rho4,power,13,26894898,50,1000,10.0,4.0,0.0,inf,True,23,22,43,32,True,1,262,44.05,0.199,False,0.315,False,0.751,False,294.01,1.0,False,180.29,530.25
864,power_n50_th10_rho4,power,14,26902817,50,1000,10.0,4.0,0.0,inf,True,19,18,26,22,False,0,,34.25,0.0213,True,0.007,True,0.007,True,190.29,1.0,False,131.92,369.3
865,power_n50_th10_rho4,power,15,26910736,50,1000,10.0,4.0,0.0,inf,True,7,6,37,26,False,0,,34.41,1.0,False,0.47,False,1.0,False,264.03,1.0,False,166.65,476.48
866,power_n50_th10_rho4,power,16,26918655,50,1000,10.0,4.0,0.0,inf,True,22,21,54,37,True,1,678,42.36,0.000324,True,0.009,True,0.035,True,365.81,1.0,False,211.19,632.71
867,power_n50_th10_rho4,power,17,26926574,50,1000,10.0,4.0,0.0,inf,True,17,16,50,43,False,0,,35.32,0.000327,True,0.181,False,0.317,False,341.07,1.0,False,206.01,593.18
868,power_n50_th10_rho4,power,18,26934493,50,1000,10.0,4.0,0.0,inf,True,10,9,23,16,False,0,,33.48,0.286,False,0.426,False,1.0,False,171.77,1.0,False,116.86,333.18
869,power_n50_th10_rho4,power,19,26942412,50,1000,10.0,4.0,0.0,inf,True,10,9,37,28,True,1,499,49.55,0.00367,True,0.847,False,0.052,False,257.87,1.0,False,157.79,478.68
870,power_n50_th10_rho4,power,20,26950331,50,1000,10.0,4.0,0.0,inf,True,18,17,65,50,True,1,324,46.55,3.24e-05,True,0.327,False,0.118,False,429.72,1.0,False,242.72,732.13
871,power_n50_th10_rho4,power,21,26958250,50,1000,10.0,4.0,0.0,inf,True,12,11,44,34,False,0,,32.2,0.00314,True,0.532,False,0.38,False,297.83,1.0,False,185.39,529.92
872,power_n50_th10_rho4,power,22,26966169,50,1000,10.0,4.0,0.0,inf,True,15,14,45,28,False,0,,35.32,0.0151,True,0.004,True,0.005,True,303.52,1.0,False,184.16,535.48
873,power_n50_th10_rho4,power,23,26974088,50,1000,10.0,4.0,0.0,inf,True,16,15,37,28,True,1,624,44.07,0.0452,True,0.2,False,0.477,False,260.6,1.0,False,164.34,484.49
874,power_n50_th10_rho4,power,24,26982007,50,1000,10.0,4.0,0.0,inf,True,11,10,53,44,True,1,444,44.12,4.48e-07,True,0.0,True,0.0,True,360.28,2.8761e-08,True,201.62,619.76
875,power_n50_th10_rho4,power,25,26989926,50,1000,10.0,4.0,0.0,inf,True,18,17,48,32,False,0,,31.95,0.0629,False,0.509,False,0.245,False,343.66,1.0,False,189.32,576.79
876,power_n50_th10_rho4,power,26,26997845,50,1000,10.0,4.0,0.0,inf,True,15,14,25,15,False,0,,30.31,0.278,False,0.645,False,0.267,False,189.73,1.0,False,121.92,353.36
877,power_n50_th10_rho4,power,27,27005764,50,1000,10.0,4.0,0.0,inf,True,16,15,38,31,False,0,,33.37,0.0572,False,0.826,False,0.015,True,265.03,1.0,False,158.94,468.94
878,power_n50_th10_rho4,power,28,27013683,50,1000,10.0,4.0,0.0,inf,True,17,16,26,22,False,0,,43.95,0.0371,True,0.972,False,0.181,False,188.36,1.0,False,131.26,375.45
879,power_n50_th10_rho4,power,29,27021602,50,1000,10.0,4.0,0.0,inf,True,19,18,59,50,True,2,388;675,68.47,3.99e-06,True,0.0,True,0.008,True,395.4,1.0,False,227.65,704.46
880,power_n50_th10_rho4,power,30,27029521,50,1000,10.0,4.0,0.0,inf,True,21,20,39,35,False,0,,32.99,0.00247,True,0.698,False,0.004,True,273.75,1.0,False,168.86,487.28
881,power_n50_th10_rho4,power,31,27037440,50,1000,10.0,4.0,0.0,inf,True,18,17,43,30,True,2,472;349,45.33,2.36e-07,True,0.154,False,0.01,True,300.54,1.0,False,183.79,543.37
882,power_n50_th10_rho4,power,32,27045359,50,1000,10.0,4.0,0.0,inf,True,17,16,38,31,True,1,346,40.72,0.000151,True,0.604,False,0.203,False,267.54,1.0,False,171.23,492.49
883,power_n50_th10_rho4,power,33,27053278,50,1000,10.0,4.0,0.0,inf,True,13,12,54,43,True,1,574,47.81,4.24e-05,True,0.057,False,0.167,False,366.85,1.0,False,218.44,646.6
884,power_n50_th10_rho4,power,34,27061197,50,1000,10.0,4.0,0.0,inf,True,16,15,69,59,True,3,316;470;704,50.51,4.36e-15,True,0.111,False,0.0,True,464.14,2.8761e-08,True,257.49,784.96
885,power_n50_th10_rho4,power,35,27069116,50,1000,10.0,4.0,0.0,inf,True,21,20,65,63,False,0,,39.55,4.66e-07,True,0.0,True,0.18,False,442.04,1.0,False,252.62,746.76
886,power_n50_th10_rho4,power,36,27077035,50,1000,10.0,4.0,0.0,inf,True,16,15,44,30,False,0,,32.37,0.0453,True,0.322,False,0.028,True,307.08,1.0,False,177.7,529.3
887,power_n50_th10_rho4,power,37,27084954,50,1000,10.0,4.0,0.0,inf,True,13,12,68,61,True,2,700;538,45.86,0.000116,True,0.0,True,0.394,False,460.42,1.0,False,265.1,783.6
888,power_n50_th10_rho4,power,38,27092873,50,1000,10.0,4.0,0.0,inf,True,17,16,55,50,True,3,212;650;650,49.82,6.19e-10,True,0.068,False,0.035,True,378.51,1.0,False,225.14,665.43
889,power_n50_th10_rho4,power,39,27100792,50,1000,10.0,4.0,0.0,inf,True,16,15,29,21,False,0,,36.12,0.185,False,0.869,False,0.0,True,205.02,1.0,False,143.66,397.99
890,power_n50_th10_rho4,power,40,27108711,50,1000,10.0,4.0,0.0,inf,True,16,15,33,27,True,1,410,49.56,0.0254,True,0.7,False,0.02,True,239.93,1.0,False,154.74,457.52
891,power_n50_th10_rho4,power,41,27116630,50,1000,10.0,4.0,0.0,inf,True,17,16,34,24,False,0,,30.77,0.00968,True,0.574,False,0.002,True,245.19,1.0,False,149.32,438.57
892,power_n50_th10_rho4,power,42,27124549,50,1000,10.0,4.0,0.0,inf,True,21,20,58,43,True,1,641,48.0,0.00103,True,0.015,True,0.075,False,393.61,1.0,False,218.24,672.39
893,power_n50_th10_rho4,power,43,27132468,50,1000,10.0,4.0,0.0,inf,True,15,14,46,35,True,3,853;203;846,55.3,0.0444,True,0.221,False,0.0,True,313.39,1.0,False,190.44,570.77
894,power_n50_th10_rho4,power,44,27140387,50,1000,10.0,4.0,0.0,inf,True,23,22,56,21,False,0,,31.43,0.00287,True,0.626,False,0.001,True,372.63,1.0,False,207.36,623.84
895,power_n50_th10_rho4,power,45,27148306,50,1000,10.0,4.0,0.0,inf,True,15,14,43,32,False,0,,41.01,0.0274,True,0.897,False,0.084,False,295.5,1.0,False,181.3,530.65
896,power_n50_th10_rho4,power,46,27156225,50,1000,10.0,4.0,0.0,inf,True,14,13,31,25,False,0,,33.92,0.00686,True,0.673,False,0.254,False,214.48,1.0,False,143.95,404.42
897,power_n50_th10_rho4,power,47,27164144,50,1000,10.0,4.0,0.0,inf,True,15,14,39,32,False,0,,32.63,0.00516,True,0.332,False,0.171,False,272.79,1.0,False,174.1,490.26
898,power_n50_th10_rho4,power,48,27172063,50,1000,10.0,4.0,0.0,inf,True,15,14,46,39,False,0,,35.19,0.135,False,0.032,True,0.539,False,320.59,1.0,False,194.24,563.12
899,power_n50_th10_rho4,power,49,27179982,50,1000,10.0,4.0,0.0,inf,True,17,16,40,36,False,0,,31.89,3.91e-08,True,0.057,False,0.0,True,278.99,1.0,False,171.84,495.82
900,power_n50_th10_rho16,power,0,27187901,50,1000,10.0,16.0,0.0,inf,True,41,40,26,22,False,0,,33.63,0.000342,True,0.06,False,0.077,False,194.05,1.0,False,135.41,377.56
901,power_n50_th10_rho16,power,1,27195820,50,1000,10.0,16.0,0.0,inf,True,44,43,27,22,False,0,,33.31,0.00489,True,0.221,False,0.003,True,199.9,1.0,False,135.46,384.43
902,power_n50_th10_rho16,power,2,27203739,50,1000,10.0,16.0,0.0,inf,True,62,61,44,31,False,0,,31.66,0.00206,True,0.619,False,0.004,True,303.2,1.0,False,190.89,539.69
903,power_n50_th10_rho16,power,3,27211658,50,1000,10.0,16.0,0.0,inf,True,63,62,38,31,False,0,,31.85,0.00399,True,0.277,False,0.768,False,267.17,1.0,False,174.4,486.97
904,power_n50_th10_rho16,power,4,27219577,50,1000,10.0,16.0,0.0,inf,True,67,66,49,39,False,0,,37.42,0.000371,True,0.766,False,0.001,True,336.68,1.0,False,210.27,597.97
905,power_n50_th10_rho16,power,5,27227496,50,1000,10.0,16.0,0.0,inf,True,69,68,43,38,True,2,525;676,56.9,4.68e-11,True,0.076,False,0.0,True,304.54,1.0,False,193.18,568.78
906,power_n50_th10_rho16,power,6,27235415,50,1000,10.0,16.0,0.0,inf,True,62,61,35,26,False,0,,33.56,0.00298,True,0.253,False,0.19,False,245.53,1.0,False,166.03,458.07
907,power_n50_th10_rho16,power,7,27243334,50,1000,10.0,16.0,0.0,inf,True,60,59,59,45,True,4,214;426;696;448,65.81,4.23e-07,True,0.003,True,0.0,True,410.17,1.0,False,238.08,729.35
908,power_n50_th10_rho16,power,8,27251253,50,1000,10.0,16.0,0.0,inf,True,60,59,44,35,False,0,,35.71,1.62e-07,True,0.018,True,0.0,True,308.54,1.0,False,197.28,554.67
909,power_n50_th10_rho16,power,9,27259172,50,1000,10.0,16.0,0.0,inf,True,46,45,39,28,False,0,,32.74,0.0242,True,0.108,False,0.01,True,285.09,1.0,False,173.0,504.14
910,power_n50_th10_rho16,power,10,27267091,50,1000,10.0,16.0,0.0,inf,True,80,79,53,39,False,0,,50.76,2.5e-07,True,0.038,True,0.057,False,370.37,1.0,False,214.34,651.42
911,power_n50_th10_rho16,power,11,27275010,50,1000,10.0,16.0,0.0,inf,True,62,61,65,51,True,2,438;686,53.81,1.54e-24,True,0.007,True,0.0,True,444.35,3.46848e-07,True,248.59,763.39
912,power_n50_th10_rho16,power,12,27282929,50,1000,10.0,16.0,0.0,inf,True,66,65,33,25,True,2,226;376,44.36,5.49e-05,True,0.351,False,0.001,True,240.74,1.0,False,153.69,451.31
913,power_n50_th10_rho16,power,13,27290848,50,1000,10.0,16.0,0.0,inf,True,60,59,31,23,False,0,,37.22,0.0173,True,0.057,False,0.002,True,226.79,1.0,False,149.8,426.81
914,power_n50_th10_rho16,power,14,27298767,50,1000,10.0,16.0,0.0,inf,True,66,65,40,27,False,0,,39.04,0.0024,True,0.101,False,0.032,True,291.19,1.0,False,173.17,517.79
915,power_n50_th10_rho16,power,15,27306686,50,1000,10.0,16.0,0.0,inf,True,55,54,31,16,False,0,,39.95,0.517,False,0.239,False,0.09,False,221.76,1.0,False,146.49,422.42
916,power_n50_th10_rho16,power,16,27314605,50,1000,10.0,16.0,0.0,inf,True,52,51,29,20,False,0,,37.46,0.159,False,0.646,False,0.051,False,206.79,1.0,False,140.92,400.1
917,power_n50_th10_rho16,power,17,27322524,50,1000,10.0,16.0,0.0,inf,True,60,59,50,37,False,0,,37.61,3.9e-11,True,0.006,True,0.0,True,342.95,1.0,False,211.07,605.19
918,power_n50_th10_rho16,power,18,27330443,50,1000,10.0,16.0,0.0,inf,True,60,59,51,33,True,1,471,46.35,1.32e-06,True,0.052,False,0.155,False,348.87,1.0,False,198.56,608.93
919,power_n50_th10_rho16,power,19,27338362,50,1000,10.0,16.0,0.0,inf,True,61,60,42,35,True,4,258;385;288;531,46.58,5.8e-06,True,0.02,True,0.009,True,293.67,1.0,False,179.37,533.47
920,power_n50_th10_rho16,power,20,27346281,50,1000,10.0,16.0,0.0,inf,True,69,68,37,31,False,0,,35.43,1.45e-08,True,0.669,False,0.0,True,261.58,1.0,False,167.65,478.88
921,power_n50_th10_rho16,power,21,27354200,50,1000,10.0,16.0,0.0,inf,True,66,65,48,46,True,2,390;788,43.21,2.94e-19,True,0.089,False,0.0,True,331.19,1.0,False,201.46,589.73
922,power_n50_th10_rho16,power,22,27362119,50,1000,10.0,16.0,0.0,inf,True,80,79,29,20,False,0,,34.45,0.0146,True,0.611,False,0.002,True,206.65,1.0,False,138.83,390.91
923,power_n50_th10_rho16,power,23,27370038,50,1000,10.0,16.0,0.0,inf,True,57,56,44,36,True,1,450,49.14,1.34e-09,True,0.147,False,0.0,True,307.24,1.0,False,188.12,558.67
924,power_n50_th10_rho16,power,24,27377957,50,1000,10.0,16.0,0.0,inf,True,52,51,26,22,True,2,228;562,46.73,2.18e-08,True,0.419,False,0.002,True,189.82,1.0,False,133.82,391.2
925,power_n50_th10_rho16,power,25,27385876,50,1000,10.0,16.0,0.0,inf,True,62,61,49,44,True,5,726;499;372;320;506,49.75,2.01e-11,True,0.093,False,0.004,True,336.83,1.0,False,209.56,610.27
926,power_n50_th10_rho16,power,26,27393795,50,1000,10.0,16.0,0.0,inf,True,64,63,47,30,False,0,,33.0,0.0849,False,0.649,False,0.0,True,323.02,1.0,False,198.76,567.43
927,power_n50_th10_rho16,power,27,27401714,50,1000,10.0,16.0,0.0,inf,True,55,54,33,25,False,0,,37.37,0.00839,True,0.058,False,0.165,False,231.19,1.0,False,153.49,436.95
928,power_n50_th10_rho16,power,28,27409633,50,1000,10.0,16.0,0.0,inf,True,62,61,39,27,False,0,,37.06,0.0249,True,0.142,False,0.017,True,268.22,1.0,False,173.29,491.95
929,power_n50_th10_rho16,power,29,27417552,50,1000,10.0,16.0,0.0,inf,True,70,69,32,19,False,0,,33.84,0.000888,True,0.016,True,0.0,True,223.03,1.0,False,157.21,427.12
930,power_n50_th10_rho16,power,30,27425471,50,1000,10.0,16.0,0.0,inf,True,68,67,64,50,True,2,650;274,53.33,5.02e-10,True,0.012,True,0.0,True,438.4,1.0,False,244.18,751.03
931,power_n50_th10_rho16,power,31,27433390,50,1000,10.0,16.0,0.0,inf,True,65,64,45,32,True,1,606,50.85,4.39e-07,True,0.041,True,0.005,True,309.12,1.0,False,189.56,562.59
932,power_n50_th10_rho16,power,32,27441309,50,1000,10.0,16.0,0.0,inf,True,52,51,30,24,False,0,,34.63,5.1e-05,True,0.405,False,0.027,True,216.73,1.0,False,148.58,410.92
933,power_n50_th10_rho16,power,33,27449228,50,1000,10.0,16.0,0.0,inf,True,73,72,57,43,True,2,234;333,47.43,0.000449,True,0.021,True,0.001,True,389.47,1.0,False,228.99,680.1
934,power_n50_th10_rho16,power,34,27457147,50,1000,10.0,16.0,0.0,inf,True,64,63,52,45,True,2,384;512,48.75,7.34e-13,True,0.0,True,0.0,True,356.25,1.0,False,226.38,645.09
935,power_n50_th10_rho16,power,35,27465066,50,1000,10.0,16.0,0.0,inf,True,48,47,35,23,False,0,,33.64,8.73e-05,True,0.175,False,0.019,True,245.5,1.0,False,153.25,445.38
936,power_n50_th10_rho16,power,36,27472985,50,1000,10.0,16.0,0.0,inf,True,71,70,46,34,True,1,586,46.31,3.07e-05,True,0.518,False,0.0,True,317.18,1.0,False,200.4,575.39
937,power_n50_th10_rho16,power,37,27480904,50,1000,10.0,16.0,0.0,inf,True,50,49,43,30,False,0,,35.12,2.17e-05,True,0.665,False,0.137,False,297.49,1.0,False,195.43,541.41
938,power_n50_th10_rho16,power,38,27488823,50,1000,10.0,16.0,0.0,inf,True,54,53,37,26,True,1,678,45.83,0.000797,True,0.151,False,0.002,True,259.85,1.0,False,171.06,490.43
939,power_n50_th10_rho16,power,39,27496742,50,1000,10.0,16.0,0.0,inf,True,80,79,39,32,True,2,638;522,41.66,0.00524,True,0.008,True,0.001,True,276.73,1.0,False,174.71,504.72
940,power_n50_th10_rho16,power,40,27504661,50,1000,10.0,16.0,0.0,inf,True,55,54,46,34,True,2,404;750,46.37,7.72e-09,True,0.042,True,0.0,True,334.92,1.0,False,183.84,581.56
941,power_n50_th10_rho16,power,41,27512580,50,1000,10.0,16.0,0.0,inf,True,85,84,62,49,True,2,413;674,56.76,1.3e-23,True,0.006,True,0.0,True,419.09,1.50301e-07,True,245.94,737.06
942,power_n50_th10_rho16,power,42,27520499,50,1000,10.0,16.0,0.0,inf,True,59,58,38,31,True,1,686,47.74,1.35e-05,True,0.032,True,0.0,True,263.93,1.0,False,175.25,499.03
943,power_n50_th10_rho16,power,43,27528418,50,1000,10.0,16.0,0.0,inf,True,34,33,35,27,True,2,536;652,41.33,1.97e-07,True,0.083,False,0.003,True,247.96,1.0,False,161.36,463.55
944,power_n50_th10_rho16,power,44,27536337,50,1000,10.0,16.0,0.0,inf,True,74,73,44,37,False,0,,39.07,2.11e-09,True,0.36,False,0.0,True,304.57,1.0,False,197.7,553.41
945,power_n50_th10_rho16,power,45,27544256,50,1000,10.0,16.0,0.0,inf,True,62,61,57,52,True,3,786;244;486,44.87,2.41e-22,True,0.005,True,0.0,True,394.63,3.00067e-07,True,227.22,681.7
946,power_n50_th10_rho16,power,46,27552175,50,1000,10.0,16.0,0.0,inf,True,55,54,49,43,True,2,411;298,43.55,5.1e-13,True,0.182,False,0.002,True,336.26,1.0,False,208.2,601.94
947,power_n50_th10_rho16,power,47,27560094,50,1000,10.0,16.0,0.0,inf,True,69,68,47,33,False,0,,31.39,0.000476,True,0.095,False,0.315,False,330.13,1.0,False,190.16,563.08
948,power_n50_th10_rho16,power,48,27568013,50,1000,10.0,16.0,0.0,inf,True,72,71,51,32,False,0,,34.7,9.26e-06,True,0.174,False,0.003,True,357.36,1.0,False,203.2,608.83
949,power_n50_th10_rho16,power,49,27575932,50,1000,10.0,16.0,0.0,inf,True,50,49,35,25,False,0,,40.79,1.21e-05,True,0.373,False,0.0,True,242.13,1.0,False,159.26,454.77
950,power_n50_th10_rho64,power,0,27583851,50,1000,10.0,64.0,0.0,inf,True,216,215,34,26,False,0,,36.58,0.000224,True,0.228,False,0.007,True,240.66,1.0,False,160.07,450.95
951,power_n50_th10_rho64,power,1,27591770,50,1000,10.0,64.0,0.0,inf,True,223,222,54,49,True,4,154;214;454;552,48.97,2.23e-09,True,0.0,True,0.0,True,377.06,3.46848e-07,True,227.25,667.06
952,power_n50_th10_rho64,power,2,27599689,50,1000,10.0,64.0,0.0,inf,True,178,177,36,24,False,0,,33.98,5.22e-05,True,0.247,False,0.0,True,258.21,1.0,False,157.84,463.17
953,power_n50_th10_rho64,power,3,27607608,50,1000,10.0,64.0,0.0,inf,True,209,208,42,33,False,0,,32.37,1.55e-08,True,0.582,False,0.0,True,297.22,1.0,False,181.02,524.22
954,power_n50_th10_rho64,power,4,27615527,50,1000,10.0,64.0,0.0,inf,True,253,252,40,32,False,0,,36.04,2.35e-11,True,0.576,False,0.0,True,286.34,1.0,False,178.3,515.54
955,power_n50_th10_rho64,power,5,27623446,50,1000,10.0,64.0,0.0,inf,True,205,204,42,29,False,0,,35.57,7.2e-11,True,0.666,False,0.0,True,299.3,1.0,False,185.74,533.57
956,power_n50_th10_rho64,power,6,27631365,50,1000,10.0,64.0,0.0,inf,True,235,234,47,39,True,3,762;570;856,44.59,3.45e-18,True,0.013,True,0.0,True,334.77,1.0,False,200.04,592.37
957,power_n50_th10_rho64,power,7,27639284,50,1000,10.0,64.0,0.0,inf,True,236,235,39,30,False,0,,32.54,1.38e-07,True,0.339,False,0.0,True,284.47,1.0,False,165.41,495.91
958,power_n50_th10_rho64,power,8,27647203,50,1000,10.0,64.0,0.0,inf,True,174,173,28,17,True,1,498,44.01,0.000603,True,0.594,False,0.059,False,208.22,1.0,False,134.32,401.73
959,power_n50_th10_rho64,power,9,27655122,50,1000,10.0,64.0,0.0,inf,True,244,243,44,35,False,0,,32.9,0.000592,True,0.003,True,0.097,False,304.73,1.0,False,196.43,548.74
960,power_n50_th10_rho64,power,10,27663041,50,1000,10.0,64.0,0.0,inf,True,210,209,36,27,False,0,,33.27,0.00117,True,0.361,False,0.087,False,250.75,1.0,False,170.58,467.49
961,power_n50_th10_rho64,power,11,27670960,50,1000,10.0,64.0,0.0,inf,True,248,247,43,37,False,0,,35.83,4.14e-05,True,0.199,False,0.013,True,305.06,1.0,False,203.4,560.44
962,power_n50_th10_rho64,power,12,27678879,50,1000,10.0,64.0,0.0,inf,True,200,199,39,29,True,1,532,42.45,9.09e-06,True,0.022,True,0.0,True,276.87,1.0,False,198.63,531.06
963,power_n50_th10_rho64,power,13,27686798,50,1000,10.0,64.0,0.0,inf,True,168,167,35,29,True,1,642,43.55,1.7e-08,True,0.412,False,0.0,True,248.16,1.0,False,184.99,494.83
964,power_n50_th10_rho64,power,14,27694717,50,1000,10.0,64.0,0.0,inf,True,219,218,48,39,True,1,423,42.25,1.33e-10,True,0.006,True,0.0,True,337.34,1.0,False,200.45,595.82
965,power_n50_th10_rho64,power,15,27702636,50,1000,10.0,64.0,0.0,inf,True,227,226,41,29,True,1,722,41.36,5.93e-14,True,0.016,True,0.009,True,295.23,1.0,False,183.88,533.64
966,power_n50_th10_rho64,power,16,27710555,50,1000,10.0,64.0,0.0,inf,True,233,232,58,41,False,0,,37.02,6.52e-28,True,0.121,False,0.0,True,422.59,1.0,False,233.62,707.26
967,power_n50_th10_rho64,power,17,27718474,50,1000,10.0,64.0,0.0,inf,True,205,204,42,32,True,2,660;522,50.93,5.96e-07,True,0.001,True,0.0,True,295.34,1.0,False,183.51,543.4
968,power_n50_th10_rho64,power,18,27726393,50,1000,10.0,64.0,0.0,inf,True,236,235,52,41,True,1,224,44.07,2.09e-05,True,0.289,False,0.274,False,357.76,1.0,False,208.43,624.56
969,power_n50_th10_rho64,power,19,27734312,50,1000,10.0,64.0,0.0,inf,True,228,227,54,37,True,1,660,50.39,1.31e-13,True,0.056,False,0.0,True,375.42,1.0,False,223.55,663.4
970,power_n50_th10_rho64,power,20,27742231,50,1000,10.0,64.0,0.0,inf,True,208,207,43,30,False,0,,34.13,2.42e-05,True,0.474,False,0.0,True,302.66,1.0,False,185.5,536.34
971,power_n50_th10_rho64,power,21,27750150,50,1000,10.0,64.0,0.0,inf,True,204,203,51,40,True,3,256;368;572,48.01,1.1e-14,True,0.205,False,0.0,True,353.83,1.0,False,214.21,630.06
972,power_n50_th10_rho64,power,22,27758069,50,1000,10.0,64.0,0.0,inf,True,253,252,55,46,True,2,620;479,46.99,1.39e-16,True,0.087,False,0.0,True,397.83,1.0,False,226.62,684.66
973,power_n50_th10_rho64,power,23,27765988,50,1000,10.0,64.0,0.0,inf,True,191,190,45,29,False,0,,37.17,6.55e-07,True,0.374,False,0.018,True,314.24,1.0,False,186.87,555.12
974,power_n50_th10_rho64,power,24,27773907,50,1000,10.0,64.0,0.0,inf,True,207,206,31,27,False,0,,33.85,1.51e-07,True,0.15,False,0.002,True,230.74,1.0,False,153.63,432.38
975,power_n50_th10_rho64,power,25,27781826,50,1000,10.0,64.0,0.0,inf,True,211,210,29,26,True,1,554,42.53,0.000112,True,0.101,False,0.298,False,218.86,1.0,False,145.13,421.14
976,power_n50_th10_rho64,power,26,27789745,50,1000,10.0,64.0,0.0,inf,True,219,218,36,30,True,1,298,43.84,9.91e-10,True,0.407,False,0.002,True,268.76,1.0,False,168.06,495.08
977,power_n50_th10_rho64,power,27,27797664,50,1000,10.0,64.0,0.0,inf,True,229,228,58,50,True,2,245;778,43.64,7.91e-24,True,0.124,False,0.0,True,409.52,1.0,False,242.5,711.87
978,power_n50_th10_rho64,power,28,27805583,50,1000,10.0,64.0,0.0,inf,True,227,226,47,38,False,0,,39.22,3.09e-11,True,0.251,False,0.0,True,335.03,1.0,False,210.1,600.66
979,power_n50_th10_rho64,power,29,27813502,50,1000,10.0,64.0,0.0,inf,True,205,204,46,36,True,4,534;434;737;602,45.39,2.5e-10,True,0.348,False,0.0,True,325.91,1.0,False,210.82,599.72
980,power_n50_th10_rho64,power,30,27821421,50,1000,10.0,64.0,0.0,inf,True,205,204,41,28,True,1,682,49.75,1.45e-08,True,0.567,False,0.003,True,290.07,1.0,False,195.28,549.36
981,power_n50_th10_rho64,power,31,27829340,50,1000,10.0,64.0,0.0,inf,True,240,239,45,36,True,1,670,45.67,3.34e-10,True,0.687,False,0.062,False,317.45,1.0,False,209.27,587.12
982,power_n50_th10_rho64,power,32,27837259,50,1000,10.0,64.0,0.0,inf,True,210,209,49,35,True,2,746;656,46.04,1.43e-13,True,0.74,False,0.0,True,359.55,1.0,False,209.66,630.4
983,power_n50_th10_rho64,power,33,27845178,50,1000,10.0,64.0,0.0,inf,True,239,238,59,41,True,3,709;568;424,49.2,7.73e-17,True,0.121,False,0.0,True,408.54,1.0,False,238.65,711.03
984,power_n50_th10_rho64,power,34,27853097,50,1000,10.0,64.0,0.0,inf,True,190,189,49,38,True,3,608;306;430,54.05,0.00389,True,0.094,False,0.222,False,355.86,1.0,False,204.01,629.27
985,power_n50_th10_rho64,power,35,27861016,50,1000,10.0,64.0,0.0,inf,True,237,236,50,41,True,1,474,50.11,5.32e-21,True,0.001,True,0.0,True,353.06,1.0,False,223.56,644.06
986,power_n50_th10_rho64,power,36,27868935,50,1000,10.0,64.0,0.0,inf,True,207,206,44,35,False,0,,39.05,2.09e-09,True,0.517,False,0.031,True,316.64,1.0,False,192.72,562.11
987,power_n50_th10_rho64,power,37,27876854,50,1000,10.0,64.0,0.0,inf,True,191,190,52,39,True,2,755;563,55.17,4.09e-05,True,0.11,False,0.0,True,366.83,1.0,False,216.07,652.7
988,power_n50_th10_rho64,power,38,27884773,50,1000,10.0,64.0,0.0,inf,True,255,254,56,42,True,3,682;453;536,57.87,1.75e-15,True,0.277,False,0.004,True,390.8,1.0,False,230.61,697.54
989,power_n50_th10_rho64,power,39,27892692,50,1000,10.0,64.0,0.0,inf,True,214,213,42,27,True,1,236,44.2,7.21e-07,True,0.639,False,0.002,True,299.37,1.0,False,190.11,546.72
990,power_n50_th10_rho64,power,40,27900611,50,1000,10.0,64.0,0.0,inf,True,214,213,47,36,True,3,345;561;668,59.36,1.15e-16,True,0.446,False,0.001,True,331.56,1.0,False,200.16,604.71
991,power_n50_th10_rho64,power,41,27908530,50,1000,10.0,64.0,0.0,inf,True,239,238,39,28,False,0,,33.71,2.98e-08,True,0.176,False,0.012,True,283.77,1.0,False,174.35,504.02
992,power_n50_th10_rho64,power,42,27916449,50,1000,10.0,64.0,0.0,inf,True,234,233,43,33,False,0,,31.29,1.51e-05,True,0.147,False,0.141,False,313.47,1.0,False,186.04,544.29
993,power_n50_th10_rho64,power,43,27924368,50,1000,10.0,64.0,0.0,inf,True,223,222,44,31,True,1,467,47.05,1.38e-17,True,0.191,False,0.0,True,311.68,1.0,False,187.78,561.02
994,power_n50_th10_rho64,power,44,27932287,50,1000,10.0,64.0,0.0,inf,True,220,219,55,40,True,1,432,46.28,1.42e-06,True,0.047,True,0.004,True,379.52,1.0,False,214.5,654.05
995,power_n50_th10_rho64,power,45,27940206,50,1000,10.0,64.0,0.0,inf,True,225,224,33,17,True,1,737,43.19,4.28e-07,True,0.196,False,0.0,True,232.84,1.0,False,152.8,444.73
996,power_n50_th10_rho64,power,46,27948125,50,1000,10.0,64.0,0.0,inf,True,185,184,41,31,False,0,,34.42,1.44e-08,True,0.035,True,0.0,True,286.18,1.0,False,174.08,507.8
997,power_n50_th10_rho64,power,47,27956044,50,1000,10.0,64.0,0.0,inf,True,203,202,35,30,False,0,,34.44,7.53e-11,True,0.391,False,0.008,True,251.81,1.0,False,162.26,461.54
998,power_n50_th10_rho64,power,48,27963963,50,1000,10.0,64.0,0.0,inf,True,201,200,45,38,True,3,454;784;288,57.04,6.16e-10,True,0.003,True,0.0,True,309.26,1.0,False,195.51,576.51
999,power_n50_th10_rho64,power,49,27971882,50,1000,10.0,64.0,0.0,inf,True,209,208,42,34,True,1,290,51.26,0.00399,True,0.123,False,0.078,False,295.63,1.0,False,186.59,548.55
1000,power_n50_th20_rho1,power,0,27979801,50,1000,20.0,1.0,0.0,inf,True,3,2,154,127,False,0,,42.47,0.317,False,0.763,False,0.687,False,1028.41,1.0,False,512.83,1597.57
1001,power_n50_th20_rho1,power,1,27987720,50,1000,20.0,1.0,0.0,inf,True,6,5,97,81,True,1,364,40.64,1.0,False,0.005,True,1.0,False,640.23,1.0,False,354.21,1049.2
1002,power_n50_th20_rho1,power,2,27995639,50,1000,20.0,1.0,0.0,inf,True,6,5,64,47,False,0,,32.84,0.998,False,0.02,True,0.2,False,427.89,1.0,False,239.39,715.99
1003,power_n50_th20_rho1,power,3,28003558,50,1000,20.0,1.0,0.0,inf,True,10,9,127,89,False,0,,38.57,0.00101,True,0.789,False,0.356,False,844.1,1.0,False,411.01,1307.01
1004,power_n50_th20_rho1,power,4,28011477,50,1000,20.0,1.0,0.0,inf,True,5,4,94,66,False,0,,42.52,1.0,False,0.842,False,1.0,False,610.31,1.0,False,308.24,976.61
1005,power_n50_th20_rho1,power,5,28019396,50,1000,20.0,1.0,0.0,inf,False,1,0,52,41,False,0,,33.85,0.627,False,0.463,False,0.39,False,355.97,1.0,False,205.23,611.5
1006,power_n50_th20_rho1,power,6,28027315,50,1000,20.0,1.0,0.0,inf,True,6,5,98,71,False,0,,35.51,0.00105,True,0.379,False,0.048,True,667.65,1.0,False,353.73,1070.93
1007,power_n50_th20_rho1,power,7,28035234,50,1000,20.0,1.0,0.0,inf,True,4,3,68,48,True,1,804,42.15,0.0309,True,0.161,False,0.041,True,444.79,1.0,False,257.74,756.67
1008,power_n50_th20_rho1,power,8,28043153,50,1000,20.0,1.0,0.0,inf,True,5,4,111,93,True,1,570,40.51,3.63e-17,True,0.0,True,0.0,True,770.61,0.0,True,402.04,1227.14
1009,power_n50_th20_rho1,power,9,28051072,50,1000,20.0,1.0,0.0,inf,True,7,6,93,75,False,0,,47.1,0.136,False,0.065,False,0.866,False,626.94,1.0,False,336.11,1024.45
1010,power_n50_th20_rho1,power,10,28058991,50,1000,20.0,1.0,0.0,inf,True,2,1,83,69,False,0,,34.41,0.661,False,0.782,False,0.61,False,567.52,1.0,False,294.54,910.3
1011,power_n50_th20_rho1,power,11,28066910,50,1000,20.0,1.0,0.0,inf,True,6,5,75,49,True,2,759;593,48.5,0.000538,True,0.08,False,0.094,False,517.77,1.0,False,272.64,852.54
1012,power_n50_th20_rho1,power,12,28074829,50,1000,20.0,1.0,0.0,inf,True,4,3,85,68,False,0,,35.98,0.0674,False,0.784,False,0.008,True,583.2,1.0,False,322.95,956.18
1013,power_n50_th20_rho1,power,13,28082748,50,1000,20.0,1.0,0.0,inf,True,5,4,107,83,False,0,,32.83,0.176,False,0.0,True,0.051,False,739.13,0.0,True,361.18,1147.81
1014,power_n50_th20_rho1,power,14,28090667,50,1000,20.0,1.0,0.0,inf,True,3,2,46,37,True,1,378,45.28,0.738,False,0.091,False,0.34,False,331.0,1.0,False,197.59,586.51
1015,power_n50_th20_rho1,power,15,28098586,50,1000,20.0,1.0,0.0,inf,True,9,8,86,71,False,0,,36.13,2.67e-07,True,0.173,False,0.074,False,595.23,1.0,False,313.99,960.27
1016,power_n50_th20_rho1,power,16,28106505,50,1000,20.0,1.0,0.0,inf,True,3,2,77,57,False,0,,36.46,0.866,False,0.968,False,0.945,False,518.34,1.0,False,272.41,840.23
1017,power_n50_th20_rho1,power,17,28114424,50,1000,20.0,1.0,0.0,inf,True,5,4,79,62,True,2,505;598,44.45,0.202,False,0.028,True,0.311,False,524.58,1.0,False,289.2,871.4
1018,power_n50_th20_rho1,power,18,28122343,50,1000,20.0,1.0,0.0,inf,True,5,4,69,49,True,1,448,53.49,0.863,False,0.004,True,1.0,False,466.77,1.0,False,252.26,786.24
1019,power_n50_th20_rho1,power,19,28130262,50,1000,20.0,1.0,0.0,inf,True,6,5,112,85,True,1,720,45.49,0.0591,False,0.512,False,0.237,False,759.55,1.0,False,376.53,1194.54
1020,power_n50_th20_rho1,power,20,28138181,50,1000,20.0,1.0,0.0,inf,True,6,5,112,83,True,5,654;654;824;83;379,48.97,8.19e-13,True,0.0,True,0.0,True,756.99,1.19e-10,True,393.84,1214.63
1021,power_n50_th20_rho1,power,21,28146100,50,1000,20.0,1.0,0.0,inf,True,3,2,99,78,False,0,,34.35,0.000239,True,0.312,False,0.102,False,665.7,1.0,False,354.26,1068.64
1022,power_n50_th20_rho1,power,22,28154019,50,1000,20.0,1.0,0.0,inf,True,4,3,59,53,True,1,766,45.47,0.464,False,0.013,True,0.155,False,406.04,1.0,False,235.28,700.34
1023,power_n50_th20_rho1,power,23,28161938,50,1000,20.0,1.0,0.0,inf,True,7,6,82,68,False,0,,35.77,0.129,False,0.256,False,0.678,False,559.64,1.0,False,288.83,896.67
1024,power_n50_th20_rho1,power,24,28169857,50,1000,20.0,1.0,0.0,inf,True,5,4,66,42,False,0,,32.56,0.313,False,0.149,False,0.85,False,450.09,1.0,False,236.05,733.41
1025,power_n50_th20_rho1,power,25,28177776,50,1000,20.0,1.0,0.0,inf,True,7,6,62,49,False,0,,35.72,0.161,False,0.003,True,0.003,True,424.0,1.0,False,243.32,716.99
1026,power_n50_th20_rho1,power,26,28185695,50,1000,20.0,1.0,0.0,inf,True,9,8,97,75,True,1,518,43.65,0.000119,True,0.48,False,0.035,True,646.82,1.0,False,331.16,1037.52
1027,power_n50_th20_rho1,power,27,28193614,50,1000,20.0,1.0,0.0,inf,True,6,5,75,46,True,1,226,53.76,0.0728,False,0.146,False,0.534,False,492.12,1.0,False,277.19,837.21
1028,power_n50_th20_rho1,power,28,28201533,50,1000,20.0,1.0,0.0,inf,True,5,4,116,91,False,0,,44.99,0.00518,True,0.237,False,0.0,True,778.88,2.324e-09,True,424.84,1264.46
1029,power_n50_th20_rho1,power,29,28209452,50,1000,20.0,1.0,0.0,inf,True,6,5,45,26,True,2,327;314,54.74,9.44e-05,True,0.038,True,0.048,True,306.99,1.0,False,187.01,564.69
1030,power_n50_th20_rho1,power,30,28217371,50,1000,20.0,1.0,0.0,inf,True,3,2,71,59,False,0,,37.96,0.158,False,0.711,False,1.0,False,475.18,1.0,False,271.19,796.82
1031,power_n50_th20_rho1,power,31,28225290,50,1000,20.0,1.0,0.0,inf,True,5,4,70,56,False,0,,37.29,0.0118,True,0.82,False,0.893,False,473.57,1.0,False,283.04,808.29
1032,power_n50_th20_rho1,power,32,28233209,50,1000,20.0,1.0,0.0,inf,True,4,3,67,42,True,1,452,43.75,0.7,False,0.259,False,0.897,False,457.3,1.0,False,268.04,785.28
1033,power_n50_th20_rho1,power,33,28241128,50,1000,20.0,1.0,0.0,inf,True,2,1,71,52,False,0,,32.45,0.118,False,0.794,False,0.34,False,480.2,1.0,False,275.61,802.47
1034,power_n50_th20_rho1,power,34,28249047,50,1000,20.0,1.0,0.0,inf,True,5,4,64,45,False,0,,43.56,0.0738,False,0.434,False,0.391,False,454.4,1.0,False,243.53,758.3
1035,power_n50_th20_rho1,power,35,28256966,50,1000,20.0,1.0,0.0,inf,True,7,6,90,62,True,1,311,41.73,3.63e-07,True,0.033,True,0.006,True,616.35,1.0,False,317.89,990.66
1036,power_n50_th20_rho1,power,36,28264885,50,1000,20.0,1.0,0.0,inf,True,5,4,151,129,True,2,405;422,47.49,0.0,True,0.0,True,0.0,True,1051.51,0.0,True,495.88,1609.68
1037,power_n50_th20_rho1,power,37,28272804,50,1000,20.0,1.0,0.0,inf,True,4,3,71,58,False,0,,41.94,0.208,False,0.455,False,0.039,True,496.47,1.0,False,260.32,815.15
1038,power_n50_th20_rho1,power,38,28280723,50,1000,20.0,1.0,0.0,inf,True,4,3,45,25,False,0,,41.34,0.101,False,0.899,False,1.0,False,308.22,1.0,False,188.51,552.85
1039,power_n50_th20_rho1,power,39,28288642,50,1000,20.0,1.0,0.0,inf,True,3,2,81,68,False,0,,39.62,0.036,True,0.234,False,0.72,False,550.54,1.0,False,284.72,893.87
1040,power_n50_th20_rho1,power,40,28296561,50,1000,20.0,1.0,0.0,inf,True,2,1,71,49,False,0,,42.33,0.736,False,0.012,True,0.0,True,475.39,1.0,False,268.49,800.25
1041,power_n50_th20_rho1,power,41,28304480,50,1000,20.0,1.0,0.0,inf,True,8,7,93,72,True,2,726;408,48.53,4.73e-05,True,0.037,True,0.026,True,617.22,1.0,False,328.43,1006.9
1042,power_n50_th20_rho1,power,42,28312399,50,1000,20.0,1.0,0.0,inf,True,6,5,112,82,True,4,580;262;392;580,46.37,6.12e-09,True,0.012,True,0.514,False,772.92,2.1e-11,True,398.2,1230.93
1043,power_n50_th20_rho1,power,43,28320318,50,1000,20.0,1.0,0.0,inf,True,4,3,87,65,False,0,,32.72,2.21e-06,True,0.122,False,0.0,True,590.41,1.0,False,309.58,945.55
1044,power_n50_th20_rho1,power,44,28328237,50,1000,20.0,1.0,0.0,inf,True,5,4,67,47,False,0,,35.07,0.0101,True,0.155,False,0.227,False,456.11,1.0,False,254.46,757.74
1045,power_n50_th20_rho1,power,45,28336156,50,1000,20.0,1.0,0.0,inf,True,3,2,46,35,False,0,,44.11,0.0659,False,0.232,False,0.804,False,323.94,1.0,False,200.77,580.49
1046,power_n50_th20_rho1,power,46,28344075,50,1000,20.0,1.0,0.0,inf,True,5,4,88,72,False,0,,34.28,0.705,False,0.363,False,0.366,False,604.28,1.0,False,323.39,988.38
1047,power_n50_th20_rho1,power,47,28351994,50,1000,20.0,1.0,0.0,inf,True,7,6,127,113,False,0,,34.65,4.25e-23,True,0.002,True,0.012,True,886.69,0.0,True,425.33,1366.5
1048,power_n50_th20_rho1,power,48,28359913,50,1000,20.0,1.0,0.0,inf,True,7,6,69,54,True,1,364,44.47,0.00229,True,0.143,False,0.052,False,476.42,1.0,False,256.44,791.48
1049,power_n50_th20_rho1,power,49,28367832,50,1000,20.0,1.0,0.0,inf,True,4,3,85,67,False,0,,32.57,0.121,False,0.289,False,0.018,True,585.55,1.0,False,307.09,937.76
1050,power_n50_th20_rho4,power,0,28375751,50,1000,20.0,4.0,0.0,inf,True,10,9,60,42,False,0,,38.01,0.0353,True,0.853,False,0.0,True,402.27,1.0,False,247.1,703.96
1051,power_n50_th20_rho4,power,1,28383670,50,1000,20.0,4.0,0.0,inf,True,21,20,100,78,True,6,322;447;528;752;597;262,48.91,0.0,True,0.0,True,0.0,True,678.51,3e-12,True,361.78,1107.93
1052,power_n50_th20_rho4,power,2,28391589,50,1000,20.0,4.0,0.0,inf,True,18,17,75,51,False,0,,31.64,8.66e-10,True,0.033,True,0.0,True,503.14,1.0,False,267.71,818.05
1053,power_n50_th20_rho4,power,3,28399508,50,1000,20.0,4.0,0.0,inf,True,21,20,126,115,True,3,574;262;351,56.11,5.42e-13,True,0.0,True,0.0,True,863.27,0.0,True,449.12,1381.23
1054,power_n50_th20_rho4,power,4,28407427,50,1000,20.0,4.0,0.0,inf,True,14,13,70,50,False,0,,33.86,1.51e-08,True,0.203,False,0.028,True,488.43,1.0,False,255.72,791.33
1055,power_n50_th20_rho4,power,5,28415346,50,1000,20.0,4.0,0.0,inf,True,16,15,140,123,True,3,769;714;426,52.0,0.0,True,0.0,True,0.0,True,955.51,0.0,True,502.0,1529.5
1056,power_n50_th20_rho4,power,6,28423265,50,1000,20.0,4.0,0.0,inf,True,15,14,97,77,True,1,338,47.96,7.47e-08,True,0.044,True,0.0,True,649.84,1.0,False,335.29,1048.55
1057,power_n50_th20_rho4,power,7,28431184,50,1000,20.0,4.0,0.0,inf,True,19,18,68,49,False,0,,38.46,0.000126,True,0.205,False,0.097,False,451.02,1.0,False,246.14,749.84
1058,power_n50_th20_rho4,power,8,28439103,50,1000,20.0,4.0,0.0,inf,True,18,17,103,79,True,3,546;782;648,41.26,0.0,True,0.0,True,0.0,True,709.53,1e-12,True,369.92,1138.06
1059,power_n50_th20_rho4,power,9,28447022,50,1000,20.0,4.0,0.0,inf,True,21,20,126,96,False,0,,35.59,2.8e-15,True,0.0,True,0.062,False,856.4,1.1e-11,True,444.32,1349.51
1060,power_n50_th20_rho4,power,10,28454941,50,1000,20.0,4.0,0.0,inf,True,19,18,84,61,True,1,803,43.43,4.77e-07,True,0.0,True,0.012,True,562.71,1.0,False,295.56,915.18
1061,power_n50_th20_rho4,power,11,28462860,50,1000,20.0,4.0,0.0,inf,True,15,14,93,64,True,2,504;708,45.79,0.021,True,0.062,False,0.008,True,620.36,2.8282e-08,True,341.68,1020.75
1062,power_n50_th20_rho4,power,12,28470779,50,1000,20.0,4.0,0.0,inf,True,30,29,97,86,True,4,462;556;732;190,53.75,3.89e-34,True,0.018,True,0.0,True,682.92,2.326e-09,True,364.05,1115.06
1063,power_n50_th20_rho4,power,13,28478698,50,1000,20.0,4.0,0.0,inf,True,19,18,82,66,True,3,348;594;710,53.13,1.31e-17,True,0.0,True,0.0,True,575.81,1.18841e-07,True,308.91,953.12
1064,power_n50_th20_rho4,power,14,28486617,50,1000,20.0,4.0,0.0,inf,True,13,12,63,44,True,3,737;606;606,46.48,1.13e-06,True,0.817,False,0.0,True,456.72,1.0,False,241.1,757.34
1065,power_n50_th20_rho4,power,15,28494536,50,1000,20.0,4.0,0.0,inf,True,21,20,105,91,True,2,406;537,59.3,1.06e-11,True,0.0,True,0.007,True,734.48,1.724e-09,True,391.18,1202.48
1066,power_n50_th20_rho4,power,16,28502455,50,1000,20.0,4.0,0.0,inf,True,15,14,73,47,True,2,228;794,54.24,1.71e-09,True,0.029,True,0.023,True,504.42,1.0,False,271.9,847.73
1067,power_n50_th20_rho4,power,17,28510374,50,1000,20.0,4.0,0.0,inf,True,20,19,81,61,True,2,616;611,46.15,0.000217,True,0.0,True,0.0,True,554.68,1.0,False,289.32,904.12
1068,power_n50_th20_rho4,power,18,28518293,50,1000,20.0,4.0,0.0,inf,True,13,12,117,97,True,2,198;528,53.39,2.57e-09,True,0.0,True,0.051,False,814.0,2e-12,True,408.8,1289.15
1069,power_n50_th20_rho4,power,19,28526212,50,1000,20.0,4.0,0.0,inf,True,21,20,75,59,True,5,723;530;452;304;660,50.08,4.81e-24,True,0.001,True,0.0,True,512.94,8.0384e-08,True,303.85,880.94
1070,power_n50_th20_rho4,power,20,28534131,50,1000,20.0,4.0,0.0,inf,True,19,18,114,88,False,0,,39.68,0.000476,True,0.011,True,0.004,True,778.86,1.0,False,386.9,1219.71
1071,power_n50_th20_rho4,power,21,28542050,50,1000,20.0,4.0,0.0,inf,True,13,12,59,44,True,1,403,45.81,0.000205,True,0.273,False,0.001,True,402.84,1.0,False,234.8,698.56
1072,power_n50_th20_rho4,power,22,28549969,50,1000,20.0,4.0,0.0,inf,True,14,13,39,29,True,1,500,48.42,7.35e-11,True,0.23,False,0.0,True,282.46,1.0,False,181.72,525.78
1073,power_n50_th20_rho4,power,23,28557888,50,1000,20.0,4.0,0.0,inf,True,9,8,41,28,False,0,,32.39,0.0229,True,0.323,False,0.218,False,300.31,1.0,False,178.79,526.18
1074,power_n50_th20_rho4,power,24,28565807,50,1000,20.0,4.0,0.0,inf,True,21,20,79,52,True,2,223;372,57.37,2.66e-22,True,0.009,True,0.0,True,539.71,2.05607e-07,True,299.71,910.91
1075,power_n50_th20_rho4,power,25,28573726,50,1000,20.0,4.0,0.0,inf,True,17,16,79,53,True,1,611,46.92,0.000556,True,0.018,True,0.011,True,535.64,1.0,False,305.23,901.94
1076,power_n50_th20_rho4,power,26,28581645,50,1000,20.0,4.0,0.0,inf,True,10,9,85,54,False,0,,34.94,0.113,False,0.287,False,1.0,False,570.16,1.0,False,309.53,928.59
1077,power_n50_th20_rho4,power,27,28589564,50,1000,20.0,4.0,0.0,inf,True,12,11,71,54,False,0,,39.29,0.00183,True,0.141,False,0.042,True,483.79,1.0,False,284.44,823.69
1078,power_n50_th20_rho4,power,28,28597483,50,1000,20.0,4.0,0.0,inf,True,18,17,79,52,False,0,,31.98,0.11,False,0.057,False,0.805,False,533.36,1.0,False,293.32,872.45
1079,power_n50_th20_rho4,power,29,28605402,50,1000,20.0,4.0,0.0,inf,True,10,9,43,29,False,0,,35.48,0.0381,True,0.58,False,0.092,False,304.01,1.0,False,186.22,540.91
1080,power_n50_th20_rho4,power,30,28613321,50,1000,20.0,4.0,0.0,inf,True,17,16,118,60,True,2,390;304,45.73,5.48e-05,True,0.002,True,0.137,False,803.49,1.0,False,386.39,1250.81
1081,power_n50_th20_rho4,power,31,28621240,50,1000,20.0,4.0,0.0,inf,True,14,13,110,74,True,2,784;686,50.43,8.19e-19,True,0.0,True,0.0,True,752.5,0.0,True,386.77,1204.83
1082,power_n50_th20_rho4,power,32,28629159,50,1000,20.0,4.0,0.0,inf,True,24,23,83,60,True,2,440;282,52.01,7.62e-08,True,0.001,True,0.016,True,544.55,4.0302e-08,True,310.29,922.66
1083,power_n50_th20_rho4,power,33,28637078,50,1000,20.0,4.0,0.0,inf,True,23,22,114,96,True,4,855;280;480;587,64.17,0.0,True,0.019,True,0.0,True,767.08,5.652e-09,True,414.0,1260.57
1084,power_n50_th20_rho4,power,34,28644997,50,1000,20.0,4.0,0.0,inf,True,16,15,91,75,False,0,,44.85,8.48e-06,True,0.459,False,0.113,False,591.59,1.0,False,336.24,989.16
1085,power_n50_th20_rho4,power,35,28652916,50,1000,20.0,4.0,0.0,inf,True,14,13,115,85,True,2,477;332,56.32,0.0,True,0.0,True,0.0,True,796.59,0.0,True,396.42,1264.93
1086,power_n50_th20_rho4,power,36,28660835,50,1000,20.0,4.0,0.0,inf,True,20,19,100,87,True,4,516;532;280;372,42.83,8.05e-12,True,0.0,True,0.002,True,689.2,9.972e-09,True,360.49,1111.21
1087,power_n50_th20_rho4,power,37,28668754,50,1000,20.0,4.0,0.0,inf,True,9,8,70,57,False,0,,35.13,0.105,False,0.061,False,0.031,True,465.78,1.0,False,269.34,785.19
1088,power_n50_th20_rho4,power,38,28676673,50,1000,20.0,4.0,0.0,inf,True,10,9,72,49,False,0,,38.03,9.28e-05,True,0.17,False,0.068,False,491.96,1.0,False,260.49,809.13
1089,power_n50_th20_rho4,power,39,28684592,50,1000,20.0,4.0,0.0,inf,True,19,18,106,88,True,3,676;566;278,50.94,2.2e-14,True,0.001,True,0.0,True,724.21,1.342e-09,True,377.46,1168.28
1090,power_n50_th20_rho4,power,40,28692511,50,1000,20.0,4.0,0.0,inf,True,23,22,153,129,True,5,776;550;464;467;710,52.94,0.0,True,0.0,True,0.0,True,1041.91,0.0,True,523.1,1636.01
1091,power_n50_th20_rho4,power,41,28700430,50,1000,20.0,4.0,0.0,inf,True,23,22,77,55,True,1,364,48.1,3.14e-08,True,0.104,False,0.0,True,518.43,1.0,False,280.05,863.95
1092,power_n50_th20_rho4,power,42,28708349,50,1000,20.0,4.0,0.0,inf,True,13,12,66,50,True,1,275,42.73,0.628,False,0.079,False,0.659,False,451.26,1.0,False,237.77,744.62
1093,power_n50_th20_rho4,power,43,28716268,50,1000,20.0,4.0,0.0,inf,True,14,13,91,75,True,5,413;240;698;526;390,47.38,0.0,True,0.0,True,0.0,True,613.34,1.2e-11,True,346.56,1020.35
1094,power_n50_th20_rho4,power,44,28724187,50,1000,20.0,4.0,0.0,inf,True,18,17,89,71,True,3,645;612;454,43.85,1.71e-10,True,0.017,True,0.0,True,598.24,1.65e-10,True,328.81,984.3
1095,power_n50_th20_rho4,power,45,28732106,50,1000,20.0,4.0,0.0,inf,True,12,11,46,28,False,0,,32.22,0.183,False,0.585,False,0.098,False,321.28,1.0,False,187.16,554.29
1096,power_n50_th20_rho4,power,46,28740025,50,1000,20.0,4.0,0.0,inf,True,18,17,125,112,False,0,,34.29,1.02e-05,True,0.0,True,0.013,True,864.82,0.0,True,419.17,1332.4
1097,power_n50_th20_rho4,power,47,28747944,50,1000,20.0,4.0,0.0,inf,True,13,12,98,84,True,2,284;474,52.73,9.48e-09,True,0.0,True,0.027,True,669.27,0.0,True,347.58,1082.89
1098,power_n50_th20_rho4,power,48,28755863,50,1000,20.0,4.0,0.0,inf,True,16,15,81,60,True,3,330;657;415,48.28,1.2e-15,True,0.0,True,0.0,True,543.78,1.075e-09,True,301.77,906.78
1099,power_n50_th20_rho4,power,49,28763782,50,1000,20.0,4.0,0.0,inf,True,23,22,89,56,True,2,535;648,44.06,8.16e-10,True,0.007,True,0.049,True,602.02,1.0,False,330.08,990.42
1100,power_n50_th20_rho16,power,0,28771701,50,1000,20.0,16.0,0.0,inf,True,66,65,90,66,True,3,250;428;812,52.34,3.7e-37,True,0.0,True,0.0,True,614.21,1.132e-09,True,337.91,1017.74
1101,power_n50_th20_rho16,power,1,28779620,50,1000,20.0,16.0,0.0,inf,True,34,33,66,49,True,3,184;500;677,49.75,1.13e-15,True,0.005,True,0.0,True,460.3,1.7051e-07,True,263.41,788.94
1102,power_n50_th20_rho16,power,2,28787539,50,1000,20.0,16.0,0.0,inf,True,90,89,119,100,True,4,858;700;307;122,53.16,1.8e-25,True,0.001,True,0.0,True,827.96,2.2e-11,True,420.14,1314.98
1103,power_n50_th20_rho16,power,3,28795458,50,1000,20.0,16.0,0.0,inf,True,55,54,55,44,False,0,,33.45,0.000183,True,0.024,True,0.0,True,389.35,1.0,False,213.5,649.02
1104,power_n50_th20_rho16,power,4,28803377,50,1000,20.0,16.0,0.0,inf,True,55,54,74,49,True,3,716;686;356,55.79,2.25e-13,True,0.01,True,0.0,True,504.56,1.0,False,271.76,867.14
1105,power_n50_th20_rho16,power,5,28811296,50,1000,20.0,16.0,0.0,inf,True,77,76,98,88,True,3,362;519;172,49.88,0.0,True,0.0,True,0.0,True,679.01,1e-12,True,349.18,1093.75
1106,power_n50_th20_rho16,power,6,28819215,50,1000,20.0,16.0,0.0,inf,True,67,66,84,60,True,2,364;810,41.53,1.78e-12,True,0.001,True,0.0,True,567.25,7.16e-09,True,309.99,937.49
1107,power_n50_th20_rho16,power,7,28827134,50,1000,20.0,16.0,0.0,inf,True,81,80,108,86,True,5,122;618;521;319;225,53.73,6.64e-36,True,0.0,True,0.0,True,747.34,2.874e-09,True,386.5,1201.58
1108,power_n50_th20_rho16,power,8,28835053,50,1000,20.0,16.0,0.0,inf,True,52,51,89,64,True,2,342;602,53.19,2.51e-18,True,0.002,True,0.0,True,595.34,2.8282e-08,True,323.87,985.46
1109,power_n50_th20_rho16,power,9,28842972,50,1000,20.0,16.0,0.0,inf,True,68,67,119,97,True,5,317;718;432;262;518,45.29,0.0,True,0.0,True,0.0,True,817.51,0.0,True,433.2,1310.18
1110,power_n50_th20_rho16,power,10,28850891,50,1000,20.0,16.0,0.0,inf,True,68,67,101,75,True,2,450;338,42.68,0.0,True,0.0,True,0.0,True,689.25,0.0,True,358.91,1104.12
1111,power_n50_th20_rho16,power,11,28858810,50,1000,20.0,16.0,0.0,inf,True,75,74,108,86,True,3,304;710;310,47.24,1.21e-31,True,0.002,True,0.0,True,748.81,2.7e-10,True,379.61,1190.69
1112,power_n50_th20_rho16,power,12,28866729,50,1000,20.0,16.0,0.0,inf,True,67,66,79,61,True,3,697;258;386,58.93,1.46e-19,True,0.017,True,0.027,True,543.24,1.0,False,299.87,918.87
1113,power_n50_th20_rho16,power,13,28874648,50,1000,20.0,16.0,0.0,inf,True,64,63,112,77,True,4,896;519;626;854,49.3,2.06e-25,True,0.0,True,0.0,True,786.57,1.6e-11,True,395.67,1248.82
1114,power_n50_th20_rho16,power,14,28882567,50,1000,20.0,16.0,0.0,inf,True,62,61,75,65,True,1,355,54.8,4.23e-33,True,0.024,True,0.0,True,523.34,1.16901e-07,True,284.83,878.26
1115,power_n50_th20_rho16,power,15,28890486,50,1000,20.0,16.0,0.0,inf,True,54,53,90,59,True,2,493;774,51.61,6e-10,True,0.0,True,0.001,True,618.06,1.7051e-07,True,311.03,997.66
1116,power_n50_th20_rho16,power,16,28898405,50,1000,20.0,16.0,0.0,inf,True,57,56,79,68,True,2,591;326,55.39,9.1e-13,True,0.002,True,0.0,True,539.66,3.6723e-08,True,297.56,906.31
1117,power_n50_th20_rho16,power,17,28906324,50,1000,20.0,16.0,0.0,inf,True,66,65,93,71,True,4,707;154;458;286,53.01,1.46e-20,True,0.0,True,0.0,True,629.18,0.0,True,345.63,1044.08
1118,power_n50_th20_rho16,power,18,28914243,50,1000,20.0,16.0,0.0,inf,True,77,76,90,76,True,4,598;769;262;344,42.62,0.0,True,0.0,True,0.0,True,615.26,7.1e-11,True,341.71,1012.92
1119,power_n50_th20_rho16,power,19,28922162,50,1000,20.0,16.0,0.0,inf,True,58,57,86,70,True,4,644;294;331;243,48.05,1.52e-24,True,0.009,True,0.0,True,593.0,2.327e-09,True,323.08,979.98
1120,power_n50_th20_rho16,power,20,28930081,50,1000,20.0,16.0,0.0,inf,True,70,69,81,56,True,3,702;341;618,46.45,3.3e-16,True,0.067,False,0.0,True,557.23,1.0,False,295.28,918.06
1121,power_n50_th20_rho16,power,21,28938000,50,1000,20.0,16.0,0.0,inf,True,68,67,81,72,True,4,760;641;837;542,55.34,2.08e-28,True,0.004,True,0.0,True,561.88,7.713e-09,True,315.84,946.35
1122,power_n50_th20_rho16,power,22,28945919,50,1000,20.0,16.0,0.0,inf,True,60,59,68,45,True,2,401;410,44.79,6e-12,True,0.019,True,0.0,True,468.59,1.0,False,253.56,780.53
1123,power_n50_th20_rho16,power,23,28953838,50,1000,20.0,16.0,0.0,inf,True,65,64,83,60,True,3,454;483;346,46.65,4.81e-14,True,0.0,True,0.011,True,586.77,2.456e-09,True,310.99,957.75
1124,power_n50_th20_rho16,power,24,28961757,50,1000,20.0,16.0,0.0,inf,True,47,46,71,57,True,2,361;228,46.13,9.3e-11,True,0.006,True,0.002,True,498.71,1.0,False,272.67,830.34
1125,power_n50_th20_rho16,power,25,28969676,50,1000,20.0,16.0,0.0,inf,True,67,66,83,67,True,4,410;539;562;260,49.03,1.36e-19,True,0.031,True,0.0,True,577.65,4.0302e-08,True,314.46,955.68
1126,power_n50_th20_rho16,power,26,28977595,50,1000,20.0,16.0,0.0,inf,True,56,55,69,46,True,1,432,67.9,1.1e-06,True,0.258,False,0.0,True,480.57,1.0,False,265.77,829.49
1127,power_n50_th20_rho16,power,27,28985514,50,1000,20.0,16.0,0.0,inf,True,52,51,90,74,True,5,782;840;529;296;678,61.96,0.0,True,0.0,True,0.0,True,615.94,1e-11,True,337.66,1031.88
1128,power_n50_th20_rho16,power,28,28993433,50,1000,20.0,16.0,0.0,inf,True,56,55,71,45,True,2,530;364,53.04,1.24e-08,True,0.001,True,0.0,True,492.72,3.56522e-07,True,274.17,834.91
1129,power_n50_th20_rho16,power,29,29001352,50,1000,20.0,16.0,0.0,inf,True,74,73,89,62,True,1,634,51.84,1.24e-20,True,0.0,True,0.0,True,606.65,5.3237e-08,True,330.72,1025.23
1130,power_n50_th20_rho16,power,30,29009271,50,1000,20.0,16.0,0.0,inf,True,84,83,125,87,True,5,336;260;459;516;606,59.86,3.58e-33,True,0.001,True,0.0,True,868.01,1.19e-10,True,446.45,1393.7
1131,power_n50_th20_rho16,power,31,29017190,50,1000,20.0,16.0,0.0,inf,True,70,69,78,66,True,2,326;388,45.99,8.33e-17,True,0.002,True,0.0,True,528.91,1.0,False,290.88,878.9
1132,power_n50_th20_rho16,power,32,29025109,50,1000,20.0,16.0,0.0,inf,True,47,46,71,62,True,4,822;726;315;624,52.41,1.12e-21,True,0.004,True,0.0,True,496.29,2.50501e-07,True,280.74,842.8
1133,power_n50_th20_rho16,power,33,29033028,50,1000,20.0,16.0,0.0,inf,True,54,53,84,57,True,3,541;381;229,51.75,4.51e-05,True,0.024,True,0.001,True,573.42,1.0,False,304.22,944.09
1134,power_n50_th20_rho16,power,34,29040947,50,1000,20.0,16.0,0.0,inf,True,74,73,106,86,True,4,287;582;162;362,59.25,0.0,True,0.0,True,0.0,True,747.12,4e-12,True,370.73,1191.09
1135,power_n50_th20_rho16,power,35,29048866,50,1000,20.0,16.0,0.0,inf,True,61,60,87,76,True,6,300;440;106;504;726;300,70.45,1.53e-27,True,0.031,True,0.0,True,596.98,3.951e-09,True,325.64,1005.84
1136,power_n50_th20_rho16,power,36,29056785,50,1000,20.0,16.0,0.0,inf,True,55,54,72,54,True,3,638;295;398,45.89,3.19e-14,True,0.022,True,0.0,True,506.52,1.50301e-07,True,279.58,845.59
1137,power_n50_th20_rho16,power,37,29064704,50,1000,20.0,16.0,0.0,inf,True,68,67,76,65,True,3,327;527;758,53.01,2.54e-17,True,0.414,False,0.031,True,532.46,1.0,False,271.26,871.08
1138,power_n50_th20_rho16,power,38,29072623,50,1000,20.0,16.0,0.0,inf,True,50,49,80,62,True,3,750;319;392,55.71,1.13e-19,True,0.195,False,0.001,True,552.71,1.03148e-07,True,299.93,921.26
1139,power_n50_th20_rho16,power,39,29080542,50,1000,20.0,16.0,0.0,inf,True,60,59,124,95,True,2,394;424,45.38,7.55e-21,True,0.001,True,0.002,True,852.32,2.45e-10,True,434.39,1350.75
1140,power_n50_th20_rho16,power,40,29088461,50,1000,20.0,16.0,0.0,inf,True,49,48,83,61,True,1,192,45.05,1.47e-08,True,0.0,True,0.026,True,570.07,1.03148e-07,True,307.51,937.21
1141,power_n50_th20_rho16,power,41,29096380,50,1000,20.0,16.0,0.0,inf,True,63,62,93,73,True,4,554;758;381;663,55.54,0.0,True,0.036,True,0.0,True,628.98,1.93402e-07,True,350.39,1049.86
1142,power_n50_th20_rho16,power,42,29104299,50,1000,20.0,16.0,0.0,inf,True,47,46,70,56,True,3,508;410;610,46.58,3.01e-12,True,0.272,False,0.001,True,475.29,1.0,False,267.25,802.12
1143,power_n50_th20_rho16,power,43,29112218,50,1000,20.0,16.0,0.0,inf,True,62,61,97,78,True,5,772;686;384;588;588,44.5,1.11e-32,True,0.0,True,0.0,True,667.9,2.086e-09,True,345.55,1074.68
1144,power_n50_th20_rho16,power,44,29120137,50,1000,20.0,16.0,0.0,inf,True,44,43,72,59,True,4,498;596;186;360,58.71,4.41e-13,True,0.092,False,0.008,True,489.58,1.0,False,277.6,838.85
1145,power_n50_th20_rho16,power,45,29128056,50,1000,20.0,16.0,0.0,inf,True,42,41,69,54,False,0,,30.91,1.54e-15,True,0.024,True,0.001,True,476.93,1.0,False,258.88,781.26
1146,power_n50_th20_rho16,power,46,29135975,50,1000,20.0,16.0,0.0,inf,True,58,57,76,64,True,3,354;715;502,50.35,4.62e-19,True,0.0,True,0.0,True,530.77,1.709e-09,True,292.34,889.75
1147,power_n50_th20_rho16,power,47,29143894,50,1000,20.0,16.0,0.0,inf,True,51,50,68,54,True,2,221;474,54.88,4.62e-27,True,0.024,True,0.0,True,464.84,1.93402e-07,True,254.67,793.7
1148,power_n50_th20_rho16,power,48,29151813,50,1000,20.0,16.0,0.0,inf,True,59,58,98,77,True,3,443;232;737,60.66,0.0,True,0.0,True,0.0,True,667.32,1.06e-10,True,363.55,1109.16
1149,power_n50_th20_rho16,power,49,29159732,50,1000,20.0,16.0,0.0,inf,True,74,73,128,106,True,5,269;764;764;494;494,44.63,0.0,True,0.0,True,0.0,True,886.71,0.0,True,455.68,1403.22
1150,power_n50_th20_rho64,power,0,29167651,50,1000,20.0,64.0,0.0,inf,True,212,211,79,64,True,3,824;504;322,53.43,2.99e-18,True,0.013,True,0.0,True,533.33,1.8319e-08,True,306.96,909.14
1151,power_n50_th20_rho64,power,1,29175570,50,1000,20.0,64.0,0.0,inf,True,227,226,86,68,True,3,544;501;277,52.09,1.02e-33,True,0.054,False,0.0,True,577.55,1.0,False,315.19,958.9
1152,power_n50_th20_rho64,power,2,29183489,50,1000,20.0,64.0,0.0,inf,True,226,225,101,82,True,4,379;568;796;634,48.32,1.27e-31,True,0.015,True,0.0,True,691.71,5.6565e-08,True,362.81,1117.3
1153,power_n50_th20_rho64,power,3,29191408,50,1000,20.0,64.0,0.0,inf,True,235,234,100,75,True,5,518;371;223;822;690,50.26,0.0,True,0.005,True,0.0,True,695.23,7.95e-10,True,366.59,1129.37
1154,power_n50_th20_rho64,power,4,29199327,50,1000,20.0,64.0,0.0,inf,True,211,210,90,71,True,5,646;458;619;242;828,52.27,0.0,True,0.0,True,0.0,True,613.89,1.8e-11,True,340.64,1022.37
1155,power_n50_th20_rho64,power,5,29207246,50,1000,20.0,64.0,0.0,inf,True,183,182,90,77,True,4,797;384;686;256,50.99,0.0,True,0.001,True,0.0,True,630.15,8.621e-09,True,330.15,1027.73
1156,power_n50_th20_rho64,power,6,29215165,50,1000,20.0,64.0,0.0,inf,True,191,190,63,47,True,2,250;372,50.68,1.69e-21,True,0.004,True,0.0,True,439.25,1.0,False,240.3,745.71
1157,power_n50_th20_rho64,power,7,29223084,50,1000,20.0,64.0,0.0,inf,True,212,211,90,74,True,4,270;145;753;594,61.66,5.67e-27,True,0.0,True,0.0,True,611.35,9.4e-11,True,331.21,1022.6
1158,power_n50_th20_rho64,power,8,29231003,50,1000,20.0,64.0,0.0,inf,True,223,222,77,59,True,4,836;720;188;325,60.82,3.25e-20,True,0.015,True,0.0,True,529.74,4.0302e-08,True,286.33,895.83
1159,power_n50_th20_rho64,power,9,29238922,50,1000,20.0,64.0,0.0,inf,True,248,247,84,65,True,6,712;135;664;278;426;423,45.74,1.21e-27,True,0.22,False,0.0,True,562.86,3.66117e-07,True,315.19,946.49
1160,power_n50_th20_rho64,power,10,29246841,50,1000,20.0,64.0,0.0,inf,True,219,218,88,76,True,4,268;450;630;736,47.81,0.0,True,0.006,True,0.0,True,600.97,2.094e-09,True,338.2,1000.26
1161,power_n50_th20_rho64,power,11,29254760,50,1000,20.0,64.0,0.0,inf,True,240,239,83,65,True,2,422;659,47.24,0.0,True,0.0,True,0.0,True,558.29,1.8319e-08,True,315.51,937.8
1162,power_n50_th20_rho64,power,12,29262679,50,1000,20.0,64.0,0.0,inf,True,224,223,83,58,True,3,398;465;479,49.65,2.45e-17,True,0.146,False,0.0,True,555.49,1.0,False,299.5,917.7
1163,power_n50_th20_rho64,power,13,29270598,50,1000,20.0,64.0,0.0,inf,True,214,213,96,70,True,2,634;624,46.39,4.16e-13,True,0.01,True,0.0,True,645.96,1.16901e-07,True,333.27,1041.67
1164,power_n50_th20_rho64,power,14,29278517,50,1000,20.0,64.0,0.0,inf,True,229,228,82,57,True,3,222;386;683,46.32,1.38e-33,True,0.03,True,0.0,True,562.61,1.8319e-08,True,310.87,935.66
1165,power_n50_th20_rho64,power,15,29286436,50,1000,20.0,64.0,0.0,inf,True,233,232,112,81,True,4,516;260;623;382,43.31,6.64e-23,True,0.0,True,0.0,True,773.93,3.53e-10,True,397.45,1229.41
1166,power_n50_th20_rho64,power,16,29294355,50,1000,20.0,64.0,0.0,inf,True,211,210,61,44,True,1,269,47.37,4.35e-14,True,0.076,False,0.001,True,424.62,1.0,False,227.77,713.91
1167,power_n50_th20_rho64,power,17,29302274,50,1000,20.0,64.0,0.0,inf,True,245,244,93,77,True,4,564;208;498;772,54.41,1.31e-27,True,0.022,True,0.0,True,626.45,1.8319e-08,True,357.74,1054.94
1168,power_n50_th20_rho64,power,18,29310193,50,1000,20.0,64.0,0.0,inf,True,210,209,76,61,True,3,279;494;590,59.41,3.25e-16,True,0.042,True,0.013,True,510.22,1.0,False,296.36,879.59
1169,power_n50_th20_rho64,power,19,29318112,50,1000,20.0,64.0,0.0,inf,True,228,227,99,81,True,3,327;683;548,54.47,3.03e-31,True,0.0,True,0.0,True,701.31,2.874e-09,True,374.16,1145.63
1170,power_n50_th20_rho64,power,20,29326031,50,1000,20.0,64.0,0.0,inf,True,209,208,58,44,True,1,585,45.94,1.69e-15,True,0.095,False,0.0,True,394.62,1.0,False,243.44,699.06
1171,power_n50_th20_rho64,power,21,29333950,50,1000,20.0,64.0,0.0,inf,True,217,216,83,59,True,2,466;766,52.68,3.05e-25,True,0.023,True,0.001,True,575.4,1.0,False,307.04,952.2
1172,power_n50_th20_rho64,power,22,29341869,50,1000,20.0,64.0,0.0,inf,True,213,212,91,75,True,1,578,42.65,1.38e-21,True,0.0,True,0.0,True,635.58,2.48015e-07,True,331.03,1023.79
1173,power_n50_th20_rho64,power,23,29349788,50,1000,20.0,64.0,0.0,inf,True,216,215,69,59,True,4,420;644;232;733,43.69,8.74e-18,True,0.057,False,0.0,True,496.23,1.0,False,268.5,823.0
1174,power_n50_th20_rho64,power,24,29357707,50,1000,20.0,64.0,0.0,inf,True,238,237,103,70,True,3,278;502;601,63.57,0.0,True,0.035,True,0.0,True,716.87,6.2004e-08,True,371.64,1169.04
1175,power_n50_th20_rho64,power,25,29365626,50,1000,20.0,64.0,0.0,inf,True,211,210,74,62,True,2,516;716,53.88,0.0,True,0.013,True,0.0,True,513.08,1.41723e-07,True,292.4,875.69
1176,power_n50_th20_rho64,power,26,29373545,50,1000,20.0,64.0,0.0,inf,True,201,200,88,72,True,6,786;598;455;542;126;478,58.02,0.0,True,0.0,True,0.0,True,603.87,3.05e-10,True,336.63,1015.96
1177,power_n50_th20_rho64,power,27,29381464,50,1000,20.0,64.0,0.0,inf,True,192,191,56,46,True,2,203;472,52.92,1.21e-09,True,0.123,False,0.0,True,390.32,1.0,False,225.84,685.27
1178,power_n50_th20_rho64,power,28,29389383,50,1000,20.0,64.0,0.0,inf,True,214,213,72,46,True,1,396,46.56,1.96e-10,True,0.009,True,0.002,True,493.12,1.0,False,265.42,820.54
1179,power_n50_th20_rho64,power,29,29397302,50,1000,20.0,64.0,0.0,inf,True,200,199,90,65,True,3,204;524;390,49.74,6.97e-24,True,0.018,True,0.0,True,613.85,2.8282e-08,True,321.09,1000.56
1180,power_n50_th20_rho64,power,30,29405221,50,1000,20.0,64.0,0.0,inf,True,203,202,78,58,True,3,292;367;726,52.37,1.23e-19,True,0.0,True,0.0,True,538.0,1.0,False,287.22,892.3
1181,power_n50_th20_rho64,power,31,29413140,50,1000,20.0,64.0,0.0,inf,True,214,213,68,54,True,3,652;390;688,47.84,8.98e-32,True,0.008,True,0.0,True,473.49,1.16901e-07,True,270.62,809.56
1182,power_n50_th20_rho64,power,32,29421059,50,1000,20.0,64.0,0.0,inf,True,234,233,89,74,True,4,218;668;616;506,48.06,5.67e-25,True,0.0,True,0.0,True,604.85,4.1944e-08,True,330.53,997.94
1183,power_n50_th20_rho64,power,33,29428978,50,1000,20.0,64.0,0.0,inf,True,197,196,104,81,True,3,567;495;327,45.17,0.0,True,0.001,True,0.0,True,715.51,1.02e-10,True,366.17,1141.09
1184,power_n50_th20_rho64,power,34,29436897,50,1000,20.0,64.0,0.0,inf,True,227,226,101,84,True,4,326;707;320;668,53.16,0.0,True,0.004,True,0.01,True,687.28,9.972e-09,True,378.3,1134.28
1185,power_n50_th20_rho64,power,35,29444816,50,1000,20.0,64.0,0.0,inf,True,192,191,82,68,True,2,482;306,50.04,2.02e-10,True,0.02,True,0.0,True,551.57,2.06295e-07,True,310.21,929.97
1186,power_n50_th20_rho64,power,36,29452735,50,1000,20.0,64.0,0.0,inf,True,230,229,81,63,False,0,,40.87,2.45e-19,True,0.018,True,0.0,True,537.43,1.0,False,304.53,898.93
1187,power_n50_th20_rho64,power,37,29460654,50,1000,20.0,64.0,0.0,inf,True,245,244,91,62,True,5,472;662;310;110;472,46.16,5.6e-26,True,0.003,True,0.0,True,618.6,7.64e-10,True,337.25,1016.37
1188,power_n50_th20_rho64,power,38,29468573,50,1000,20.0,64.0,0.0,inf,True,188,187,81,64,True,3,644;152;402,52.88,2.88e-22,True,0.001,True,0.0,True,553.87,2.1967e-07,True,302.67,923.28
1189,power_n50_th20_rho64,power,39,29476492,50,1000,20.0,64.0,0.0,inf,True,209,208,103,80,True,2,370;698,51.3,0.0,True,0.0,True,0.0,True,721.04,1.4e-11,True,366.49,1157.14
1190,power_n50_th20_rho64,power,40,29484411,50,1000,20.0,64.0,0.0,inf,True,218,217,106,84,True,7,364;787;568;710;827;477;282,48.98,9.52e-35,True,0.014,True,0.0,True,738.65,7.8e-11,True,389.3,1197.16
1191,power_n50_th20_rho64,power,41,29492330,50,1000,20.0,64.0,0.0,inf,True,214,213,67,52,True,3,436;786;597,62.29,4.69e-25,True,0.019,True,0.0,True,461.32,1.0,False,265.21,802.19
1192,power_n50_th20_rho64,power,42,29500249,50,1000,20.0,64.0,0.0,inf,True,243,242,81,63,True,4,616;228;329;404,48.88,1.74e-29,True,0.006,True,0.0,True,550.34,3.1818e-08,True,308.18,922.9
1193,power_n50_th20_rho64,power,43,29508168,50,1000,20.0,64.0,0.0,inf,True,205,204,105,83,True,3,619;238;332,49.0,0.0,True,0.007,True,0.0,True,730.16,5.4e-11,True,400.24,1194.29
1194,power_n50_th20_rho64,power,44,29516087,50,1000,20.0,64.0,0.0,inf,True,239,238,86,67,True,3,563;151;302,53.8,4.51e-37,True,0.001,True,0.0,True,588.83,2.874e-09,True,333.09,991.32
1195,power_n50_th20_rho64,power,45,29524006,50,1000,20.0,64.0,0.0,inf,True,234,233,71,48,True,4,317;437;372;200,48.23,4.91e-15,True,0.074,False,0.002,True,484.45,1.0,False,274.46,821.56
1196,power_n50_th20_rho64,power,46,29531925,50,1000,20.0,64.0,0.0,inf,True,199,198,80,66,True,4,613;374;437;222,55.97,4.94e-20,True,0.004,True,0.0,True,549.13,2.8282e-08,True,317.11,939.07
1197,power_n50_th20_rho64,power,47,29539844,50,1000,20.0,64.0,0.0,inf,True,180,179,66,49,False,0,,35.62,1.65e-14,True,0.057,False,0.001,True,467.0,1.0,False,261.84,779.57
1198,power_n50_th20_rho64,power,48,29547763,50,1000,20.0,64.0,0.0,inf,True,218,217,90,73,True,3,405;198;741,59.44,1.3e-36,True,0.0,True,0.0,True,626.56,2.094e-09,True,341.42,1043.58
1199,power_n50_th20_rho64,power,49,29555682,50,1000,20.0,64.0,0.0,inf,True,222,221,62,49,True,1,736,54.7,3.12e-18,True,0.21,False,0.0,True,435.16,1.0,False,240.56,746.27
1200,null_const_n10_th5,null_constant,0,29563601,10,1000,5.0,0.0,0.0,inf,False,1,0,20,8,False,0,,5.41,1.0,False,0.537,False,1.0,False,31.95,1.0,False,35.55,82.55
1201,null_const_n10_th5,null_constant,1,29571520,10,1000,5.0,0.0,0.0,inf,False,1,0,7,1,False,0,,4.48,1.0,False,1.0,False,1.0,False,30.77,1.0,False,34.97,80.46
1202,null_const_n10_th5,null_constant,2,29579439,10,1000,5.0,0.0,0.0,inf,False,1,0,20,16,False,0,,6.0,1.0,False,0.913,False,1.0,False,34.31,1.0,False,32.77,82.54
1203,null_const_n10_th5,null_constant,3,29587358,10,1000,5.0,0.0,0.0,inf,False,1,0,41,34,False,0,,5.66,1.0,False,0.479,False,1.0,False,38.73,1.0,False,39.61,95.73
1204,null_const_n10_th5,null_constant,4,29595277,10,1000,5.0,0.0,0.0,inf,False,1,0,2,1,False,0,,1.28,1.0,False,1.0,False,1.0,False,25.52,1.0,False,32.53,68.87
1205,null_const_n10_th5,null_constant,5,29603196,10,1000,5.0,0.0,0.0,inf,False,1,0,10,5,False,0,,4.9,1.0,False,0.75,False,1.0,False,29.89,1.0,False,37.17,82.05
1206,null_const_n10_th5,null_constant,6,29611115,10,1000,5.0,0.0,0.0,inf,False,1,0,11,4,False,0,,6.74,1.0,False,0.992,False,1.0,False,26.03,1.0,False,58.43,104.72
1207,null_const_n10_th5,null_constant,7,29619034,10,1000,5.0,0.0,0.0,inf,False,1,0,20,9,False,0,,5.21,1.0,False,0.137,False,1.0,False,29.53,1.0,False,56.0,103.07
1208,null_const_n10_th5,null_constant,8,29626953,10,1000,5.0,0.0,0.0,inf,False,1,0,12,7,False,0,,5.96,1.0,False,0.96,False,1.0,False,26.81,1.0,False,54.33,100.15
1209,null_const_n10_th5,null_constant,9,29634872,10,1000,5.0,0.0,0.0,inf,False,1,0,16,14,False,0,,5.14,1.0,False,0.973,False,1.0,False,37.0,1.0,False,42.41,93.38
1210,null_const_n10_th5,null_constant,10,29642791,10,1000,5.0,0.0,0.0,inf,False,1,0,32,30,False,0,,6.08,1.0,False,0.231,False,1.0,False,39.89,1.0,False,37.49,96.92
1211,null_const_n10_th5,null_constant,11,29650710,10,1000,5.0,0.0,0.0,inf,False,1,0,20,19,False,0,,8.06,1.0,False,0.544,False,1.0,False,29.57,1.0,False,32.22,82.49
1212,null_const_n10_th5,null_constant,12,29658629,10,1000,5.0,0.0,0.0,inf,False,1,0,23,14,False,0,,5.14,1.0,False,0.124,False,1.0,False,28.69,1.0,False,42.52,88.13
1213,null_const_n10_th5,null_constant,13,29666548,10,1000,5.0,0.0,0.0,inf,False,1,0,12,4,False,0,,5.14,1.0,False,0.295,False,1.0,False,25.69,1.0,False,38.08,80.77
1214,null_const_n10_th5,null_constant,14,29674467,10,1000,5.0,0.0,0.0,inf,False,1,0,9,8,False,0,,5.09,1.0,False,0.613,False,1.0,False,27.0,1.0,False,41.83,84.23
1215,null_const_n10_th5,null_constant,15,29682386,10,1000,5.0,0.0,0.0,inf,False,1,0,8,4,False,0,,4.43,1.0,False,0.99,False,1.0,False,28.13,1.0,False,43.05,85.08
1216,null_const_n10_th5,null_constant,16,29690305,10,1000,5.0,0.0,0.0,inf,False,1,0,7,5,False,0,,4.75,1.0,False,0.974,False,1.0,False,25.18,1.0,False,40.62,80.27
1217,null_const_n10_th5,null_constant,17,29698224,10,1000,5.0,0.0,0.0,inf,False,1,0,12,6,False,0,,7.58,1.0,False,0.788,False,1.0,False,27.58,1.0,False,32.87,78.84
1218,null_const_n10_th5,null_constant,18,29706143,10,1000,5.0,0.0,0.0,inf,False,1,0,5,3,False,0,,4.29,1.0,False,1.0,False,1.0,False,25.28,1.0,False,36.75,76.98
1219,null_const_n10_th5,null_constant,19,29714062,10,1000,5.0,0.0,0.0,inf,False,1,0,2,2,False,0,,1.13,1.0,False,1.0,False,1.0,False,25.52,1.0,False,38.32,74.99
1220,null_const_n10_th5,null_constant,20,29721981,10,1000,5.0,0.0,0.0,inf,False,1,0,15,6,False,0,,4.96,1.0,False,1.0,False,1.0,False,27.33,1.0,False,37.72,80.9
1221,null_const_n10_th5,null_constant,21,29729900,10,1000,5.0,0.0,0.0,inf,False,1,0,9,6,False,0,,3.64,1.0,False,0.368,False,1.0,False,26.64,1.0,False,41.08,82.65
1222,null_const_n10_th5,null_constant,22,29737819,10,1000,5.0,0.0,0.0,inf,False,1,0,6,0,False,0,,4.05,1.0,False,1.0,False,1.0,False,27.72,1.0,False,40.22,82.49
1223,null_const_n10_th5,null_constant,23,29745738,10,1000,5.0,0.0,0.0,inf,False,1,0,24,15,False,0,,6.53,1.0,False,0.353,False,1.0,False,32.43,1.0,False,34.75,84.55
1224,null_const_n10_th5,null_constant,24,29753657,10,1000,5.0,0.0,0.0,inf,False,1,0,17,15,False,0,,6.98,1.0,False,0.042,True,1.0,False,28.9,1.0,False,38.42,84.03
1225,null_const_n10_th5,null_constant,25,29761576,10,1000,5.0,0.0,0.0,inf,False,1,0,17,16,False,0,,5.43,1.0,False,0.411,False,1.0,False,30.14,1.0,False,41.61,88.85
1226,null_const_n10_th5,null_constant,26,29769495,10,1000,5.0,0.0,0.0,inf,False,1,0,14,7,False,0,,4.36,1.0,False,0.281,False,1.0,False,27.04,1.0,False,42.01,84.37
1227,null_const_n10_th5,null_constant,27,29777414,10,1000,5.0,0.0,0.0,inf,False,1,0,2,2,False,0,,1.23,1.0,False,1.0,False,1.0,False,31.2,1.0,False,36.53,79.64
1228,null_const_n10_th5,null_constant,28,29785333,10,1000,5.0,0.0,0.0,inf,False,1,0,30,22,False,0,,6.0,1.0,False,0.733,False,1.0,False,36.41,1.0,False,34.87,88.65
1229,null_const_n10_th5,null_constant,29,29793252,10,1000,5.0,0.0,0.0,inf,False,1,0,3,2,False,0,,5.44,1.0,False,1.0,False,1.0,False,25.1,1.0,False,32.68,74.63
1230,null_const_n10_th5,null_constant,30,29801171,10,1000,5.0,0.0,0.0,inf,False,1,0,30,1,False,0,,5.27,1.0,False,1.0,False,1.0,False,33.12,1.0,False,37.4,90.45
1231,null_const_n10_th5,null_constant,31,29809090,10,1000,5.0,0.0,0.0,inf,False,1,0,6,3,False,0,,3.97,1.0,False,1.0,False,1.0,False,25.62,1.0,False,30.83,69.84
1232,null_const_n10_th5,null_constant,32,29817009,10,1000,5.0,0.0,0.0,inf,False,1,0,12,4,False,0,,5.4,1.0,False,1.0,False,1.0,False,25.32,1.0,False,31.5,72.31
1233,null_const_n10_th5,null_constant,33,29824928,10,1000,5.0,0.0,0.0,inf,False,1,0,20,14,False,0,,6.27,1.0,False,0.948,False,1.0,False,30.45,1.0,False,35.44,82.88
1234,null_const_n10_th5,null_constant,34,29832847,10,1000,5.0,0.0,0.0,inf,False,1,0,20,6,False,0,,6.84,1.0,False,0.952,False,1.0,False,30.8,1.0,False,35.48,83.12
1235,null_const_n10_th5,null_constant,35,29840766,10,1000,5.0,0.0,0.0,inf,False,1,0,9,7,False,0,,4.62,1.0,False,0.482,False,1.0,False,27.32,1.0,False,33.4,75.63
1236,null_const_n10_th5,null_constant,36,29848685,10,1000,5.0,0.0,0.0,inf,False,1,0,12,11,False,0,,5.54,1.0,False,0.911,False,1.0,False,27.92,1.0,False,33.82,77.15
1237,null_const_n10_th5,null_constant,37,29856604,10,1000,5.0,0.0,0.0,inf,False,1,0,39,33,False,0,,6.28,1.0,False,0.303,False,1.0,False,33.45,1.0,False,34.98,85.29
1238,null_const_n10_th5,null_constant,38,29864523,10,1000,5.0,0.0,0.0,inf,False,1,0,8,5,False,0,,5.45,1.0,False,0.95,False,1.0,False,26.04,1.0,False,42.3,86.94
1239,null_const_n10_th5,null_constant,39,29872442,10,1000,5.0,0.0,0.0,inf,False,1,0,12,9,False,0,,5.91,1.0,False,0.73,False,1.0,False,27.46,1.0,False,40.17,85.65
1240,null_const_n10_th5,null_constant,40,29880361,10,1000,5.0,0.0,0.0,inf,False,1,0,7,5,False,0,,2.54,1.0,False,0.967,False,1.0,False,25.22,1.0,False,40.5,80.18
1241,null_const_n10_th5,null_constant,41,29888280,10,1000,5.0,0.0,0.0,inf,False,1,0,8,3,False,0,,6.02,1.0,False,0.979,False,1.0,False,28.12,1.0,False,37.26,81.26
1242,null_const_n10_th5,null_constant,42,29896199,10,1000,5.0,0.0,0.0,inf,False,1,0,15,14,False,0,,5.32,1.0,False,0.799,False,1.0,False,28.8,1.0,False,39.43,84.59
1243,null_const_n10_th5,null_constant,43,29904118,10,1000,5.0,0.0,0.0,inf,False,1,0,3,2,False,0,,1.48,1.0,False,1.0,False,1.0,False,27.21,1.0,False,38.53,78.7
1244,null_const_n10_th5,null_constant,44,29912037,10,1000,5.0,0.0,0.0,inf,False,1,0,9,2,False,0,,6.06,1.0,False,1.0,False,1.0,False,24.89,1.0,False,31.78,73.81
1245,null_const_n10_th5,null_constant,45,29919956,10,1000,5.0,0.0,0.0,inf,False,1,0,9,9,False,0,,4.51,1.0,False,0.427,False,1.0,False,32.81,1.0,False,33.3,81.09
1246,null_const_n10_th5,null_constant,46,29927875,10,1000,5.0,0.0,0.0,inf,False,1,0,5,2,False,0,,1.44,1.0,False,1.0,False,1.0,False,26.22,1.0,False,32.86,70.38
1247,null_const_n10_th5,null_constant,47,29935794,10,1000,5.0,0.0,0.0,inf,False,1,0,9,5,False,0,,4.91,1.0,False,0.991,False,1.0,False,30.81,1.0,False,37.36,84.2
1248,null_const_n10_th5,null_constant,48,29943713,10,1000,5.0,0.0,0.0,inf,False,1,0,4,2,False,0,,2.39,1.0,False,1.0,False,1.0,False,29.85,1.0,False,37.72,81.49
1249,null_const_n10_th5,null_constant,49,29951632,10,1000,5.0,0.0,0.0,inf,False,1,0,6,5,False,0,,4.0,1.0,False,0.814,False,1.0,False,26.64,1.0,False,34.97,76.23
1250,null_const_n10_th10,null_constant,0,29959551,10,1000,10.0,0.0,0.0,inf,False,1,0,38,26,False,0,,7.24,1.0,False,0.236,False,1.0,False,35.24,1.0,False,36.19,91.11
1251,null_const_n10_th10,null_constant,1,29967470,10,1000,10.0,0.0,0.0,inf,False,1,0,18,2,False,0,,6.17,1.0,False,1.0,False,1.0,False,28.14,1.0,False,36.57,83.02
1252,null_const_n10_th10,null_constant,2,29975389,10,1000,10.0,0.0,0.0,inf,False,1,0,25,13,False,0,,7.43,1.0,False,0.527,False,1.0,False,30.69,1.0,False,34.35,82.52
1253,null_const_n10_th10,null_constant,3,29983308,10,1000,10.0,0.0,0.0,inf,False,1,0,27,13,False,0,,7.01,1.0,False,0.53,False,1.0,False,31.69,1.0,False,32.71,83.62
1254,null_const_n10_th10,null_constant,4,29991227,10,1000,10.0,0.0,0.0,inf,False,1,0,35,13,False,0,,7.12,0.264,False,0.031,True,0.532,False,33.91,1.0,False,38.53,91.11
1255,null_const_n10_th10,null_constant,5,29999146,10,1000,10.0,0.0,0.0,inf,False,1,0,36,23,False,0,,6.93,0.898,False,0.95,False,1.0,False,36.17,1.0,False,41.38,95.37
1256,null_const_n10_th10,null_constant,6,30007065,10,1000,10.0,0.0,0.0,inf,False,1,0,22,16,False,0,,5.2,1.0,False,0.503,False,1.0,False,31.63,1.0,False,41.45,90.67
1257,null_const_n10_th10,null_constant,7,30014984,10,1000,10.0,0.0,0.0,inf,False,1,0,23,1,False,0,,5.26,1.0,False,1.0,False,1.0,False,32.18,1.0,False,31.3,79.79
1258,null_const_n10_th10,null_constant,8,30022903,10,1000,10.0,0.0,0.0,inf,False,1,0,12,8,False,0,,6.15,1.0,False,1.0,False,1.0,False,26.85,1.0,False,32.3,75.98
1259,null_const_n10_th10,null_constant,9,30030822,10,1000,10.0,0.0,0.0,inf,False,1,0,37,22,False,0,,6.42,1.0,False,0.06,False,1.0,False,33.72,1.0,False,37.32,88.49
1260,null_const_n10_th10,null_constant,10,30038741,10,1000,10.0,0.0,0.0,inf,False,1,0,22,21,False,0,,5.81,1.0,False,0.306,False,1.0,False,31.26,1.0,False,36.83,85.15
1261,null_const_n10_th10,null_constant,11,30046660,10,1000,10.0,0.0,0.0,inf,False,1,0,20,5,False,0,,7.19,1.0,False,0.206,False,1.0,False,28.86,1.0,False,34.92,80.38
1262,null_const_n10_th10,null_constant,12,30054579,10,1000,10.0,0.0,0.0,inf,False,1,0,45,26,False,0,,5.27,1.0,False,0.978,False,1.0,False,35.35,1.0,False,45.23,97.18
1263,null_const_n10_th10,null_constant,13,30062498,10,1000,10.0,0.0,0.0,inf,False,1,0,19,8,False,0,,6.06,1.0,False,0.886,False,1.0,False,31.78,1.0,False,45.08,93.45
1264,null_const_n10_th10,null_constant,14,30070417,10,1000,10.0,0.0,0.0,inf,False,1,0,27,14,False,0,,7.4,1.0,False,0.927,False,1.0,False,33.16,1.0,False,42.94,93.61
1265,null_const_n10_th10,null_constant,15,30078336,10,1000,10.0,0.0,0.0,inf,False,1,0,34,21,False,0,,6.73,1.0,False,0.966,False,1.0,False,33.51,1.0,False,31.73,82.73
1266,null_const_n10_th10,null_constant,16,30086255,10,1000,10.0,0.0,0.0,inf,False,1,0,92,12,False,0,,7.06,1.0,False,0.98,False,1.0,False,46.03,1.0,False,41.62,107.87
1267,null_const_n10_th10,null_constant,17,30094174,10,1000,10.0,0.0,0.0,inf,False,1,0,23,13,False,0,,5.6,1.0,False,0.838,False,1.0,False,34.92,1.0,False,40.23,93.77
1268,null_const_n10_th10,null_constant,18,30102093,10,1000,10.0,0.0,0.0,inf,False,1,0,57,41,False,0,,6.48,1.0,False,0.732,False,1.0,False,40.55,1.0,False,36.93,94.62
1269,null_const_n10_th10,null_constant,19,30110012,10,1000,10.0,0.0,0.0,inf,False,1,0,23,7,False,0,,7.08,1.0,False,0.035,True,1.0,False,29.16,1.0,False,37.8,86.62
1270,null_const_n10_th10,null_constant,20,30117931,10,1000,10.0,0.0,0.0,inf,False,1,0,25,21,False,0,,6.83,1.0,False,0.38,False,1.0,False,34.35,1.0,False,206.96,261.16
1271,null_const_n10_th10,null_constant,21,30125850,10,1000,10.0,0.0,0.0,inf,False,1,0,41,36,False,0,,6.86,1.0,False,0.184,False,1.0,False,36.93,1.0,False,42.77,98.91
1272,null_const_n10_th10,null_constant,22,30133769,10,1000,10.0,0.0,0.0,inf,False,1,0,26,16,False,0,,6.35,1.0,False,0.704,False,1.0,False,32.14,1.0,False,42.87,93.5
1273,null_const_n10_th10,null_constant,23,30141688,10,1000,10.0,0.0,0.0,inf,False,1,0,23,12,False,0,,6.88,1.0,False,0.276,False,1.0,False,33.75,1.0,False,40.47,92.75
1274,null_const_n10_th10,null_constant,24,30149607,10,1000,10.0,0.0,0.0,inf,False,1,0,13,3,False,0,,5.98,1.0,False,0.946,False,1.0,False,29.09,1.0,False,158.55,207.71
1275,null_const_n10_th10,null_constant,25,30157526,10,1000,10.0,0.0,0.0,inf,False,1,0,9,9,False,0,,5.62,1.0,False,0.413,False,1.0,False,28.2,1.0,False,37.18,82.06
1276,null_const_n10_th10,null_constant,26,30165445,10,1000,10.0,0.0,0.0,inf,False,1,0,30,20,False,0,,6.23,1.0,False,0.817,False,1.0,False,32.1,1.0,False,37.74,87.33
1277,null_const_n10_th10,null_constant,27,30173364,10,1000,10.0,0.0,0.0,inf,False,1,0,16,11,False,0,,6.33,0.664,False,0.991,False,0.88,False,28.32,1.0,False,158.0,208.93
1278,null_const_n10_th10,null_constant,28,30181283,10,1000,10.0,0.0,0.0,inf,False,1,0,32,25,False,0,,5.69,1.0,False,0.898,False,1.0,False,34.55,1.0,False,118.03,171.04
1279,null_const_n10_th10,null_constant,29,30189202,10,1000,10.0,0.0,0.0,inf,False,1,0,30,29,False,0,,7.41,1.0,False,0.474,False,1.0,False,33.05,1.0,False,114.42,167.04
1280,null_const_n10_th10,null_constant,30,30197121,10,1000,10.0,0.0,0.0,inf,False,1,0,45,12,False,0,,5.79,1.0,False,0.507,False,1.0,False,34.41,1.0,False,111.89,164.43
1281,null_const_n10_th10,null_constant,31,30205040,10,1000,10.0,0.0,0.0,inf,False,1,0,23,3,False,0,,5.2,1.0,False,0.4,False,1.0,False,27.67,1.0,False,84.83,129.29
1282,null_const_n10_th10,null_constant,32,30212959,10,1000,10.0,0.0,0.0,inf,False,1,0,14,9,False,0,,5.63,1.0,False,0.636,False,1.0,False,25.17,1.0,False,81.82,123.75
1283,null_const_n10_th10,null_constant,33,30220878,10,1000,10.0,0.0,0.0,inf,False,1,0,28,28,False,0,,5.01,1.0,False,0.298,False,1.0,False,35.53,1.0,False,56.98,111.25
1284,null_const_n10_th10,null_constant,34,30228797,10,1000,10.0,0.0,0.0,inf,False,1,0,47,25,False,0,,7.58,1.0,False,0.4,False,1.0,False,36.45,1.0,False,54.77,111.61
1285,null_const_n10_th10,null_constant,35,30236716,10,1000,10.0,0.0,0.0,inf,False,1,0,16,10,False,0,,4.19,1.0,False,0.717,False,1.0,False,30.23,1.0,False,46.22,90.65
1286,null_const_n10_th10,null_constant,36,30244635,10,1000,10.0,0.0,0.0,inf,False,1,0,18,12,False,0,,5.03,1.0,False,0.883,False,1.0,False,35.73,1.0,False,53.37,104.22
1287,null_const_n10_th10,null_constant,37,30252554,10,1000,10.0,0.0,0.0,inf,False,1,0,37,19,False,0,,5.79,1.0,False,0.675,False,1.0,False,37.37,1.0,False,52.47,107.26
1288,null_const_n10_th10,null_constant,38,30260473,10,1000,10.0,0.0,0.0,inf,False,1,0,13,7,False,0,,5.84,1.0,False,1.0,False,1.0,False,28.85,1.0,False,59.01,106.26
1289,null_const_n10_th10,null_constant,39,30268392,10,1000,10.0,0.0,0.0,inf,False,1,0,31,23,False,0,,5.28,1.0,False,0.969,False,1.0,False,33.36,1.0,False,55.85,105.15
1290,null_const_n10_th10,null_constant,40,30276311,10,1000,10.0,0.0,0.0,inf,False,1,0,12,10,False,0,,5.93,1.0,False,1.0,False,1.0,False,28.39,1.0,False,45.11,90.02
1291,null_const_n10_th10,null_constant,41,30284230,10,1000,10.0,0.0,0.0,inf,False,1,0,16,7,False,0,,4.91,1.0,False,0.156,False,1.0,False,27.15,1.0,False,31.19,74.08
1292,null_const_n10_th10,null_constant,42,30292149,10,1000,10.0,0.0,0.0,inf,False,1,0,34,27,False,0,,5.56,1.0,False,0.942,False,1.0,False,32.26,1.0,False,33.21,83.24
1293,null_const_n10_th10,null_constant,43,30300068,10,1000,10.0,0.0,0.0,inf,False,1,0,25,18,False,0,,5.91,1.0,False,0.825,False,1.0,False,30.55,1.0,False,44.49,93.41
1294,null_const_n10_th10,null_constant,44,30307987,10,1000,10.0,0.0,0.0,inf,False,1,0,17,13,False,0,,5.46,0.264,False,0.918,False,1.0,False,29.55,1.0,False,42.93,90.4
1295,null_const_n10_th10,null_constant,45,30315906,10,1000,10.0,0.0,0.0,inf,False,1,0,32,22,False,0,,6.91,1.0,False,0.277,False,1.0,False,34.08,1.0,False,44.53,96.28
1296,null_const_n10_th10,null_constant,46,30323825,10,1000,10.0,0.0,0.0,inf,False,1,0,76,63,False,0,,5.14,1.0,False,0.612,False,1.0,False,46.06,1.0,False,40.06,103.38
1297,null_const_n10_th10,null_constant,47,30331744,10,1000,10.0,0.0,0.0,inf,False,1,0,19,16,False,0,,6.56,1.0,False,0.177,False,1.0,False,30.32,1.0,False,41.45,90.86
1298,null_const_n10_th10,null_constant,48,30339663,10,1000,10.0,0.0,0.0,inf,False,1,0,56,45,False,0,,5.26,1.0,False,0.693,False,1.0,False,38.35,1.0,False,42.2,99.08
1299,null_const_n10_th10,null_constant,49,30347582,10,1000,10.0,0.0,0.0,inf,False,1,0,21,15,False,0,,6.05,1.0,False,0.718,False,1.0,False,30.53,1.0,False,33.6,81.48
1300,null_const_n10_th20,null_constant,0,30355501,10,1000,20.0,0.0,0.0,inf,False,1,0,62,59,False,0,,7.48,1.0,False,0.591,False,1.0,False,43.08,1.0,False,35.88,98.67
1301,null_const_n10_th20,null_constant,1,30363420,10,1000,20.0,0.0,0.0,inf,False,1,0,68,57,False,0,,6.99,0.856,False,0.001,True,1.0,False,45.51,1.0,False,53.52,121.11
1302,null_const_n10_th20,null_constant,2,30371339,10,1000,20.0,0.0,0.0,inf,False,1,0,95,78,False,0,,8.13,1.0,False,0.91,False,1.0,False,52.33,1.0,False,51.0,124.24
1303,null_const_n10_th20,null_constant,3,30379258,10,1000,20.0,0.0,0.0,inf,False,1,0,74,56,False,0,,6.92,0.602,False,0.303,False,0.531,False,45.67,1.0,False,51.76,118.03
1304,null_const_n10_th20,null_constant,4,30387177,10,1000,20.0,0.0,0.0,inf,False,1,0,36,16,False,0,,7.71,0.646,False,0.712,False,0.674,False,37.81,1.0,False,49.77,108.71
1305,null_const_n10_th20,null_constant,5,30395096,10,1000,20.0,0.0,0.0,inf,False,1,0,48,14,False,0,,5.91,1.0,False,0.325,False,1.0,False,36.54,1.0,False,54.15,108.37
1306,null_const_n10_th20,null_constant,6,30403015,10,1000,20.0,0.0,0.0,inf,False,1,0,61,51,False,0,,7.06,1.0,False,0.281,False,1.0,False,45.29,1.0,False,47.94,112.42
1307,null_const_n10_th20,null_constant,7,30410934,10,1000,20.0,0.0,0.0,inf,False,1,0,51,39,False,0,,6.42,1.0,False,0.282,False,1.0,False,41.67,1.0,False,34.1,93.23
1308,null_const_n10_th20,null_constant,8,30418853,10,1000,20.0,0.0,0.0,inf,False,1,0,34,10,False,0,,6.12,1.0,False,0.378,False,1.0,False,36.16,1.0,False,33.95,87.01
1309,null_const_n10_th20,null_constant,9,30426772,10,1000,20.0,0.0,0.0,inf,False,1,0,89,78,False,0,,5.83,1.0,False,0.475,False,1.0,False,53.9,1.0,False,44.85,117.45
1310,null_const_n10_th20,null_constant,10,30434691,10,1000,20.0,0.0,0.0,inf,False,1,0,28,17,False,0,,5.65,1.0,False,0.039,True,1.0,False,33.23,1.0,False,32.86,82.31
1311,null_const_n10_th20,null_constant,11,30442610,10,1000,20.0,0.0,0.0,inf,False,1,0,77,48,False,0,,5.75,0.19,False,0.021,True,0.147,False,46.7,1.0,False,43.5,107.23
1312,null_const_n10_th20,null_constant,12,30450529,10,1000,20.0,0.0,0.0,inf,False,1,0,57,36,False,0,,5.5,0.951,False,0.296,False,0.814,False,44.84,1.0,False,46.38,108.68
1313,null_const_n10_th20,null_constant,13,30458448,10,1000,20.0,0.0,0.0,inf,False,1,0,49,36,False,0,,6.59,1.0,False,0.043,True,1.0,False,36.52,1.0,False,41.1,96.29
1314,null_const_n10_th20,null_constant,14,30466367,10,1000,20.0,0.0,0.0,inf,False,1,0,42,35,False,0,,5.61,1.0,False,0.994,False,1.0,False,36.14,1.0,False,42.47,96.24
1315,null_const_n10_th20,null_constant,15,30474286,10,1000,20.0,0.0,0.0,inf,False,1,0,82,41,False,0,,6.12,0.246,False,0.642,False,1.0,False,44.55,1.0,False,34.36,97.28
1316,null_const_n10_th20,null_constant,16,30482205,10,1000,20.0,0.0,0.0,inf,False,1,0,54,36,False,0,,6.87,0.575,False,0.067,False,0.019,True,39.59,1.0,False,32.25,89.36
1317,null_const_n10_th20,null_constant,17,30490124,10,1000,20.0,0.0,0.0,inf,False,1,0,61,35,False,0,,8.23,1.0,False,0.736,False,1.0,False,42.04,1.0,False,33.35,94.63
1318,null_const_n10_th20,null_constant,18,30498043,10,1000,20.0,0.0,0.0,inf,False,1,0,120,105,False,0,,6.24,0.902,False,0.866,False,0.24,False,64.87,1.0,False,43.37,126.66
1319,null_const_n10_th20,null_constant,19,30505962,10,1000,20.0,0.0,0.0,inf,False,1,0,32,19,False,0,,6.95,1.0,False,0.501,False,1.0,False,33.6,1.0,False,33.81,86.97
1320,null_const_n10_th20,null_constant,20,30513881,10,1000,20.0,0.0,0.0,inf,False,1,0,37,29,False,0,,7.9,1.0,False,0.983,False,1.0,False,35.42,1.0,False,33.66,88.27
1321,null_const_n10_th20,null_constant,21,30521800,10,1000,20.0,0.0,0.0,inf,False,1,0,82,67,False,0,,6.1,0.501,False,0.078,False,1.0,False,48.14,1.0,False,38.7,105.79
1322,null_const_n10_th20,null_constant,22,30529719,10,1000,20.0,0.0,0.0,inf,False,1,0,50,9,False,0,,7.52,1.0,False,0.37,False,1.0,False,40.11,1.0,False,37.24,96.73
1323,null_const_n10_th20,null_constant,23,30537638,10,1000,20.0,0.0,0.0,inf,False,1,0,58,48,False,0,,9.89,1.0,False,0.265,False,1.0,False,38.84,1.0,False,39.02,101.27
1324,null_const_n10_th20,null_constant,24,30545557,10,1000,20.0,0.0,0.0,inf,False,1,0,35,4,False,0,,7.69,1.0,False,0.931,False,1.0,False,34.43,1.0,False,38.88,95.49
1325,null_const_n10_th20,null_constant,25,30553476,10,1000,20.0,0.0,0.0,inf,False,1,0,49,39,False,0,,10.66,1.0,False,0.505,False,1.0,False,39.19,1.0,False,35.25,98.48
1326,null_const_n10_th20,null_constant,26,30561395,10,1000,20.0,0.0,0.0,inf,False,1,0,34,25,False,0,,5.74,1.0,False,0.38,False,1.0,False,35.16,1.0,False,35.45,89.72
1327,null_const_n10_th20,null_constant,27,30569314,10,1000,20.0,0.0,0.0,inf,False,1,0,34,20,False,0,,6.34,1.0,False,0.232,False,1.0,False,32.14,1.0,False,35.15,86.02
1328,null_const_n10_th20,null_constant,28,30577233,10,1000,20.0,0.0,0.0,inf,False,1,0,53,16,False,0,,6.46,1.0,False,0.393,False,1.0,False,39.74,1.0,False,45.57,104.24
1329,null_const_n10_th20,null_constant,29,30585152,10,1000,20.0,0.0,0.0,inf,False,1,0,35,21,False,0,,5.41,1.0,False,0.623,False,1.0,False,35.92,1.0,False,43.57,97.38
1330,null_const_n10_th20,null_constant,30,30593071,10,1000,20.0,0.0,0.0,inf,False,1,0,26,11,False,0,,5.54,1.0,False,0.024,True,1.0,False,32.28,1.0,False,41.15,90.76
1331,null_const_n10_th20,null_constant,31,30600990,10,1000,20.0,0.0,0.0,inf,False,1,0,50,40,False,0,,5.59,1.0,False,0.818,False,1.0,False,37.05,1.0,False,37.26,90.78
1332,null_const_n10_th20,null_constant,32,30608909,10,1000,20.0,0.0,0.0,inf,False,1,0,46,35,False,0,,6.06,1.0,False,0.186,False,1.0,False,37.03,1.0,False,39.11,94.84
1333,null_const_n10_th20,null_constant,33,30616828,10,1000,20.0,0.0,0.0,inf,False,1,0,112,90,False,0,,6.28,1.0,False,0.09,False,1.0,False,58.99,1.0,False,33.34,109.44
1334,null_const_n10_th20,null_constant,34,30624747,10,1000,20.0,0.0,0.0,inf,False,1,0,42,26,False,0,,7.46,1.0,False,0.555,False,1.0,False,35.98,1.0,False,37.42,93.28
1335,null_const_n10_th20,null_constant,35,30632666,10,1000,20.0,0.0,0.0,inf,False,1,0,38,17,False,0,,9.33,1.0,False,0.173,False,1.0,False,33.81,1.0,False,36.67,91.59
1336,null_const_n10_th20,null_constant,36,30640585,10,1000,20.0,0.0,0.0,inf,False,1,0,13,10,False,0,,8.09,1.0,False,0.373,False,1.0,False,27.45,1.0,False,30.9,79.36
1337,null_const_n10_th20,null_constant,37,30648504,10,1000,20.0,0.0,0.0,inf,False,1,0,25,20,False,0,,5.93,1.0,False,0.76,False,1.0,False,32.01,1.0,False,33.02,84.12
1338,null_const_n10_th20,null_constant,38,30656423,10,1000,20.0,0.0,0.0,inf,False,1,0,56,14,False,0,,6.89,0.757,False,0.489,False,0.922,False,41.38,1.0,False,33.98,93.64
1339,null_const_n10_th20,null_constant,39,30664342,10,1000,20.0,0.0,0.0,inf,False,1,0,95,72,False,0,,7.81,0.159,False,0.561,False,0.15,False,50.98,1.0,False,33.18,104.07
1340,null_const_n10_th20,null_constant,40,30672261,10,1000,20.0,0.0,0.0,inf,False,1,0,59,46,False,0,,5.6,1.0,False,0.323,False,1.0,False,39.92,1.0,False,32.26,89.52
1341,null_const_n10_th20,null_constant,41,30680180,10,1000,20.0,0.0,0.0,inf,False,1,0,30,10,False,0,,5.55,0.5,False,0.139,False,0.066,False,33.5,1.0,False,34.14,84.35
1342,null_const_n10_th20,null_constant,42,30688099,10,1000,20.0,0.0,0.0,inf,False,1,0,45,28,False,0,,7.33,1.0,False,0.175,False,1.0,False,36.28,1.0,False,32.27,88.76
1343,null_const_n10_th20,null_constant,43,30696018,10,1000,20.0,0.0,0.0,inf,False,1,0,34,16,False,0,,6.33,1.0,False,0.801,False,1.0,False,34.1,1.0,False,35.11,86.2
1344,null_const_n10_th20,null_constant,44,30703937,10,1000,20.0,0.0,0.0,inf,False,1,0,40,9,False,0,,6.55,0.156,False,0.932,False,0.233,False,33.68,1.0,False,31.78,83.04
1345,null_const_n10_th20,null_constant,45,30711856,10,1000,20.0,0.0,0.0,inf,False,1,0,35,19,False,0,,6.54,1.0,False,0.986,False,1.0,False,33.73,1.0,False,33.66,84.36
1346,null_const_n10_th20,null_constant,46,30719775,10,1000,20.0,0.0,0.0,inf,False,1,0,27,6,False,0,,7.13,1.0,False,0.338,False,1.0,False,32.98,1.0,False,34.13,85.55
1347,null_const_n10_th20,null_constant,47,30727694,10,1000,20.0,0.0,0.0,inf,False,1,0,61,34,False,0,,7.47,1.0,False,0.3,False,1.0,False,40.89,1.0,False,34.46,94.17
1348,null_const_n10_th20,null_constant,48,30735613,10,1000,20.0,0.0,0.0,inf,False,1,0,60,51,False,0,,6.57,1.0,False,0.587,False,1.0,False,42.26,1.0,False,32.11,91.46
1349,null_const_n10_th20,null_constant,49,30743532,10,1000,20.0,0.0,0.0,inf,False,1,0,62,15,False,0,,7.51,0.791,False,0.192,False,0.466,False,40.99,1.0,False,34.09,94.83
1350,null_const_n50_th5,null_constant,0,30751451,50,1000,5.0,0.0,0.0,inf,False,1,0,20,14,False,0,,42.48,1.0,False,0.923,False,1.0,False,150.35,1.0,False,121.74,329.02
1351,null_const_n50_th5,null_constant,1,30759370,50,1000,5.0,0.0,0.0,inf,False,1,0,10,4,False,0,,39.35,1.0,False,1.0,False,1.0,False,75.47,1.0,False,83.06,210.65
1352,null_const_n50_th5,null_constant,2,30767289,50,1000,5.0,0.0,0.0,inf,False,1,0,36,29,False,0,,38.46,1.0,False,0.142,False,1.0,False,255.99,1.0,False,172.12,485.24
1353,null_const_n50_th5,null_constant,3,30775208,50,1000,5.0,0.0,0.0,inf,False,1,0,16,14,False,0,,44.14,1.0,False,0.716,False,1.0,False,126.61,1.0,False,111.2,295.26
1354,null_const_n50_th5,null_constant,4,30783127,50,1000,5.0,0.0,0.0,inf,False,1,0,13,12,False,0,,41.02,1.0,False,0.978,False,1.0,False,97.4,1.0,False,98.42,250.76
1355,null_const_n50_th5,null_constant,5,30791046,50,1000,5.0,0.0,0.0,inf,False,1,0,36,33,False,0,,42.85,1.0,False,0.951,False,1.0,False,259.37,1.0,False,168.33,484.77
1356,null_const_n50_th5,null_constant,6,30798965,50,1000,5.0,0.0,0.0,inf,False,1,0,20,12,False,0,,37.4,1.0,False,0.649,False,1.0,False,149.65,1.0,False,114.89,316.2
1357,null_const_n50_th5,null_constant,7,30806884,50,1000,5.0,0.0,0.0,inf,False,1,0,35,31,False,0,,40.15,1.0,False,0.399,False,1.0,False,254.06,1.0,False,158.1,465.38
1358,null_const_n50_th5,null_constant,8,30814803,50,1000,5.0,0.0,0.0,inf,False,1,0,34,29,False,0,,45.65,0.86,False,0.635,False,1.0,False,252.1,1.0,False,154.52,466.48
1359,null_const_n50_th5,null_constant,9,30822722,50,1000,5.0,0.0,0.0,inf,False,1,0,25,18,False,0,,44.63,1.0,False,0.738,False,1.0,False,194.74,1.0,False,129.8,382.96
1360,null_const_n50_th5,null_constant,10,30830641,50,1000,5.0,0.0,0.0,inf,False,1,0,48,45,False,0,,51.72,1.0,False,0.593,False,1.0,False,334.6,1.0,False,199.85,602.19
1361,null_const_n50_th5,null_constant,11,30838560,50,1000,5.0,0.0,0.0,inf,False,1,0,20,13,False,0,,47.36,1.0,False,0.683,False,1.0,False,156.41,1.0,False,116.03,334.22
1362,null_const_n50_th5,null_constant,12,30846479,50,1000,5.0,0.0,0.0,inf,False,1,0,10,9,False,0,,38.42,1.0,False,1.0,False,1.0,False,79.19,1.0,False,85.28,216.19
1363,null_const_n50_th5,null_constant,13,30854398,50,1000,5.0,0.0,0.0,inf,False,1,0,33,25,False,0,,42.25,1.0,False,0.809,False,1.0,False,236.5,1.0,False,163.56,460.4
1364,null_const_n50_th5,null_constant,14,30862317,50,1000,5.0,0.0,0.0,inf,False,1,0,30,24,False,0,,45.49,1.0,False,0.04,True,1.0,False,216.33,1.0,False,156.17,430.74
1365,null_const_n50_th5,null_constant,15,30870236,50,1000,5.0,0.0,0.0,inf,False,1,0,32,27,False,0,,38.0,1.0,False,0.84,False,1.0,False,225.55,1.0,False,160.23,438.69
1366,null_const_n50_th5,null_constant,16,30878155,50,1000,5.0,0.0,0.0,inf,False,1,0,42,35,False,0,,39.41,1.0,False,0.012,True,1.0,False,295.0,1.0,False,181.14,528.35
1367,null_const_n50_th5,null_constant,17,30886074,50,1000,5.0,0.0,0.0,inf,False,1,0,15,12,False,0,,47.15,1.0,False,0.785,False,1.0,False,116.38,1.0,False,112.41,294.72
1368,null_const_n50_th5,null_constant,18,30893993,50,1000,5.0,0.0,0.0,inf,False,1,0,22,14,False,0,,45.42,1.0,False,0.796,False,1.0,False,168.17,1.0,False,116.95,343.3
1369,null_const_n50_th5,null_constant,19,30901912,50,1000,5.0,0.0,0.0,inf,False,1,0,44,39,False,0,,37.9,0.253,False,0.873,False,0.716,False,311.88,1.0,False,193.04,557.39
1370,null_const_n50_th5,null_constant,20,30909831,50,1000,5.0,0.0,0.0,inf,False,1,0,40,36,False,0,,48.37,1.0,False,0.461,False,1.0,False,288.62,1.0,False,178.69,531.02
1371,null_const_n50_th5,null_constant,21,30917750,50,1000,5.0,0.0,0.0,inf,False,1,0,18,15,False,0,,33.93,1.0,False,0.407,False,1.0,False,143.67,1.0,False,118.62,308.18
1372,null_const_n50_th5,null_constant,22,30925669,50,1000,5.0,0.0,0.0,inf,False,1,0,18,13,False,0,,39.52,1.0,False,0.415,False,1.0,False,141.06,1.0,False,232.06,427.24
1373,null_const_n50_th5,null_constant,23,30933588,50,1000,5.0,0.0,0.0,inf,False,1,0,12,7,False,0,,34.87,1.0,False,0.386,False,1.0,False,94.83,1.0,False,92.24,234.23
1374,null_const_n50_th5,null_constant,24,30941507,50,1000,5.0,0.0,0.0,inf,False,1,0,28,12,False,0,,37.72,1.0,False,0.893,False,1.0,False,209.75,1.0,False,156.46,417.34
1375,null_const_n50_th5,null_constant,25,30949426,50,1000,5.0,0.0,0.0,inf,False,1,0,39,32,False,0,,41.36,1.0,False,0.298,False,1.0,False,285.04,1.0,False,187.17,528.37
1376,null_const_n50_th5,null_constant,26,30957345,50,1000,5.0,0.0,0.0,inf,False,1,0,18,18,False,0,,38.74,1.0,False,0.827,False,1.0,False,141.25,1.0,False,120.83,313.17
1377,null_const_n50_th5,null_constant,27,30965264,50,1000,5.0,0.0,0.0,inf,False,1,0,17,15,False,0,,40.78,1.0,False,0.283,False,1.0,False,132.21,1.0,False,110.73,296.78
1378,null_const_n50_th5,null_constant,28,30973183,50,1000,5.0,0.0,0.0,inf,False,1,0,25,13,False,0,,32.24,0.335,False,0.307,False,1.0,False,197.6,1.0,False,125.23,370.54
1379,null_const_n50_th5,null_constant,29,30981102,50,1000,5.0,0.0,0.0,inf,False,1,0,16,8,False,0,,45.16,1.0,False,0.676,False,1.0,False,129.79,1.0,False,100.21,286.76
1380,null_const_n50_th5,null_constant,30,30989021,50,1000,5.0,0.0,0.0,inf,False,1,0,14,12,False,0,,36.38,1.0,False,0.803,False,1.0,False,108.1,1.0,False,96.35,253.4
1381,null_const_n50_th5,null_constant,31,30996940,50,1000,5.0,0.0,0.0,inf,False,1,0,12,8,False,0,,42.58,1.0,False,0.974,False,1.0,False,92.44,1.0,False,95.72,243.97
1382,null_const_n50_th5,null_constant,32,31004859,50,1000,5.0,0.0,0.0,inf,False,1,0,14,8,False,0,,38.82,1.0,False,0.958,False,1.0,False,103.59,1.0,False,95.3,249.6
1383,null_const_n50_th5,null_constant,33,31012778,50,1000,5.0,0.0,0.0,inf,False,1,0,24,14,False,0,,36.79,1.0,False,0.985,False,1.0,False,187.41,1.0,False,126.93,364.11
1384,null_const_n50_th5,null_constant,34,31020697,50,1000,5.0,0.0,0.0,inf,False,1,0,19,15,False,0,,44.31,1.0,False,0.902,False,1.0,False,149.56,1.0,False,111.64,318.64
1385,null_const_n50_th5,null_constant,35,31028616,50,1000,5.0,0.0,0.0,inf,False,1,0,18,16,False,0,,37.51,1.0,False,0.99,False,1.0,False,139.02,1.0,False,114.95,305.28
1386,null_const_n50_th5,null_constant,36,31036535,50,1000,5.0,0.0,0.0,inf,False,1,0,19,16,False,0,,32.16,1.0,False,0.268,False,1.0,False,144.8,1.0,False,108.23,296.95
1387,null_const_n50_th5,null_constant,37,31044454,50,1000,5.0,0.0,0.0,inf,False,1,0,12,6,False,0,,33.76,1.0,False,0.321,False,1.0,False,95.29,1.0,False,89.13,230.76
1388,null_const_n50_th5,null_constant,38,31052373,50,1000,5.0,0.0,0.0,inf,False,1,0,24,18,False,0,,37.28,1.0,False,0.762,False,1.0,False,186.74,1.0,False,124.28,360.83
1389,null_const_n50_th5,null_constant,39,31060292,50,1000,5.0,0.0,0.0,inf,False,1,0,16,12,False,0,,36.96,1.0,False,0.85,False,1.0,False,127.43,1.0,False,103.7,279.2
1390,null_const_n50_th5,null_constant,40,31068211,50,1000,5.0,0.0,0.0,inf,False,1,0,12,8,False,0,,33.92,1.0,False,0.972,False,1.0,False,91.19,1.0,False,92.14,229.21
1391,null_const_n50_th5,null_constant,41,31076130,50,1000,5.0,0.0,0.0,inf,False,1,0,18,12,False,0,,38.14,1.0,False,0.881,False,1.0,False,143.8,1.0,False,106.61,301.76
1392,null_const_n50_th5,null_constant,42,31084049,50,1000,5.0,0.0,0.0,inf,False,1,0,15,9,False,0,,37.25,0.433,False,0.976,False,0.958,False,122.67,1.0,False,99.24,272.66
1393,null_const_n50_th5,null_constant,43,31091968,50,1000,5.0,0.0,0.0,inf,False,1,0,25,20,False,0,,35.53,1.0,False,0.865,False,1.0,False,186.96,1.0,False,135.63,370.59
1394,null_const_n50_th5,null_constant,44,31099887,50,1000,5.0,0.0,0.0,inf,False,1,0,26,23,False,0,,37.25,1.0,False,0.25,False,1.0,False,190.55,1.0,False,136.48,376.86
1395,null_const_n50_th5,null_constant,45,31107806,50,1000,5.0,0.0,0.0,inf,False,1,0,48,40,False,0,,51.16,1.0,False,0.738,False,1.0,False,330.54,1.0,False,193.9,588.42
1396,null_const_n50_th5,null_constant,46,31115725,50,1000,5.0,0.0,0.0,inf,False,1,0,35,26,False,0,,40.97,1.0,False,0.095,False,1.0,False,247.36,1.0,False,159.7,461.75
1397,null_const_n50_th5,null_constant,47,31123644,50,1000,5.0,0.0,0.0,inf,False,1,0,15,5,False,0,,37.28,1.0,False,0.645,False,1.0,False,114.12,1.0,False,99.66,264.16
1398,null_const_n50_th5,null_constant,48,31131563,50,1000,5.0,0.0,0.0,inf,False,1,0,46,37,False,0,,33.23,1.0,False,0.427,False,1.0,False,325.2,1.0,False,186.19,556.75
1399,null_const_n50_th5,null_constant,49,31139482,50,1000,5.0,0.0,0.0,inf,False,1,0,13,13,False,0,,37.1,1.0,False,0.292,False,1.0,False,99.13,1.0,False,96.64,245.15
1400,null_const_n50_th10,null_constant,0,31147401,50,1000,10.0,0.0,0.0,inf,False,1,0,38,31,False,0,,43.09,1.0,False,0.883,False,1.0,False,269.52,1.0,False,163.7,488.59
1401,null_const_n50_th10,null_constant,1,31155320,50,1000,10.0,0.0,0.0,inf,False,1,0,44,30,False,0,,41.55,1.0,False,0.999,False,1.0,False,302.47,1.0,False,187.34,546.32
1402,null_const_n50_th10,null_constant,2,31163239,50,1000,10.0,0.0,0.0,inf,False,1,0,37,25,False,0,,33.66,0.124,False,0.616,False,0.66,False,263.34,1.0,False,157.82,468.91
1403,null_const_n50_th10,null_constant,3,31171158,50,1000,10.0,0.0,0.0,inf,False,1,0,40,39,False,0,,35.53,1.0,False,0.695,False,1.0,False,279.84,1.0,False,180.12,509.15
1404,null_const_n50_th10,null_constant,4,31179077,50,1000,10.0,0.0,0.0,inf,False,1,0,33,24,False,0,,38.68,1.0,False,0.452,False,1.0,False,231.51,1.0,False,150.09,432.67
1405,null_const_n50_th10,null_constant,5,31186996,50,1000,10.0,0.0,0.0,inf,False,1,0,42,23,False,0,,35.45,1.0,False,0.505,False,1.0,False,293.67,1.0,False,165.71,507.32
1406,null_const_n50_th10,null_constant,6,31194915,50,1000,10.0,0.0,0.0,inf,False,1,0,55,48,False,0,,40.05,0.238,False,0.945,False,1.0,False,379.63,1.0,False,217.69,650.95
1407,null_const_n50_th10,null_constant,7,31202834,50,1000,10.0,0.0,0.0,inf,False,1,0,46,33,False,0,,40.84,1.0,False,0.96,False,1.0,False,318.47,1.0,False,178.86,554.26
1408,null_const_n50_th10,null_constant,8,31210753,50,1000,10.0,0.0,0.0,inf,False,1,0,32,22,False,0,,34.0,1.0,False,0.682,False,1.0,False,224.81,1.0,False,158.15,429.36
1409,null_const_n50_th10,null_constant,9,31218672,50,1000,10.0,0.0,0.0,inf,False,1,0,53,39,False,0,,40.6,1.0,False,0.981,False,1.0,False,365.62,1.0,False,218.83,637.72
1410,null_const_n50_th10,null_constant,10,31226591,50,1000,10.0,0.0,0.0,inf,False,1,0,39,27,False,0,,34.54,0.842,False,0.638,False,1.0,False,278.09,1.0,False,174.69,500.11
1411,null_const_n50_th10,null_constant,11,31234510,50,1000,10.0,0.0,0.0,inf,False,1,0,30,14,False,0,,36.7,1.0,False,0.401,False,1.0,False,215.7,1.0,False,143.81,408.23
1412,null_const_n50_th10,null_constant,12,31242429,50,1000,10.0,0.0,0.0,inf,False,1,0,45,34,False,0,,30.2,1.0,False,0.263,False,1.0,False,313.04,1.0,False,200.39,555.82
1413,null_const_n50_th10,null_constant,13,31250348,50,1000,10.0,0.0,0.0,inf,False,1,0,26,17,False,0,,39.11,1.0,False,0.367,False,1.0,False,195.32,1.0,False,137.89,385.29
1414,null_const_n50_th10,null_constant,14,31258267,50,1000,10.0,0.0,0.0,inf,False,1,0,69,49,False,0,,38.63,0.241,False,0.907,False,1.0,False,463.27,1.0,False,241.27,757.09
1415,null_const_n50_th10,null_constant,15,31266186,50,1000,10.0,0.0,0.0,inf,False,1,0,40,32,False,0,,42.88,1.0,False,0.27,False,1.0,False,290.63,1.0,False,179.2,526.24
1416,null_const_n50_th10,null_constant,16,31274105,50,1000,10.0,0.0,0.0,inf,False,1,0,83,74,False,0,,41.5,1.0,False,0.464,False,1.0,False,549.36,1.0,False,285.4,890.11
1417,null_const_n50_th10,null_constant,17,31282024,50,1000,10.0,0.0,0.0,inf,False,1,0,36,26,False,0,,39.67,1.0,False,0.645,False,1.0,False,255.78,1.0,False,163.62,472.56
1418,null_const_n50_th10,null_constant,18,31289943,50,1000,10.0,0.0,0.0,inf,False,1,0,23,17,False,0,,33.46,1.0,False,0.719,False,1.0,False,170.38,1.0,False,123.91,340.68
1419,null_const_n50_th10,null_constant,19,31297862,50,1000,10.0,0.0,0.0,inf,False,1,0,46,33,False,0,,35.04,1.0,False,0.283,False,1.0,False,315.4,1.0,False,185.95,550.11
1420,null_const_n50_th10,null_constant,20,31305781,50,1000,10.0,0.0,0.0,inf,False,1,0,45,35,False,0,,33.03,1.0,False,0.867,False,1.0,False,306.03,1.0,False,193.19,544.91
1421,null_const_n50_th10,null_constant,21,31313700,50,1000,10.0,0.0,0.0,inf,False,1,0,43,23,False,0,,33.93,1.0,False,0.574,False,1.0,False,298.9,1.0,False,177.93,522.9
1422,null_const_n50_th10,null_constant,22,31321619,50,1000,10.0,0.0,0.0,inf,False,1,0,75,63,False,0,,35.55,0.0135,True,0.965,False,0.342,False,495.28,1.0,False,295.39,838.62
1423,null_const_n50_th10,null_constant,23,31329538,50,1000,10.0,0.0,0.0,inf,False,1,0,65,55,False,0,,32.93,1.0,False,0.683,False,1.0,False,433.6,1.0,False,257.46,736.42
1424,null_const_n50_th10,null_constant,24,31337457,50,1000,10.0,0.0,0.0,inf,False,1,0,58,36,False,0,,31.59,1.0,False,0.115,False,1.0,False,387.6,1.0,False,225.16,659.53
1425,null_const_n50_th10,null_constant,25,31345376,50,1000,10.0,0.0,0.0,inf,False,1,0,45,36,False,0,,36.2,1.0,False,0.623,False,1.0,False,306.79,1.0,False,191.52,547.32
1426,null_const_n50_th10,null_constant,26,31353295,50,1000,10.0,0.0,0.0,inf,False,1,0,32,26,False,0,,46.35,1.0,False,0.383,False,1.0,False,218.37,1.0,False,149.67,426.51
1427,null_const_n50_th10,null_constant,27,31361214,50,1000,10.0,0.0,0.0,inf,False,1,0,79,57,False,0,,33.88,1.0,False,0.77,False,1.0,False,530.63,1.0,False,287.9,866.1
1428,null_const_n50_th10,null_constant,28,31369133,50,1000,10.0,0.0,0.0,inf,False,1,0,65,59,False,0,,36.93,1.0,False,0.802,False,1.0,False,451.92,1.0,False,236.53,739.42
1429,null_const_n50_th10,null_constant,29,31377052,50,1000,10.0,0.0,0.0,inf,False,1,0,37,32,False,0,,29.8,1.0,False,0.079,False,1.0,False,267.13,1.0,False,161.43,471.31
1430,null_const_n50_th10,null_constant,30,31384971,50,1000,10.0,0.0,0.0,inf,False,1,0,67,44,False,0,,38.85,1.0,False,0.802,False,1.0,False,452.11,1.0,False,243.5,750.11
1431,null_const_n50_th10,null_constant,31,31392890,50,1000,10.0,0.0,0.0,inf,False,1,0,45,43,False,0,,34.52,0.448,False,0.731,False,0.695,False,310.8,1.0,False,189.09,546.71
1432,null_const_n50_th10,null_constant,32,31400809,50,1000,10.0,0.0,0.0,inf,False,1,0,51,32,False,0,,31.03,1.0,False,0.719,False,1.0,False,344.35,1.0,False,203.95,592.57
1433,null_const_n50_th10,null_constant,33,31408728,50,1000,10.0,0.0,0.0,inf,False,1,0,54,44,False,0,,37.54,1.0,False,0.96,False,1.0,False,367.03,1.0,False,208.29,625.1
1434,null_const_n50_th10,null_constant,34,31416647,50,1000,10.0,0.0,0.0,inf,False,1,0,18,13,False,0,,36.3,1.0,False,0.397,False,1.0,False,141.96,1.0,False,104.26,295.07
1435,null_const_n50_th10,null_constant,35,31424566,50,1000,10.0,0.0,0.0,inf,False,1,0,63,52,False,0,,36.79,0.151,False,0.756,False,0.983,False,424.65,1.0,False,252.93,726.66
1436,null_const_n50_th10,null_constant,36,31432485,50,1000,10.0,0.0,0.0,inf,False,1,0,47,34,False,0,,33.43,1.0,False,0.068,False,1.0,False,330.59,1.0,False,206.42,587.84
1437,null_const_n50_th10,null_constant,37,31440404,50,1000,10.0,0.0,0.0,inf,False,1,0,41,34,False,0,,38.16,1.0,False,0.202,False,1.0,False,292.12,1.0,False,189.9,534.45
1438,null_const_n50_th10,null_constant,38,31448323,50,1000,10.0,0.0,0.0,inf,False,1,0,29,19,False,0,,32.87,1.0,False,0.172,False,1.0,False,213.76,1.0,False,145.55,404.78
1439,null_const_n50_th10,null_constant,39,31456242,50,1000,10.0,0.0,0.0,inf,False,1,0,16,12,False,0,,28.71,1.0,False,0.807,False,1.0,False,121.51,1.0,False,106.75,269.18
1440,null_const_n50_th10,null_constant,40,31464161,50,1000,10.0,0.0,0.0,inf,False,1,0,46,35,False,0,,35.47,0.959,False,0.435,False,0.028,True,326.18,1.0,False,182.82,556.9
1441,null_const_n50_th10,null_constant,41,31472080,50,1000,10.0,0.0,0.0,inf,False,1,0,83,64,False,0,,32.45,0.336,False,0.025,True,0.248,False,555.3,1.0,False,306.99,907.33
1442,null_const_n50_th10,null_constant,42,31479999,50,1000,10.0,0.0,0.0,inf,False,1,0,51,35,False,0,,40.74,0.593,False,0.415,False,0.893,False,350.56,1.0,False,197.98,602.8
1443,null_const_n50_th10,null_constant,43,31487918,50,1000,10.0,0.0,0.0,inf,False,1,0,29,28,False,0,,38.08,1.0,False,0.419,False,1.0,False,206.71,1.0,False,125.53,384.13
1444,null_const_n50_th10,null_constant,44,31495837,50,1000,10.0,0.0,0.0,inf,False,1,0,39,30,False,0,,40.68,1.0,False,0.567,False,1.0,False,270.65,1.0,False,162.93,487.14
1445,null_const_n50_th10,null_constant,45,31503756,50,1000,10.0,0.0,0.0,inf,False,1,0,65,52,False,0,,39.52,0.876,False,0.372,False,1.0,False,428.29,1.0,False,242.97,723.79
1446,null_const_n50_th10,null_constant,46,31511675,50,1000,10.0,0.0,0.0,inf,False,1,0,48,24,False,0,,30.66,0.173,False,0.178,False,0.146,False,324.26,1.0,False,181.27,548.98
1447,null_const_n50_th10,null_constant,47,31519594,50,1000,10.0,0.0,0.0,inf,False,1,0,56,41,False,0,,36.4,1.0,False,0.068,False,1.0,False,370.47,1.0,False,224.76,643.84
1448,null_const_n50_th10,null_constant,48,31527513,50,1000,10.0,0.0,0.0,inf,False,1,0,39,29,False,0,,44.11,1.0,False,0.336,False,1.0,False,272.14,1.0,False,177.78,507.17
1449,null_const_n50_th10,null_constant,49,31535432,50,1000,10.0,0.0,0.0,inf,False,1,0,42,33,False,0,,31.0,1.0,False,0.726,False,1.0,False,299.67,1.0,False,182.15,526.06
1450,null_const_n50_th20,null_constant,0,31543351,50,1000,20.0,0.0,0.0,inf,False,1,0,102,72,False,0,,36.7,0.618,False,0.916,False,0.782,False,680.3,1.0,False,365.03,1095.63
1451,null_const_n50_th20,null_constant,1,31551270,50,1000,20.0,0.0,0.0,inf,False,1,0,103,71,False,0,,33.65,0.831,False,0.593,False,0.314,False,688.99,1.0,False,347.79,1083.01
1452,null_const_n50_th20,null_constant,2,31559189,50,1000,20.0,0.0,0.0,inf,False,1,0,119,105,True,1,642,41.24,0.7,False,0.099,False,0.3,False,787.74,1.0,False,407.36,1254.22
1453,null_const_n50_th20,null_constant,3,31567108,50,1000,20.0,0.0,0.0,inf,False,1,0,82,64,False,0,,36.96,1.0,False,0.63,False,1.0,False,531.54,1.0,False,307.8,890.04
1454,null_const_n50_th20,null_constant,4,31575027,50,1000,20.0,0.0,0.0,inf,False,1,0,56,43,False,0,,37.58,0.595,False,0.479,False,0.208,False,367.9,1.0,False,226.0,644.47
1455,null_const_n50_th20,null_constant,5,31582946,50,1000,20.0,0.0,0.0,inf,False,1,0,132,118,False,0,,33.87,0.19,False,0.101,False,0.585,False,880.99,1.0,False,410.93,1339.57
1456,null_const_n50_th20,null_constant,6,31590865,50,1000,20.0,0.0,0.0,inf,False,1,0,83,43,False,0,,31.41,1.0,False,0.387,False,1.0,False,533.88,1.0,False,287.86,867.52
1457,null_const_n50_th20,null_constant,7,31598784,50,1000,20.0,0.0,0.0,inf,False,1,0,83,58,False,0,,36.08,1.0,False,0.529,False,1.0,False,537.14,1.0,False,298.79,885.23
1458,null_const_n50_th20,null_constant,8,31606703,50,1000,20.0,0.0,0.0,inf,False,1,0,119,107,True,1,633,42.37,0.0792,False,0.123,False,0.294,False,811.14,1.0,False,389.39,1258.05
1459,null_const_n50_th20,null_constant,9,31614622,50,1000,20.0,0.0,0.0,inf,False,1,0,65,55,False,0,,32.55,1.0,False,0.261,False,1.0,False,443.92,1.0,False,261.75,751.42
1460,null_const_n50_th20,null_constant,10,31622541,50,1000,20.0,0.0,0.0,inf,False,1,0,67,43,False,0,,40.44,0.0838,False,0.641,False,0.71,False,451.1,1.0,False,246.22,751.44
1461,null_const_n50_th20,null_constant,11,31630460,50,1000,20.0,0.0,0.0,inf,False,1,0,115,34,False,0,,35.75,0.0822,False,0.424,False,0.181,False,769.8,1.0,False,368.69,1189.84
1462,null_const_n50_th20,null_constant,12,31638379,50,1000,20.0,0.0,0.0,inf,False,1,0,129,109,False,0,,34.36,0.244,False,0.31,False,1.0,False,873.84,1.0,False,443.36,1366.82
1463,null_const_n50_th20,null_constant,13,31646298,50,1000,20.0,0.0,0.0,inf,False,1,0,114,100,False,0,,33.8,1.0,False,0.968,False,1.0,False,759.14,1.0,False,401.2,1208.58
1464,null_const_n50_th20,null_constant,14,31654217,50,1000,20.0,0.0,0.0,inf,False,1,0,61,42,False,0,,32.0,1.0,False,0.659,False,1.0,False,414.41,1.0,False,232.65,692.62
1465,null_const_n50_th20,null_constant,15,31662136,50,1000,20.0,0.0,0.0,inf,False,1,0,58,41,False,0,,39.54,1.0,False,0.274,False,1.0,False,398.64,1.0,False,229.31,680.67
1466,null_const_n50_th20,null_constant,16,31670055,50,1000,20.0,0.0,0.0,inf,False,1,0,69,56,False,0,,32.47,1.0,False,0.939,False,1.0,False,476.68,1.0,False,275.97,798.12
1467,null_const_n50_th20,null_constant,17,31677974,50,1000,20.0,0.0,0.0,inf,False,1,0,67,59,False,0,,42.03,1.0,False,0.875,False,1.0,False,463.79,1.0,False,267.92,788.52
1468,null_const_n50_th20,null_constant,18,31685893,50,1000,20.0,0.0,0.0,inf,False,1,0,152,138,False,0,,32.46,0.871,False,0.944,False,0.937,False,1013.7,1.0,False,455.5,1516.77
1469,null_const_n50_th20,null_constant,19,31693812,50,1000,20.0,0.0,0.0,inf,False,1,0,80,61,False,0,,34.88,0.444,False,0.861,False,1.0,False,532.17,1.0,False,288.06,869.51
1470,null_const_n50_th20,null_constant,20,31701731,50,1000,20.0,0.0,0.0,inf,False,1,0,70,57,False,0,,52.06,0.978,False,0.476,False,0.439,False,466.49,1.0,False,265.51,797.52
1471,null_const_n50_th20,null_constant,21,31709650,50,1000,20.0,0.0,0.0,inf,False,1,0,155,131,False,0,,37.25,0.789,False,0.555,False,0.544,False,1018.48,1.0,False,469.1,1540.19
1472,null_const_n50_th20,null_constant,22,31717569,50,1000,20.0,0.0,0.0,inf,False,1,0,51,39,False,0,,32.41,1.0,False,0.504,False,1.0,False,344.05,1.0,False,199.84,589.32
1473,null_const_n50_th20,null_constant,23,31725488,50,1000,20.0,0.0,0.0,inf,False,1,0,65,50,False,0,,35.14,1.0,False,0.96,False,1.0,False,433.45,1.0,False,244.3,727.17
1474,null_const_n50_th20,null_constant,24,31733407,50,1000,20.0,0.0,0.0,inf,False,1,0,109,81,False,0,,30.24,0.559,False,0.829,False,0.544,False,727.09,1.0,False,358.51,1129.25
1475,null_const_n50_th20,null_constant,25,31741326,50,1000,20.0,0.0,0.0,inf,False,1,0,79,64,False,0,,30.6,0.228,False,0.89,False,0.975,False,518.81,1.0,False,282.4,845.08
1476,null_const_n50_th20,null_constant,26,31749245,50,1000,20.0,0.0,0.0,inf,False,1,0,121,105,True,1,400,40.93,0.0652,False,0.321,False,0.499,False,822.47,1.0,False,418.68,1297.07
1477,null_const_n50_th20,null_constant,27,31757164,50,1000,20.0,0.0,0.0,inf,False,1,0,88,72,False,0,,33.72,1.0,False,0.596,False,1.0,False,591.16,1.0,False,315.01,953.8
1478,null_const_n50_th20,null_constant,28,31765083,50,1000,20.0,0.0,0.0,inf,False,1,0,67,55,False,0,,39.21,0.999,False,0.111,False,0.854,False,455.91,1.0,False,251.41,759.89
1479,null_const_n50_th20,null_constant,29,31773002,50,1000,20.0,0.0,0.0,inf,False,1,0,64,44,True,1,424,48.46,0.862,False,0.472,False,0.272,False,437.61,1.0,False,239.7,739.43
1480,null_const_n50_th20,null_constant,30,31780921,50,1000,20.0,0.0,0.0,inf,False,1,0,54,46,False,0,,31.34,1.0,False,0.611,False,1.0,False,381.1,1.0,False,211.4,636.4
1481,null_const_n50_th20,null_constant,31,31788840,50,1000,20.0,0.0,0.0,inf,False,1,0,77,61,False,0,,35.18,1.0,False,0.173,False,1.0,False,510.69,1.0,False,273.62,833.51
1482,null_const_n50_th20,null_constant,32,31796759,50,1000,20.0,0.0,0.0,inf,False,1,0,89,72,False,0,,38.4,0.664,False,0.98,False,1.0,False,583.33,1.0,False,298.94,937.4
1483,null_const_n50_th20,null_constant,33,31804678,50,1000,20.0,0.0,0.0,inf,False,1,0,60,41,False,0,,43.27,1.0,False,0.538,False,1.0,False,399.97,1.0,False,215.63,673.02
1484,null_const_n50_th20,null_constant,34,31812597,50,1000,20.0,0.0,0.0,inf,False,1,0,88,76,False,0,,31.78,0.977,False,0.543,False,1.0,False,578.38,1.0,False,322.71,946.39
1485,null_const_n50_th20,null_constant,35,31820516,50,1000,20.0,0.0,0.0,inf,False,1,0,90,82,False,0,,31.65,1.0,False,0.385,False,1.0,False,587.84,1.0,False,321.03,953.99
1486,null_const_n50_th20,null_constant,36,31828435,50,1000,20.0,0.0,0.0,inf,False,1,0,134,117,False,0,,42.13,0.953,False,0.647,False,1.0,False,903.53,1.0,False,452.99,1413.67
1487,null_const_n50_th20,null_constant,37,31836354,50,1000,20.0,0.0,0.0,inf,False,1,0,112,78,False,0,,36.87,0.228,False,0.584,False,0.354,False,755.55,1.0,False,361.22,1166.83
1488,null_const_n50_th20,null_constant,38,31844273,50,1000,20.0,0.0,0.0,inf,False,1,0,99,83,False,0,,34.53,0.202,False,0.65,False,1.0,False,670.26,1.0,False,328.91,1047.3
1489,null_const_n50_th20,null_constant,39,31852192,50,1000,20.0,0.0,0.0,inf,False,1,0,57,43,False,0,,36.96,1.0,False,0.693,False,1.0,False,379.92,1.0,False,209.3,639.18
1490,null_const_n50_th20,null_constant,40,31860111,50,1000,20.0,0.0,0.0,inf,False,1,0,102,90,False,0,,41.18,0.463,False,0.232,False,0.871,False,684.79,1.0,False,348.41,1088.4
1491,null_const_n50_th20,null_constant,41,31868030,50,1000,20.0,0.0,0.0,inf,False,1,0,153,129,False,0,,36.41,0.518,False,0.058,False,1.0,False,1020.98,1.0,False,497.61,1568.82
1492,null_const_n50_th20,null_constant,42,31875949,50,1000,20.0,0.0,0.0,inf,False,1,0,69,60,False,0,,30.21,1.0,False,0.827,False,1.0,False,466.86,1.0,False,259.32,770.49
1493,null_const_n50_th20,null_constant,43,31883868,50,1000,20.0,0.0,0.0,inf,False,1,0,92,73,False,0,,35.54,1.0,False,0.996,False,1.0,False,613.74,1.0,False,305.33,968.02
1494,null_const_n50_th20,null_constant,44,31891787,50,1000,20.0,0.0,0.0,inf,False,1,0,46,34,False,0,,37.44,1.0,False,0.702,False,1.0,False,321.21,1.0,False,181.35,553.22
1495,null_const_n50_th20,null_constant,45,31899706,50,1000,20.0,0.0,0.0,inf,False,1,0,111,48,False,0,,33.94,0.709,False,0.187,False,0.157,False,740.22,1.0,False,370.52,1158.81
1496,null_const_n50_th20,null_constant,46,31907625,50,1000,20.0,0.0,0.0,inf,False,1,0,85,71,False,0,,35.11,0.754,False,0.413,False,0.331,False,564.26,1.0,False,325.41,938.7
1497,null_const_n50_th20,null_constant,47,31915544,50,1000,20.0,0.0,0.0,inf,False,1,0,67,56,False,0,,36.35,1.0,False,0.82,False,1.0,False,449.11,1.0,False,277.0,776.95
1498,null_const_n50_th20,null_constant,48,31923463,50,1000,20.0,0.0,0.0,inf,False,1,0,76,63,False,0,,38.05,0.143,False,0.888,False,0.844,False,519.47,1.0,False,278.31,849.41
1499,null_const_n50_th20,null_constant,49,31931382,50,1000,20.0,0.0,0.0,inf,False,1,0,57,44,False,0,,38.17,1.0,False,0.546,False,1.0,False,392.89,1.0,False,235.92,681.48
1500,null_growth_n10_th10_beta5,null_growth,0,31939301,10,1000,10.0,0.0,5.0,inf,False,1,0,6,3,False,0,,2.43,1.0,False,1.0,False,1.0,False,30.71,1.0,False,30.84,74.83
1501,null_growth_n10_th10_beta5,null_growth,1,31947220,10,1000,10.0,0.0,5.0,inf,False,1,0,2,1,False,0,,1.23,1.0,False,1.0,False,1.0,False,25.6,1.0,False,34.89,70.72
1502,null_growth_n10_th10_beta5,null_growth,2,31955139,10,1000,10.0,0.0,5.0,inf,False,1,0,16,5,False,0,,5.52,1.0,False,0.766,False,1.0,False,30.59,1.0,False,31.61,77.93
1503,null_growth_n10_th10_beta5,null_growth,3,31963058,10,1000,10.0,0.0,5.0,inf,False,1,0,13,1,False,0,,5.59,1.0,False,1.0,False,1.0,False,31.5,1.0,False,34.09,81.87
1504,null_growth_n10_th10_beta5,null_growth,4,31970977,10,1000,10.0,0.0,5.0,inf,False,1,0,16,12,False,0,,5.81,1.0,False,0.978,False,1.0,False,29.62,1.0,False,39.01,84.56
1505,null_growth_n10_th10_beta5,null_growth,5,31978896,10,1000,10.0,0.0,5.0,inf,False,1,0,4,1,False,0,,1.79,1.0,False,1.0,False,1.0,False,30.66,1.0,False,36.8,78.0
1506,null_growth_n10_th10_beta5,null_growth,6,31986815,10,1000,10.0,0.0,5.0,inf,False,1,0,10,7,False,0,,5.13,1.0,False,1.0,False,1.0,False,29.33,1.0,False,39.25,83.55
1507,null_growth_n10_th10_beta5,null_growth,7,31994734,10,1000,10.0,0.0,5.0,inf,False,1,0,11,6,False,0,,5.01,1.0,False,0.615,False,1.0,False,27.21,1.0,False,38.32,81.04
1508,null_growth_n10_th10_beta5,null_growth,8,32002653,10,1000,10.0,0.0,5.0,inf,False,1,0,15,14,False,0,,5.72,1.0,False,0.759,False,1.0,False,32.06,1.0,False,40.23,89.61
1509,null_growth_n10_th10_beta5,null_growth,9,32010572,10,1000,10.0,0.0,5.0,inf,False,1,0,17,4,False,0,,6.11,1.0,False,0.957,False,1.0,False,30.17,1.0,False,38.02,85.73
1510,null_growth_n10_th10_beta5,null_growth,10,32018491,10,1000,10.0,0.0,5.0,inf,False,1,0,15,7,False,0,,5.48,1.0,False,0.85,False,1.0,False,29.58,1.0,False,35.26,82.92
1511,null_growth_n10_th10_beta5,null_growth,11,32026410,10,1000,10.0,0.0,5.0,inf,False,1,0,4,0,False,0,,3.09,1.0,False,1.0,False,1.0,False,27.88,1.0,False,35.66,79.37
1512,null_growth_n10_th10_beta5,null_growth,12,32034329,10,1000,10.0,0.0,5.0,inf,False,1,0,21,12,False,0,,8.16,1.0,False,0.712,False,1.0,False,31.88,1.0,False,35.79,86.38
1513,null_growth_n10_th10_beta5,null_growth,13,32042248,10,1000,10.0,0.0,5.0,inf,False,1,0,19,11,False,0,,4.38,1.0,False,0.925,False,1.0,False,30.82,1.0,False,33.67,80.04
1514,null_growth_n10_th10_beta5,null_growth,14,32050167,10,1000,10.0,0.0,5.0,inf,False,1,0,18,5,False,0,,5.69,1.0,False,0.8,False,1.0,False,33.49,1.0,False,33.85,83.82
1515,null_growth_n10_th10_beta5,null_growth,15,32058086,10,1000,10.0,0.0,5.0,inf,False,1,0,7,2,False,0,,4.11,1.0,False,1.0,False,1.0,False,27.83,1.0,False,34.1,76.14
1516,null_growth_n10_th10_beta5,null_growth,16,32066005,10,1000,10.0,0.0,5.0,inf,False,1,0,10,3,False,0,,3.08,1.0,False,0.671,False,1.0,False,25.36,1.0,False,32.78,73.05
1517,null_growth_n10_th10_beta5,null_growth,17,32073924,10,1000,10.0,0.0,5.0,inf,False,1,0,14,5,False,0,,5.19,1.0,False,0.091,False,1.0,False,30.64,1.0,False,35.07,83.09
1518,null_growth_n10_th10_beta5,null_growth,18,32081843,10,1000,10.0,0.0,5.0,inf,False,1,0,11,6,False,0,,2.87,1.0,False,0.961,False,1.0,False,25.51,1.0,False,33.8,72.54
1519,null_growth_n10_th10_beta5,null_growth,19,32089762,10,1000,10.0,0.0,5.0,inf,False,1,0,12,8,False,0,,6.59,1.0,False,0.738,False,1.0,False,28.8,1.0,False,35.45,80.96
1520,null_growth_n10_th10_beta5,null_growth,20,32097681,10,1000,10.0,0.0,5.0,inf,False,1,0,21,7,False,0,,8.34,0.231,False,0.871,False,0.083,False,33.26,1.0,False,39.65,92.2
1521,null_growth_n10_th10_beta5,null_growth,21,32105600,10,1000,10.0,0.0,5.0,inf,False,1,0,11,10,False,0,,5.87,1.0,False,0.525,False,1.0,False,29.67,1.0,False,39.04,85.89
1522,null_growth_n10_th10_beta5,null_growth,22,32113519,10,1000,10.0,0.0,5.0,inf,False,1,0,14,10,False,0,,5.64,1.0,False,0.619,False,1.0,False,28.71,1.0,False,35.91,79.82
1523,null_growth_n10_th10_beta5,null_growth,23,32121438,10,1000,10.0,0.0,5.0,inf,False,1,0,9,1,False,0,,5.85,1.0,False,1.0,False,1.0,False,27.15,1.0,False,33.01,75.3
1524,null_growth_n10_th10_beta5,null_growth,24,32129357,10,1000,10.0,0.0,5.0,inf,False,1,0,21,6,False,0,,5.97,1.0,False,0.412,False,1.0,False,31.14,1.0,False,31.84,78.14
1525,null_growth_n10_th10_beta5,null_growth,25,32137276,10,1000,10.0,0.0,5.0,inf,False,1,0,17,7,False,0,,7.61,1.0,False,0.938,False,1.0,False,32.48,1.0,False,40.48,103.28
1526,null_growth_n10_th10_beta5,null_growth,26,32145195,10,1000,10.0,0.0,5.0,inf,False,1,0,10,5,False,0,,5.68,1.0,False,0.815,False,1.0,False,27.34,1.0,False,32.52,77.24
1527,null_growth_n10_th10_beta5,null_growth,27,32153114,10,1000,10.0,0.0,5.0,inf,False,1,0,7,1,False,0,,4.39,1.0,False,1.0,False,1.0,False,27.9,1.0,False,51.66,96.02
1528,null_growth_n10_th10_beta5,null_growth,28,32161033,10,1000,10.0,0.0,5.0,inf,False,1,0,14,7,False,0,,3.87,1.0,False,0.962,False,1.0,False,28.5,1.0,False,49.58,93.5
1529,null_growth_n10_th10_beta5,null_growth,29,32168952,10,1000,10.0,0.0,5.0,inf,False,1,0,12,6,False,0,,5.78,1.0,False,0.063,False,1.0,False,27.68,1.0,False,46.0,90.32
1530,null_growth_n10_th10_beta5,null_growth,30,32176871,10,1000,10.0,0.0,5.0,inf,False,1,0,18,2,False,0,,5.68,1.0,False,1.0,False,1.0,False,28.59,1.0,False,43.71,88.72
1531,null_growth_n10_th10_beta5,null_growth,31,32184790,10,1000,10.0,0.0,5.0,inf,False,1,0,3,3,False,0,,2.94,1.0,False,1.0,False,1.0,False,29.63,1.0,False,32.53,78.86
1532,null_growth_n10_th10_beta5,null_growth,32,32192709,10,1000,10.0,0.0,5.0,inf,False,1,0,10,7,False,0,,6.72,1.0,False,0.874,False,1.0,False,32.28,1.0,False,35.36,83.65
1533,null_growth_n10_th10_beta5,null_growth,33,32200628,10,1000,10.0,0.0,5.0,inf,False,1,0,15,6,False,0,,10.46,1.0,False,0.98,False,1.0,False,28.72,1.0,False,34.49,84.95
1534,null_growth_n10_th10_beta5,null_growth,34,32208547,10,1000,10.0,0.0,5.0,inf,False,1,0,15,10,False,0,,6.34,1.0,False,0.699,False,1.0,False,32.28,1.0,False,36.02,85.62
1535,null_growth_n10_th10_beta5,null_growth,35,32216466,10,1000,10.0,0.0,5.0,inf,False,1,0,15,7,False,0,,5.42,1.0,False,0.166,False,1.0,False,28.83,1.0,False,40.07,85.06
1536,null_growth_n10_th10_beta5,null_growth,36,32224385,10,1000,10.0,0.0,5.0,inf,False,1,0,11,8,False,0,,4.98,1.0,False,0.403,False,1.0,False,27.52,1.0,False,40.93,87.2
1537,null_growth_n10_th10_beta5,null_growth,37,32232304,10,1000,10.0,0.0,5.0,inf,False,1,0,9,5,False,0,,5.14,1.0,False,0.598,False,1.0,False,28.19,1.0,False,43.2,87.85
1538,null_growth_n10_th10_beta5,null_growth,38,32240223,10,1000,10.0,0.0,5.0,inf,False,1,0,9,2,False,0,,2.96,1.0,False,1.0,False,1.0,False,28.52,1.0,False,44.44,87.02
1539,null_growth_n10_th10_beta5,null_growth,39,32248142,10,1000,10.0,0.0,5.0,inf,False,1,0,3,2,False,0,,1.87,1.0,False,1.0,False,1.0,False,25.14,1.0,False,39.27,77.07
1540,null_growth_n10_th10_beta5,null_growth,40,32256061,10,1000,10.0,0.0,5.0,inf,False,1,0,24,17,False,0,,5.77,1.0,False,0.663,False,1.0,False,33.31,1.0,False,34.5,84.48
1541,null_growth_n10_th10_beta5,null_growth,41,32263980,10,1000,10.0,0.0,5.0,inf,False,1,0,6,2,False,0,,5.39,1.0,False,1.0,False,1.0,False,27.03,1.0,False,33.59,77.28
1542,null_growth_n10_th10_beta5,null_growth,42,32271899,10,1000,10.0,0.0,5.0,inf,False,1,0,17,10,False,0,,6.31,1.0,False,0.643,False,1.0,False,30.63,1.0,False,36.56,85.25
1543,null_growth_n10_th10_beta5,null_growth,43,32279818,10,1000,10.0,0.0,5.0,inf,False,1,0,16,10,False,0,,6.05,1.0,False,0.406,False,1.0,False,31.0,1.0,False,39.61,87.18
1544,null_growth_n10_th10_beta5,null_growth,44,32287737,10,1000,10.0,0.0,5.0,inf,False,1,0,18,12,False,0,,6.56,1.0,False,0.97,False,1.0,False,29.58,1.0,False,37.76,84.51
1545,null_growth_n10_th10_beta5,null_growth,45,32295656,10,1000,10.0,0.0,5.0,inf,False,1,0,21,9,False,0,,4.86,1.0,False,0.324,False,1.0,False,30.42,1.0,False,44.78,91.24
1546,null_growth_n10_th10_beta5,null_growth,46,32303575,10,1000,10.0,0.0,5.0,inf,False,1,0,17,4,False,0,,5.35,1.0,False,0.769,False,1.0,False,32.82,1.0,False,44.26,92.51
1547,null_growth_n10_th10_beta5,null_growth,47,32311494,10,1000,10.0,0.0,5.0,inf,False,1,0,23,10,False,0,,5.82,1.0,False,0.062,False,1.0,False,29.94,1.0,False,41.31,88.62
1548,null_growth_n10_th10_beta5,null_growth,48,32319413,10,1000,10.0,0.0,5.0,inf,False,1,0,10,4,False,0,,6.74,1.0,False,0.742,False,1.0,False,32.59,1.0,False,32.88,82.3
1549,null_growth_n10_th10_beta5,null_growth,49,32327332,10,1000,10.0,0.0,5.0,inf,False,1,0,13,8,False,0,,5.5,1.0,False,0.528,False,1.0,False,32.14,1.0,False,34.43,81.91
1550,null_growth_n10_th10_beta20,null_growth,0,32335251,10,1000,10.0,0.0,20.0,inf,False,1,0,8,3,False,0,,5.91,1.0,False,0.874,False,1.0,False,30.52,1.0,False,34.24,80.74
1551,null_growth_n10_th10_beta20,null_growth,1,32343170,10,1000,10.0,0.0,20.0,inf,False,1,0,5,3,False,0,,4.2,1.0,False,1.0,False,1.0,False,25.09,1.0,False,36.08,78.13
1552,null_growth_n10_th10_beta20,null_growth,2,32351089,10,1000,10.0,0.0,20.0,inf,False,1,0,3,1,False,0,,2.34,1.0,False,1.0,False,1.0,False,26.99,1.0,False,37.09,77.24
1553,null_growth_n10_th10_beta20,null_growth,3,32359008,10,1000,10.0,0.0,20.0,inf,False,1,0,6,6,False,0,,5.05,1.0,False,1.0,False,1.0,False,26.92,1.0,False,42.53,85.82
1554,null_growth_n10_th10_beta20,null_growth,4,32366927,10,1000,10.0,0.0,20.0,inf,False,1,0,9,6,False,0,,5.52,1.0,False,0.753,False,1.0,False,29.96,1.0,False,39.17,85.64
1555,null_growth_n10_th10_beta20,null_growth,5,32374846,10,1000,10.0,0.0,20.0,inf,False,1,0,2,1,False,0,,2.77,1.0,False,1.0,False,1.0,False,26.24,1.0,False,41.91,82.41
1556,null_growth_n10_th10_beta20,null_growth,6,32382765,10,1000,10.0,0.0,20.0,inf,False,1,0,6,2,False,0,,4.52,1.0,False,1.0,False,1.0,False,27.91,1.0,False,39.0,91.09
1557,null_growth_n10_th10_beta20,null_growth,7,32390684,10,1000,10.0,0.0,20.0,inf,False,1,0,2,1,False,0,,2.82,1.0,False,1.0,False,1.0,False,25.38,1.0,False,35.48,74.6
1558,null_growth_n10_th10_beta20,null_growth,8,32398603,10,1000,10.0,0.0,20.0,inf,False,1,0,4,1,False,0,,4.27,1.0,False,1.0,False,1.0,False,28.87,1.0,False,35.86,79.45
1559,null_growth_n10_th10_beta20,null_growth,9,32406522,10,1000,10.0,0.0,20.0,inf,False,1,0,6,3,False,0,,2.92,1.0,False,1.0,False,1.0,False,27.85,1.0,False,36.89,78.32
1560,null_growth_n10_th10_beta20,null_growth,10,32414441,10,1000,10.0,0.0,20.0,inf,False,1,0,3,2,False,0,,4.38,1.0,False,1.0,False,1.0,False,27.76,1.0,False,34.41,79.09
1561,null_growth_n10_th10_beta20,null_growth,11,32422360,10,1000,10.0,0.0,20.0,inf,False,1,0,6,4,False,0,,5.18,1.0,False,0.78,False,1.0,False,29.44,1.0,False,42.56,87.96
1562,null_growth_n10_th10_beta20,null_growth,12,32430279,10,1000,10.0,0.0,20.0,inf,False,1,0,10,6,False,0,,4.79,1.0,False,1.0,False,1.0,False,27.53,1.0,False,42.23,85.37
1563,null_growth_n10_th10_beta20,null_growth,13,32438198,10,1000,10.0,0.0,20.0,inf,False,1,0,8,3,False,0,,5.24,1.0,False,0.99,False,1.0,False,28.24,1.0,False,40.53,86.15
1564,null_growth_n10_th10_beta20,null_growth,14,32446117,10,1000,10.0,0.0,20.0,inf,False,1,0,5,2,False,0,,3.47,1.0,False,1.0,False,1.0,False,29.03,1.0,False,38.3,80.97
1565,null_growth_n10_th10_beta20,null_growth,15,32454036,10,1000,10.0,0.0,20.0,inf,False,1,0,1,0,False,0,,1.05,1.0,False,1.0,False,1.0,False,28.97,1.0,False,38.89,79.24
1566,null_growth_n10_th10_beta20,null_growth,16,32461955,10,1000,10.0,0.0,20.0,inf,False,1,0,9,6,False,0,,5.19,1.0,False,0.509,False,1.0,False,28.97,1.0,False,35.8,82.01
1567,null_growth_n10_th10_beta20,null_growth,17,32469874,10,1000,10.0,0.0,20.0,inf,False,1,0,1,0,False,0,,1.23,1.0,False,1.0,False,1.0,False,27.44,1.0,False,38.25,78.1
1568,null_growth_n10_th10_beta20,null_growth,18,32477793,10,1000,10.0,0.0,20.0,inf,False,1,0,5,4,False,0,,1.58,1.0,False,1.0,False,1.0,False,25.68,1.0,False,38.9,79.63
1569,null_growth_n10_th10_beta20,null_growth,19,32485712,10,1000,10.0,0.0,20.0,inf,False,1,0,7,1,False,0,,3.94,1.0,False,1.0,False,1.0,False,27.73,1.0,False,36.38,79.18
1570,null_growth_n10_th10_beta20,null_growth,20,32493631,10,1000,10.0,0.0,20.0,inf,False,1,0,5,1,False,0,,2.15,1.0,False,1.0,False,1.0,False,26.87,1.0,False,36.72,77.76
1571,null_growth_n10_th10_beta20,null_growth,21,32501550,10,1000,10.0,0.0,20.0,inf,False,1,0,15,4,False,0,,4.42,1.0,False,0.561,False,1.0,False,34.0,1.0,False,38.13,88.25
1572,null_growth_n10_th10_beta20,null_growth,22,32509469,10,1000,10.0,0.0,20.0,inf,False,1,0,11,4,False,0,,5.12,1.0,False,0.461,False,1.0,False,29.83,1.0,False,38.75,84.41
1573,null_growth_n10_th10_beta20,null_growth,23,32517388,10,1000,10.0,0.0,20.0,inf,False,1,0,6,4,False,0,,6.49,1.0,False,1.0,False,1.0,False,27.36,1.0,False,39.93,84.88
1574,null_growth_n10_th10_beta20,null_growth,24,32525307,10,1000,10.0,0.0,20.0,inf,False,1,0,3,0,False,0,,3.08,1.0,False,1.0,False,1.0,False,28.53,1.0,False,43.27,86.34
1575,null_growth_n10_th10_beta20,null_growth,25,32533226,10,1000,10.0,0.0,20.0,inf,False,1,0,1,1,False,0,,1.33,1.0,False,1.0,False,1.0,False,25.51,1.0,False,38.52,76.44
1576,null_growth_n10_th10_beta20,null_growth,26,32541145,10,1000,10.0,0.0,20.0,inf,False,1,0,8,2,False,0,,3.14,1.0,False,1.0,False,1.0,False,26.02,1.0,False,36.91,77.33
1577,null_growth_n10_th10_beta20,null_growth,27,32549064,10,1000,10.0,0.0,20.0,inf,False,1,0,4,1,False,0,,1.96,1.0,False,1.0,False,1.0,False,25.72,1.0,False,30.91,68.66
1578,null_growth_n10_th10_beta20,null_growth,28,32556983,10,1000,10.0,0.0,20.0,inf,False,1,0,4,2,False,0,,3.07,1.0,False,1.0,False,1.0,False,27.0,1.0,False,33.95,75.17
1579,null_growth_n10_th10_beta20,null_growth,29,32564902,10,1000,10.0,0.0,20.0,inf,False,1,0,6,4,False,0,,3.03,1.0,False,0.814,False,1.0,False,29.76,1.0,False,39.76,87.78
1580,null_growth_n10_th10_beta20,null_growth,30,32572821,10,1000,10.0,0.0,20.0,inf,False,1,0,3,0,False,0,,2.6,1.0,False,1.0,False,1.0,False,27.09,1.0,False,39.34,81.49
1581,null_growth_n10_th10_beta20,null_growth,31,32580740,10,1000,10.0,0.0,20.0,inf,False,1,0,11,3,False,0,,4.47,1.0,False,0.991,False,1.0,False,27.8,1.0,False,39.78,82.28
1582,null_growth_n10_th10_beta20,null_growth,32,32588659,10,1000,10.0,0.0,20.0,inf,False,1,0,11,8,False,0,,5.45,1.0,False,0.988,False,1.0,False,28.88,1.0,False,40.34,86.5
1583,null_growth_n10_th10_beta20,null_growth,33,32596578,10,1000,10.0,0.0,20.0,inf,False,1,0,6,2,False,0,,4.33,1.0,False,1.0,False,1.0,False,26.56,1.0,False,40.72,81.37
1584,null_growth_n10_th10_beta20,null_growth,34,32604497,10,1000,10.0,0.0,20.0,inf,False,1,0,10,4,False,0,,4.41,1.0,False,0.898,False,1.0,False,26.64,1.0,False,40.85,82.62
1585,null_growth_n10_th10_beta20,null_growth,35,32612416,10,1000,10.0,0.0,20.0,inf,False,1,0,18,11,False,0,,5.48,1.0,False,0.825,False,1.0,False,29.72,1.0,False,33.16,80.2
1586,null_growth_n10_th10_beta20,null_growth,36,32620335,10,1000,10.0,0.0,20.0,inf,False,1,0,8,1,False,0,,4.4,1.0,False,1.0,False,1.0,False,26.59,1.0,False,34.18,75.82
1587,null_growth_n10_th10_beta20,null_growth,37,32628254,10,1000,10.0,0.0,20.0,inf,False,1,0,4,3,False,0,,1.77,1.0,False,1.0,False,1.0,False,28.67,1.0,False,37.88,80.24
1588,null_growth_n10_th10_beta20,null_growth,38,32636173,10,1000,10.0,0.0,20.0,inf,False,1,0,5,4,False,0,,3.45,1.0,False,1.0,False,1.0,False,28.02,1.0,False,39.45,80.96
1589,null_growth_n10_th10_beta20,null_growth,39,32644092,10,1000,10.0,0.0,20.0,inf,False,1,0,10,1,False,0,,5.54,1.0,False,1.0,False,1.0,False,29.03,1.0,False,39.35,83.95
1590,null_growth_n10_th10_beta20,null_growth,40,32652011,10,1000,10.0,0.0,20.0,inf,False,1,0,7,3,False,0,,6.17,1.0,False,1.0,False,1.0,False,28.13,1.0,False,39.73,85.52
1591,null_growth_n10_th10_beta20,null_growth,41,32659930,10,1000,10.0,0.0,20.0,inf,False,1,0,5,1,False,0,,4.21,1.0,False,1.0,False,1.0,False,28.45,1.0,False,41.84,84.15
1592,null_growth_n10_th10_beta20,null_growth,42,32667849,10,1000,10.0,0.0,20.0,inf,False,1,0,8,4,False,0,,4.46,1.0,False,0.993,False,1.0,False,25.36,1.0,False,41.56,81.97
1593,null_growth_n10_th10_beta20,null_growth,43,32675768,10,1000,10.0,0.0,20.0,inf,False,1,0,8,5,False,0,,5.12,1.0,False,0.92,False,1.0,False,26.07,1.0,False,38.47,78.82
1594,null_growth_n10_th10_beta20,null_growth,44,32683687,10,1000,10.0,0.0,20.0,inf,False,1,0,9,4,False,0,,5.21,1.0,False,0.814,False,1.0,False,27.64,1.0,False,35.61,79.28
1595,null_growth_n10_th10_beta20,null_growth,45,32691606,10,1000,10.0,0.0,20.0,inf,False,1,0,1,0,False,0,,1.18,1.0,False,1.0,False,1.0,False,28.18,1.0,False,34.4,76.28
1596,null_growth_n10_th10_beta20,null_growth,46,32699525,10,1000,10.0,0.0,20.0,inf,False,1,0,7,2,False,0,,4.49,1.0,False,1.0,False,1.0,False,27.59,1.0,False,34.25,77.16
1597,null_growth_n10_th10_beta20,null_growth,47,32707444,10,1000,10.0,0.0,20.0,inf,False,1,0,10,3,False,0,,5.03,1.0,False,1.0,False,1.0,False,28.24,1.0,False,33.14,78.58
1598,null_growth_n10_th10_beta20,null_growth,48,32715363,10,1000,10.0,0.0,20.0,inf,False,1,0,4,3,False,0,,2.95,1.0,False,1.0,False,1.0,False,25.8,1.0,False,39.43,78.36
1599,null_growth_n10_th10_beta20,null_growth,49,32723282,10,1000,10.0,0.0,20.0,inf,False,1,0,4,1,False,0,,3.43,1.0,False,1.0,False,1.0,False,24.12,1.0,False,37.71,77.15
1600,null_growth_n10_th20_beta5,null_growth,0,32731201,10,1000,20.0,0.0,5.0,inf,False,1,0,23,14,False,0,,6.94,1.0,False,0.22,False,1.0,False,33.31,1.0,False,41.64,93.8
1601,null_growth_n10_th20_beta5,null_growth,1,32739120,10,1000,20.0,0.0,5.0,inf,False,1,0,14,12,False,0,,5.33,1.0,False,0.593,False,1.0,False,27.36,1.0,False,34.69,78.08
1602,null_growth_n10_th20_beta5,null_growth,2,32747039,10,1000,20.0,0.0,5.0,inf,False,1,0,27,15,False,0,,5.55,1.0,False,0.403,False,1.0,False,31.62,1.0,False,39.28,86.55
1603,null_growth_n10_th20_beta5,null_growth,3,32754958,10,1000,20.0,0.0,5.0,inf,False,1,0,19,10,False,0,,5.19,1.0,False,0.32,False,1.0,False,30.61,1.0,False,34.72,81.06
1604,null_growth_n10_th20_beta5,null_growth,4,32762877,10,1000,20.0,0.0,5.0,inf,False,1,0,31,18,False,0,,5.49,1.0,False,0.256,False,1.0,False,33.47,1.0,False,33.48,83.04
1605,null_growth_n10_th20_beta5,null_growth,5,32770796,10,1000,20.0,0.0,5.0,inf,False,1,0,20,15,False,0,,6.4,0.367,False,0.317,False,0.979,False,31.72,1.0,False,36.02,87.49
1606,null_growth_n10_th20_beta5,null_growth,6,32778715,10,1000,20.0,0.0,5.0,inf,False,1,0,28,13,False,0,,6.34,1.0,False,0.623,False,1.0,False,32.8,1.0,False,37.56,89.06
1607,null_growth_n10_th20_beta5,null_growth,7,32786634,10,1000,20.0,0.0,5.0,inf,False,1,0,20,11,False,0,,5.5,1.0,False,0.097,False,1.0,False,29.39,1.0,False,32.01,77.15
1608,null_growth_n10_th20_beta5,null_growth,8,32794553,10,1000,20.0,0.0,5.0,inf,False,1,0,22,7,False,0,,5.5,1.0,False,0.996,False,1.0,False,31.24,1.0,False,34.7,82.57
1609,null_growth_n10_th20_beta5,null_growth,9,32802472,10,1000,20.0,0.0,5.0,inf,False,1,0,25,19,False,0,,7.96,1.0,False,0.805,False,1.0,False,32.77,1.0,False,35.72,86.15
1610,null_growth_n10_th20_beta5,null_growth,10,32810391,10,1000,20.0,0.0,5.0,inf,False,1,0,19,3,False,0,,4.98,1.0,False,0.724,False,1.0,False,29.89,1.0,False,35.94,80.47
1611,null_growth_n10_th20_beta5,null_growth,11,32818310,10,1000,20.0,0.0,5.0,inf,False,1,0,22,15,False,0,,6.72,1.0,False,0.802,False,1.0,False,30.42,1.0,False,34.42,84.14
1612,null_growth_n10_th20_beta5,null_growth,12,32826229,10,1000,20.0,0.0,5.0,inf,False,1,0,6,2,False,0,,4.21,1.0,False,1.0,False,1.0,False,25.67,1.0,False,34.72,76.17
1613,null_growth_n10_th20_beta5,null_growth,13,32834148,10,1000,20.0,0.0,5.0,inf,False,1,0,25,20,False,0,,5.8,1.0,False,0.087,False,1.0,False,33.89,1.0,False,37.58,87.09
1614,null_growth_n10_th20_beta5,null_growth,14,32842067,10,1000,20.0,0.0,5.0,inf,False,1,0,27,9,False,0,,6.03,1.0,False,0.854,False,1.0,False,31.92,1.0,False,33.96,82.81
1615,null_growth_n10_th20_beta5,null_growth,15,32849986,10,1000,20.0,0.0,5.0,inf,False,1,0,20,8,False,0,,6.56,1.0,False,0.502,False,1.0,False,29.96,1.0,False,35.65,84.97
1616,null_growth_n10_th20_beta5,null_growth,16,32857905,10,1000,20.0,0.0,5.0,inf,False,1,0,35,22,False,0,,6.1,1.0,False,0.818,False,1.0,False,32.32,1.0,False,36.11,84.05
1617,null_growth_n10_th20_beta5,null_growth,17,32865824,10,1000,20.0,0.0,5.0,inf,False,1,0,17,4,False,0,,6.95,1.0,False,0.734,False,1.0,False,29.62,1.0,False,34.32,81.75
1618,null_growth_n10_th20_beta5,null_growth,18,32873743,10,1000,20.0,0.0,5.0,inf,False,1,0,25,7,False,0,,7.91,1.0,False,0.594,False,1.0,False,34.11,1.0,False,37.88,91.28
1619,null_growth_n10_th20_beta5,null_growth,19,32881662,10,1000,20.0,0.0,5.0,inf,False,1,0,18,12,False,0,,5.99,1.0,False,0.965,False,1.0,False,30.65,1.0,False,35.17,81.82
1620,null_growth_n10_th20_beta5,null_growth,20,32889581,10,1000,20.0,0.0,5.0,inf,False,1,0,22,7,False,0,,6.3,0.943,False,0.936,False,1.0,False,32.59,1.0,False,37.85,87.06
1621,null_growth_n10_th20_beta5,null_growth,21,32897500,10,1000,20.0,0.0,5.0,inf,False,1,0,19,5,False,0,,6.82,1.0,False,0.379,False,1.0,False,33.65,1.0,False,35.27,86.97
1622,null_growth_n10_th20_beta5,null_growth,22,32905419,10,1000,20.0,0.0,5.0,inf,False,1,0,13,1,False,0,,6.83,1.0,False,1.0,False,1.0,False,27.53,1.0,False,33.21,81.09
1623,null_growth_n10_th20_beta5,null_growth,23,32913338,10,1000,20.0,0.0,5.0,inf,False,1,0,29,17,False,0,,5.87,1.0,False,0.602,False,1.0,False,32.83,1.0,False,38.67,88.88
1624,null_growth_n10_th20_beta5,null_growth,24,32921257,10,1000,20.0,0.0,5.0,inf,False,1,0,23,14,False,0,,7.42,1.0,False,0.123,False,1.0,False,30.0,1.0,False,42.18,91.44
1625,null_growth_n10_th20_beta5,null_growth,25,32929176,10,1000,20.0,0.0,5.0,inf,False,1,0,10,1,False,0,,3.43,1.0,False,1.0,False,1.0,False,27.24,1.0,False,41.54,82.61
1626,null_growth_n10_th20_beta5,null_growth,26,32937095,10,1000,20.0,0.0,5.0,inf,False,1,0,24,16,False,0,,5.41,1.0,False,0.668,False,1.0,False,34.27,1.0,False,37.59,90.1
1627,null_growth_n10_th20_beta5,null_growth,27,32945014,10,1000,20.0,0.0,5.0,inf,False,1,0,31,19,False,0,,6.47,1.0,False,0.967,False,1.0,False,33.33,1.0,False,39.77,89.58
1628,null_growth_n10_th20_beta5,null_growth,28,32952933,10,1000,20.0,0.0,5.0,inf,False,1,0,18,12,False,0,,6.16,1.0,False,0.884,False,1.0,False,30.61,1.0,False,38.68,86.31
1629,null_growth_n10_th20_beta5,null_growth,29,32960852,10,1000,20.0,0.0,5.0,inf,False,1,0,10,5,False,0,,5.91,1.0,False,1.0,False,1.0,False,28.99,1.0,False,35.13,82.02
1630,null_growth_n10_th20_beta5,null_growth,30,32968771,10,1000,20.0,0.0,5.0,inf,False,1,0,35,14,False,0,,6.81,1.0,False,0.631,False,1.0,False,33.57,1.0,False,31.88,81.66
1631,null_growth_n10_th20_beta5,null_growth,31,32976690,10,1000,20.0,0.0,5.0,inf,False,1,0,20,6,False,0,,6.0,1.0,False,0.158,False,1.0,False,31.36,1.0,False,35.08,83.07
1632,null_growth_n10_th20_beta5,null_growth,32,32984609,10,1000,20.0,0.0,5.0,inf,False,1,0,31,22,False,0,,5.87,1.0,False,0.832,False,1.0,False,34.01,1.0,False,43.2,95.17
1633,null_growth_n10_th20_beta5,null_growth,33,32992528,10,1000,20.0,0.0,5.0,inf,False,1,0,31,17,False,0,,5.18,1.0,False,0.527,False,1.0,False,33.34,1.0,False,41.65,92.92
1634,null_growth_n10_th20_beta5,null_growth,34,33000447,10,1000,20.0,0.0,5.0,inf,False,1,0,34,13,False,0,,5.63,1.0,False,0.081,False,1.0,False,36.55,1.0,False,40.81,95.19
1635,null_growth_n10_th20_beta5,null_growth,35,33008366,10,1000,20.0,0.0,5.0,inf,False,1,0,38,26,False,0,,5.95,1.0,False,0.352,False,1.0,False,34.75,1.0,False,44.47,96.38
1636,null_growth_n10_th20_beta5,null_growth,36,33016285,10,1000,20.0,0.0,5.0,inf,False,1,0,17,8,False,0,,5.78,1.0,False,0.283,False,1.0,False,30.72,1.0,False,42.75,89.9
1637,null_growth_n10_th20_beta5,null_growth,37,33024204,10,1000,20.0,0.0,5.0,inf,False,1,0,15,7,False,0,,6.88,1.0,False,0.049,True,1.0,False,33.3,1.0,False,36.9,87.86
1638,null_growth_n10_th20_beta5,null_growth,38,33032123,10,1000,20.0,0.0,5.0,inf,False,1,0,28,16,False,0,,6.64,1.0,False,0.243,False,1.0,False,31.36,1.0,False,31.97,81.53
1639,null_growth_n10_th20_beta5,null_growth,39,33040042,10,1000,20.0,0.0,5.0,inf,False,1,0,40,15,False,0,,6.66,1.0,False,0.16,False,1.0,False,34.68,1.0,False,33.07,87.24
1640,null_growth_n10_th20_beta5,null_growth,40,33047961,10,1000,20.0,0.0,5.0,inf,False,1,0,21,13,False,0,,7.15,1.0,False,0.478,False,1.0,False,32.47,1.0,False,39.28,92.55
1641,null_growth_n10_th20_beta5,null_growth,41,33055880,10,1000,20.0,0.0,5.0,inf,False,1,0,21,15,False,0,,7.42,1.0,False,0.653,False,1.0,False,35.12,1.0,False,39.94,93.43
1642,null_growth_n10_th20_beta5,null_growth,42,33063799,10,1000,20.0,0.0,5.0,inf,False,1,0,33,23,False,0,,5.71,1.0,False,0.947,False,1.0,False,34.27,1.0,False,43.43,94.2
1643,null_growth_n10_th20_beta5,null_growth,43,33071718,10,1000,20.0,0.0,5.0,inf,False,1,0,26,2,False,0,,5.59,1.0,False,1.0,False,1.0,False,31.75,1.0,False,42.07,91.79
1644,null_growth_n10_th20_beta5,null_growth,44,33079637,10,1000,20.0,0.0,5.0,inf,False,1,0,14,9,False,0,,5.08,1.0,False,0.163,False,1.0,False,28.6,1.0,False,41.32,87.26
1645,null_growth_n10_th20_beta5,null_growth,45,33087556,10,1000,20.0,0.0,5.0,inf,False,1,0,36,18,False,0,,7.48,0.168,False,0.488,False,0.401,False,38.94,1.0,False,38.41,97.27
1646,null_growth_n10_th20_beta5,null_growth,46,33095475,10,1000,20.0,0.0,5.0,inf,False,1,0,25,4,False,0,,5.58,1.0,False,0.362,False,1.0,False,32.66,1.0,False,36.25,85.66
1647,null_growth_n10_th20_beta5,null_growth,47,33103394,10,1000,20.0,0.0,5.0,inf,False,1,0,39,10,False,0,,8.91,1.0,False,0.914,False,1.0,False,36.08,1.0,False,32.66,88.32
1648,null_growth_n10_th20_beta5,null_growth,48,33111313,10,1000,20.0,0.0,5.0,inf,False,1,0,14,3,False,0,,7.32,1.0,False,0.688,False,1.0,False,29.36,1.0,False,33.39,80.07
1649,null_growth_n10_th20_beta5,null_growth,49,33119232,10,1000,20.0,0.0,5.0,inf,False,1,0,29,5,False,0,,9.06,1.0,False,0.231,False,1.0,False,33.46,1.0,False,35.06,89.67
1650,null_growth_n10_th20_beta20,null_growth,0,33127151,10,1000,20.0,0.0,20.0,inf,False,1,0,10,3,False,0,,5.89,1.0,False,1.0,False,1.0,False,28.37,1.0,False,35.04,78.89
1651,null_growth_n10_th20_beta20,null_growth,1,33135070,10,1000,20.0,0.0,20.0,inf,False,1,0,16,6,False,0,,6.71,1.0,False,0.764,False,1.0,False,32.21,1.0,False,37.6,88.89
1652,null_growth_n10_th20_beta20,null_growth,2,33142989,10,1000,20.0,0.0,20.0,inf,False,1,0,16,9,False,0,,6.64,1.0,False,0.888,False,1.0,False,31.25,1.0,False,35.74,84.0
1653,null_growth_n10_th20_beta20,null_growth,3,33150908,10,1000,20.0,0.0,20.0,inf,False,1,0,16,7,False,0,,6.3,1.0,False,0.999,False,1.0,False,31.04,1.0,False,34.25,83.19
1654,null_growth_n10_th20_beta20,null_growth,4,33158827,10,1000,20.0,0.0,20.0,inf,False,1,0,16,9,False,0,,5.1,1.0,False,0.789,False,1.0,False,30.46,1.0,False,37.38,83.53
1655,null_growth_n10_th20_beta20,null_growth,5,33166746,10,1000,20.0,0.0,20.0,inf,False,1,0,16,6,False,0,,7.23,1.0,False,0.982,False,1.0,False,30.22,1.0,False,32.32,79.6
1656,null_growth_n10_th20_beta20,null_growth,6,33174665,10,1000,20.0,0.0,20.0,inf,False,1,0,10,3,False,0,,4.84,1.0,False,0.481,False,1.0,False,28.22,1.0,False,31.55,77.15
1657,null_growth_n10_th20_beta20,null_growth,7,33182584,10,1000,20.0,0.0,20.0,inf,False,1,0,21,5,False,0,,6.48,1.0,False,0.921,False,1.0,False,33.21,1.0,False,43.1,92.83
1658,null_growth_n10_th20_beta20,null_growth,8,33190503,10,1000,20.0,0.0,20.0,inf,False,1,0,8,3,False,0,,3.42,1.0,False,1.0,False,1.0,False,28.42,1.0,False,40.26,84.76
1659,null_growth_n10_th20_beta20,null_growth,9,33198422,10,1000,20.0,0.0,20.0,inf,False,1,0,12,4,False,0,,7.01,1.0,False,0.841,False,1.0,False,28.42,1.0,False,34.11,81.11
1660,null_growth_n10_th20_beta20,null_growth,10,33206341,10,1000,20.0,0.0,20.0,inf,False,1,0,13,4,False,0,,6.67,1.0,False,0.973,False,1.0,False,30.78,1.0,False,39.61,87.55
1661,null_growth_n10_th20_beta20,null_growth,11,33214260,10,1000,20.0,0.0,20.0,inf,False,1,0,7,0,False,0,,5.84,1.0,False,1.0,False,1.0,False,27.38,1.0,False,36.77,80.09
1662,null_growth_n10_th20_beta20,null_growth,12,33222179,10,1000,20.0,0.0,20.0,inf,False,1,0,19,6,False,0,,6.03,1.0,False,0.856,False,1.0,False,32.88,1.0,False,35.67,85.34
1663,null_growth_n10_th20_beta20,null_growth,13,33230098,10,1000,20.0,0.0,20.0,inf,False,1,0,11,3,False,0,,5.04,1.0,False,0.636,False,1.0,False,27.85,1.0,False,32.14,76.82
1664,null_growth_n10_th20_beta20,null_growth,14,33238017,10,1000,20.0,0.0,20.0,inf,False,1,0,12,5,False,0,,7.06,1.0,False,0.873,False,1.0,False,28.79,1.0,False,34.16,79.64
1665,null_growth_n10_th20_beta20,null_growth,15,33245936,10,1000,20.0,0.0,20.0,inf,False,1,0,20,3,False,0,,5.27,1.0,False,0.374,False,1.0,False,32.5,1.0,False,42.92,91.72
1666,null_growth_n10_th20_beta20,null_growth,16,33253855,10,1000,20.0,0.0,20.0,inf,False,1,0,18,7,False,0,,5.28,1.0,False,0.987,False,1.0,False,31.97,1.0,False,42.55,90.23
1667,null_growth_n10_th20_beta20,null_growth,17,33261774,10,1000,20.0,0.0,20.0,inf,False,1,0,12,4,False,0,,6.29,1.0,False,0.978,False,1.0,False,29.49,1.0,False,42.31,88.79
1668,null_growth_n10_th20_beta20,null_growth,18,33269693,10,1000,20.0,0.0,20.0,inf,False,1,0,13,5,False,0,,5.17,1.0,False,0.953,False,1.0,False,32.99,1.0,False,35.82,85.86
1669,null_growth_n10_th20_beta20,null_growth,19,33277612,10,1000,20.0,0.0,20.0,inf,False,1,0,5,1,False,0,,3.83,1.0,False,1.0,False,1.0,False,26.0,1.0,False,37.44,77.76
1670,null_growth_n10_th20_beta20,null_growth,20,33285531,10,1000,20.0,0.0,20.0,inf,False,1,0,20,11,False,0,,5.54,1.0,False,0.142,False,1.0,False,33.51,1.0,False,35.65,84.96
1671,null_growth_n10_th20_beta20,null_growth,21,33293450,10,1000,20.0,0.0,20.0,inf,False,1,0,9,4,False,0,,5.52,1.0,False,1.0,False,1.0,False,26.33,1.0,False,33.76,75.7
1672,null_growth_n10_th20_beta20,null_growth,22,33301369,10,1000,20.0,0.0,20.0,inf,False,1,0,16,6,False,0,,5.83,1.0,False,0.754,False,1.0,False,29.28,1.0,False,34.33,79.84
1673,null_growth_n10_th20_beta20,null_growth,23,33309288,10,1000,20.0,0.0,20.0,inf,False,1,0,12,4,False,0,,8.82,1.0,False,0.984,False,1.0,False,30.06,1.0,False,47.27,97.07
1674,null_growth_n10_th20_beta20,null_growth,24,33317207,10,1000,20.0,0.0,20.0,inf,False,1,0,15,10,False,0,,6.64,1.0,False,0.709,False,1.0,False,32.24,1.0,False,47.74,98.63
1675,null_growth_n10_th20_beta20,null_growth,25,33325126,10,1000,20.0,0.0,20.0,inf,False,1,0,14,6,False,0,,6.71,1.0,False,0.398,False,1.0,False,29.78,1.0,False,47.66,96.28
1676,null_growth_n10_th20_beta20,null_growth,26,33333045,10,1000,20.0,0.0,20.0,inf,False,1,0,10,4,False,0,,4.79,1.0,False,0.65,False,1.0,False,28.08,1.0,False,46.69,91.52
1677,null_growth_n10_th20_beta20,null_growth,27,33340964,10,1000,20.0,0.0,20.0,inf,False,1,0,8,3,False,0,,7.45,1.0,False,1.0,False,1.0,False,29.52,1.0,False,43.7,90.97
1678,null_growth_n10_th20_beta20,null_growth,28,33348883,10,1000,20.0,0.0,20.0,inf,False,1,0,13,6,False,0,,8.87,1.0,False,0.449,False,1.0,False,32.16,1.0,False,39.82,93.75
1679,null_growth_n10_th20_beta20,null_growth,29,33356802,10,1000,20.0,0.0,20.0,inf,False,1,0,16,2,False,0,,6.27,1.0,False,1.0,False,1.0,False,28.79,1.0,False,39.9,86.9
1680,null_growth_n10_th20_beta20,null_growth,30,33364721,10,1000,20.0,0.0,20.0,inf,False,1,0,11,6,False,0,,5.61,1.0,False,0.656,False,1.0,False,29.06,1.0,False,34.47,80.83
1681,null_growth_n10_th20_beta20,null_growth,31,33372640,10,1000,20.0,0.0,20.0,inf,False,1,0,17,8,False,0,,6.75,1.0,False,0.762,False,1.0,False,31.65,1.0,False,54.45,105.52
1682,null_growth_n10_th20_beta20,null_growth,32,33380559,10,1000,20.0,0.0,20.0,inf,False,1,0,11,7,False,0,,8.08,1.0,False,0.958,False,1.0,False,29.18,1.0,False,57.72,108.2
1683,null_growth_n10_th20_beta20,null_growth,33,33388478,10,1000,20.0,0.0,20.0,inf,False,1,0,14,4,False,0,,5.13,1.0,False,0.325,False,1.0,False,31.18,1.0,False,55.31,104.52
1684,null_growth_n10_th20_beta20,null_growth,34,33396397,10,1000,20.0,0.0,20.0,inf,False,1,0,12,7,False,0,,7.12,1.0,False,0.947,False,1.0,False,29.24,1.0,False,58.27,107.53
1685,null_growth_n10_th20_beta20,null_growth,35,33404316,10,1000,20.0,0.0,20.0,inf,False,1,0,9,1,False,0,,5.68,1.0,False,1.0,False,1.0,False,27.23,1.0,False,57.75,102.87
1686,null_growth_n10_th20_beta20,null_growth,36,33412235,10,1000,20.0,0.0,20.0,inf,False,1,0,13,4,False,0,,8.12,1.0,False,0.411,False,1.0,False,30.25,1.0,False,46.52,101.23
1687,null_growth_n10_th20_beta20,null_growth,37,33420154,10,1000,20.0,0.0,20.0,inf,False,1,0,11,2,False,0,,8.04,1.0,False,1.0,False,1.0,False,28.84,1.0,False,48.45,97.82
1688,null_growth_n10_th20_beta20,null_growth,38,33428073,10,1000,20.0,0.0,20.0,inf,False,1,0,19,11,False,0,,6.47,1.0,False,0.409,False,1.0,False,34.02,1.0,False,39.06,91.55
1689,null_growth_n10_th20_beta20,null_growth,39,33435992,10,1000,20.0,0.0,20.0,inf,False,1,0,22,5,False,0,,6.4,1.0,False,0.978,False,1.0,False,32.28,1.0,False,56.31,108.34
1690,null_growth_n10_th20_beta20,null_growth,40,33443911,10,1000,20.0,0.0,20.0,inf,False,1,0,15,7,False,0,,7.48,1.0,False,0.053,False,1.0,False,32.8,1.0,False,61.99,115.12
1691,null_growth_n10_th20_beta20,null_growth,41,33451830,10,1000,20.0,0.0,20.0,inf,False,1,0,9,4,False,0,,4.82,1.0,False,0.894,False,1.0,False,28.52,1.0,False,44.84,88.78
1692,null_growth_n10_th20_beta20,null_growth,42,33459749,10,1000,20.0,0.0,20.0,inf,False,1,0,18,8,False,0,,6.82,1.0,False,0.901,False,1.0,False,31.57,1.0,False,59.44,110.96
1693,null_growth_n10_th20_beta20,null_growth,43,33467668,10,1000,20.0,0.0,20.0,inf,False,1,0,13,6,False,0,,7.25,1.0,False,0.412,False,1.0,False,27.36,1.0,False,59.07,107.61
1694,null_growth_n10_th20_beta20,null_growth,44,33475587,10,1000,20.0,0.0,20.0,inf,False,1,0,13,4,False,0,,5.2,1.0,False,0.919,False,1.0,False,31.9,1.0,False,57.32,106.48
1695,null_growth_n10_th20_beta20,null_growth,45,33483506,10,1000,20.0,0.0,20.0,inf,False,1,0,12,9,False,0,,4.79,1.0,False,0.923,False,1.0,False,28.48,1.0,False,57.09,103.17
1696,null_growth_n10_th20_beta20,null_growth,46,33491425,10,1000,20.0,0.0,20.0,inf,False,1,0,17,4,False,0,,5.38,1.0,False,0.46,False,1.0,False,29.4,1.0,False,57.75,103.78
1697,null_growth_n10_th20_beta20,null_growth,47,33499344,10,1000,20.0,0.0,20.0,inf,False,1,0,11,4,False,0,,4.15,1.0,False,0.989,False,1.0,False,31.51,1.0,False,35.32,85.36
1698,null_growth_n10_th20_beta20,null_growth,48,33507263,10,1000,20.0,0.0,20.0,inf,False,1,0,8,4,False,0,,4.37,1.0,False,1.0,False,1.0,False,27.74,1.0,False,33.06,76.28
1699,null_growth_n10_th20_beta20,null_growth,49,33515182,10,1000,20.0,0.0,20.0,inf,False,1,0,11,4,False,0,,4.56,1.0,False,0.957,False,1.0,False,27.22,1.0,False,36.13,80.54
1700,null_growth_n50_th10_beta5,null_growth,0,33523101,50,1000,10.0,0.0,5.0,inf,False,1,0,22,14,False,0,,38.25,1.0,False,0.582,False,1.0,False,163.68,1.0,False,121.16,336.73
1701,null_growth_n50_th10_beta5,null_growth,1,33531020,50,1000,10.0,0.0,5.0,inf,False,1,0,25,16,False,0,,42.54,1.0,False,1.0,False,1.0,False,183.73,1.0,False,145.96,391.48
1702,null_growth_n50_th10_beta5,null_growth,2,33538939,50,1000,10.0,0.0,5.0,inf,False,1,0,25,21,False,0,,40.07,1.0,False,0.976,False,1.0,False,182.58,1.0,False,132.69,389.66
1703,null_growth_n50_th10_beta5,null_growth,3,33546858,50,1000,10.0,0.0,5.0,inf,False,1,0,28,21,False,0,,33.06,1.0,False,0.509,False,1.0,False,195.21,1.0,False,151.97,392.75
1704,null_growth_n50_th10_beta5,null_growth,4,33554777,50,1000,10.0,0.0,5.0,inf,False,1,0,23,21,False,0,,42.29,0.25,False,0.007,True,1.0,False,166.47,1.0,False,132.62,353.84
1705,null_growth_n50_th10_beta5,null_growth,5,33562696,50,1000,10.0,0.0,5.0,inf,False,1,0,30,20,False,0,,40.07,1.0,False,0.883,False,1.0,False,218.49,1.0,False,148.75,421.03
1706,null_growth_n50_th10_beta5,null_growth,6,33570615,50,1000,10.0,0.0,5.0,inf,False,1,0,32,22,False,0,,40.89,1.0,False,0.225,False,1.0,False,226.56,1.0,False,156.44,437.85
1707,null_growth_n50_th10_beta5,null_growth,7,33578534,50,1000,10.0,0.0,5.0,inf,False,1,0,16,9,False,0,,35.74,1.0,False,0.997,False,1.0,False,122.54,1.0,False,106.03,277.58
1708,null_growth_n50_th10_beta5,null_growth,8,33586453,50,1000,10.0,0.0,5.0,inf,False,1,0,26,20,False,0,,50.58,1.0,False,0.299,False,1.0,False,193.74,1.0,False,139.52,396.42
1709,null_growth_n50_th10_beta5,null_growth,9,33594372,50,1000,10.0,0.0,5.0,inf,False,1,0,16,11,False,0,,43.61,1.0,False,0.994,False,1.0,False,123.26,1.0,False,97.74,276.87
1710,null_growth_n50_th10_beta5,null_growth,10,33602291,50,1000,10.0,0.0,5.0,inf,False,1,0,19,14,False,0,,39.64,1.0,False,0.823,False,1.0,False,147.15,1.0,False,107.88,307.37
1711,null_growth_n50_th10_beta5,null_growth,11,33610210,50,1000,10.0,0.0,5.0,inf,False,1,0,25,15,False,0,,35.78,1.0,False,0.202,False,1.0,False,180.31,1.0,False,129.65,359.07
1712,null_growth_n50_th10_beta5,null_growth,12,33618129,50,1000,10.0,0.0,5.0,inf,False,1,0,23,15,False,0,,43.95,1.0,False,0.803,False,1.0,False,172.46,1.0,False,124.26,355.87
1713,null_growth_n50_th10_beta5,null_growth,13,33626048,50,1000,10.0,0.0,5.0,inf,False,1,0,21,8,False,0,,37.69,1.0,False,0.689,False,1.0,False,157.98,1.0,False,114.35,322.93
1714,null_growth_n50_th10_beta5,null_growth,14,33633967,50,1000,10.0,0.0,5.0,inf,False,1,0,24,18,False,0,,34.74,1.0,False,0.765,False,1.0,False,182.32,1.0,False,133.17,364.05
1715,null_growth_n50_th10_beta5,null_growth,15,33641886,50,1000,10.0,0.0,5.0,inf,False,1,0,25,20,False,0,,39.32,1.0,False,0.618,False,1.0,False,188.76,1.0,False,127.02,368.05
1716,null_growth_n50_th10_beta5,null_growth,16,33649805,50,1000,10.0,0.0,5.0,inf,False,1,0,25,20,False,0,,34.15,1.0,False,0.736,False,1.0,False,193.22,1.0,False,128.69,369.32
1717,null_growth_n50_th10_beta5,null_growth,17,33657724,50,1000,10.0,0.0,5.0,inf,False,1,0,22,17,False,0,,39.96,1.0,False,0.143,False,1.0,False,168.55,1.0,False,117.11,338.65
1718,null_growth_n50_th10_beta5,null_growth,18,33665643,50,1000,10.0,0.0,5.0,inf,False,1,0,22,17,False,0,,35.29,1.0,False,0.981,False,1.0,False,166.43,1.0,False,119.99,334.83
1719,null_growth_n50_th10_beta5,null_growth,19,33673562,50,1000,10.0,0.0,5.0,inf,False,1,0,24,9,False,0,,45.66,1.0,False,0.412,False,1.0,False,178.36,1.0,False,125.79,362.58
1720,null_growth_n50_th10_beta5,null_growth,20,33681481,50,1000,10.0,0.0,5.0,inf,False,1,0,13,7,False,0,,34.42,1.0,False,1.0,False,1.0,False,100.49,1.0,False,89.59,238.12
1721,null_growth_n50_th10_beta5,null_growth,21,33689400,50,1000,10.0,0.0,5.0,inf,False,1,0,27,17,False,0,,34.07,1.0,False,0.944,False,1.0,False,196.18,1.0,False,134.4,378.49
1722,null_growth_n50_th10_beta5,null_growth,22,33697319,50,1000,10.0,0.0,5.0,inf,False,1,0,31,18,False,0,,31.62,1.0,False,0.522,False,1.0,False,223.75,1.0,False,142.36,409.78
1723,null_growth_n50_th10_beta5,null_growth,23,33705238,50,1000,10.0,0.0,5.0,inf,False,1,0,21,14,False,0,,36.18,1.0,False,0.588,False,1.0,False,165.71,1.0,False,115.72,329.42
1724,null_growth_n50_th10_beta5,null_growth,24,33713157,50,1000,10.0,0.0,5.0,inf,False,1,0,36,24,False,0,,42.01,1.0,False,0.318,False,1.0,False,258.28,1.0,False,159.25,473.25
1725,null_growth_n50_th10_beta5,null_growth,25,33721076,50,1000,10.0,0.0,5.0,inf,False,1,0,18,13,False,0,,39.05,1.0,False,0.05,False,1.0,False,142.69,1.0,False,112.34,312.75
1726,null_growth_n50_th10_beta5,null_growth,26,33728995,50,1000,10.0,0.0,5.0,inf,False,1,0,21,13,False,0,,51.58,1.0,False,0.185,False,1.0,False,161.97,1.0,False,115.31,342.04
1727,null_growth_n50_th10_beta5,null_growth,27,33736914,50,1000,10.0,0.0,5.0,inf,False,1,0,34,21,False,0,,37.82,1.0,False,0.6,False,1.0,False,242.48,1.0,False,154.5,447.21
1728,null_growth_n50_th10_beta5,null_growth,28,33744833,50,1000,10.0,0.0,5.0,inf,False,1,0,30,20,False,0,,33.63,0.311,False,0.468,False,0.191,False,213.5,1.0,False,146.32,406.88
1729,null_growth_n50_th10_beta5,null_growth,29,33752752,50,1000,10.0,0.0,5.0,inf,False,1,0,29,15,False,0,,36.71,1.0,False,0.845,False,1.0,False,204.15,1.0,False,143.07,397.03
1730,null_growth_n50_th10_beta5,null_growth,30,33760671,50,1000,10.0,0.0,5.0,inf,False,1,0,30,20,False,0,,36.79,1.0,False,0.864,False,1.0,False,214.26,1.0,False,139.0,402.69
1731,null_growth_n50_th10_beta5,null_growth,31,33768590,50,1000,10.0,0.0,5.0,inf,False,1,0,20,13,False,0,,31.99,1.0,False,0.667,False,1.0,False,158.24,1.0,False,120.01,325.88
1732,null_growth_n50_th10_beta5,null_growth,32,33776509,50,1000,10.0,0.0,5.0,inf,False,1,0,24,19,False,0,,35.16,1.0,False,0.677,False,1.0,False,185.7,1.0,False,123.14,356.21
1733,null_growth_n50_th10_beta5,null_growth,33,33784428,50,1000,10.0,0.0,5.0,inf,False,1,0,31,22,False,0,,39.3,1.0,False,0.987,False,1.0,False,221.16,1.0,False,145.0,418.98
1734,null_growth_n50_th10_beta5,null_growth,34,33792347,50,1000,10.0,0.0,5.0,inf,False,1,0,29,16,False,0,,44.93,1.0,False,0.094,False,1.0,False,212.22,1.0,False,140.3,412.01
1735,null_growth_n50_th10_beta5,null_growth,35,33800266,50,1000,10.0,0.0,5.0,inf,False,1,0,25,17,False,0,,36.88,1.0,False,0.275,False,1.0,False,186.26,1.0,False,135.8,372.54
1736,null_growth_n50_th10_beta5,null_growth,36,33808185,50,1000,10.0,0.0,5.0,inf,False,1,0,25,17,False,0,,32.66,1.0,False,0.977,False,1.0,False,188.59,1.0,False,129.82,363.23
1737,null_growth_n50_th10_beta5,null_growth,37,33816104,50,1000,10.0,0.0,5.0,inf,False,1,0,28,16,False,0,,36.34,1.0,False,0.828,False,1.0,False,200.19,1.0,False,136.18,386.98
1738,null_growth_n50_th10_beta5,null_growth,38,33824023,50,1000,10.0,0.0,5.0,inf,False,1,0,23,10,False,0,,33.06,1.0,False,0.939,False,1.0,False,171.6,1.0,False,123.14,339.02
1739,null_growth_n50_th10_beta5,null_growth,39,33831942,50,1000,10.0,0.0,5.0,inf,False,1,0,28,15,False,0,,39.7,0.791,False,0.205,False,1.0,False,205.02,1.0,False,133.8,391.67
1740,null_growth_n50_th10_beta5,null_growth,40,33839861,50,1000,10.0,0.0,5.0,inf,False,1,0,25,18,False,0,,35.78,1.0,False,0.896,False,1.0,False,193.44,1.0,False,131.78,374.05
1741,null_growth_n50_th10_beta5,null_growth,41,33847780,50,1000,10.0,0.0,5.0,inf,False,1,0,12,8,False,0,,30.05,1.0,False,0.989,False,1.0,False,96.32,1.0,False,92.01,232.12
1742,null_growth_n50_th10_beta5,null_growth,42,33855699,50,1000,10.0,0.0,5.0,inf,False,1,0,18,10,False,0,,32.94,1.0,False,0.911,False,1.0,False,145.01,1.0,False,105.19,296.62
1743,null_growth_n50_th10_beta5,null_growth,43,33863618,50,1000,10.0,0.0,5.0,inf,False,1,0,24,17,False,0,,40.27,1.0,False,0.676,False,1.0,False,180.38,1.0,False,131.58,364.16
1744,null_growth_n50_th10_beta5,null_growth,44,33871537,50,1000,10.0,0.0,5.0,inf,False,1,0,21,17,False,0,,36.83,1.0,False,0.551,False,1.0,False,162.45,1.0,False,119.15,330.89
1745,null_growth_n50_th10_beta5,null_growth,45,33879456,50,1000,10.0,0.0,5.0,inf,False,1,0,18,14,False,0,,37.37,1.0,False,0.89,False,1.0,False,139.63,1.0,False,109.62,299.94
1746,null_growth_n50_th10_beta5,null_growth,46,33887375,50,1000,10.0,0.0,5.0,inf,False,1,0,17,12,False,0,,37.2,1.0,False,0.746,False,1.0,False,130.96,1.0,False,109.78,291.88
1747,null_growth_n50_th10_beta5,null_growth,47,33895294,50,1000,10.0,0.0,5.0,inf,False,1,0,16,12,False,0,,31.68,1.0,False,0.841,False,1.0,False,126.83,1.0,False,103.08,274.41
1748,null_growth_n50_th10_beta5,null_growth,48,33903213,50,1000,10.0,0.0,5.0,inf,False,1,0,22,15,False,0,,29.71,1.0,False,0.627,False,1.0,False,166.78,1.0,False,116.7,326.56
1749,null_growth_n50_th10_beta5,null_growth,49,33911132,50,1000,10.0,0.0,5.0,inf,False,1,0,27,19,False,0,,35.99,1.0,False,0.113,False,1.0,False,196.5,1.0,False,130.28,376.38
1750,null_growth_n50_th10_beta20,null_growth,0,33919051,50,1000,10.0,0.0,20.0,inf,False,1,0,27,16,False,0,,38.72,1.0,False,0.829,False,1.0,False,192.37,1.0,False,139.34,383.85
1751,null_growth_n50_th10_beta20,null_growth,1,33926970,50,1000,10.0,0.0,20.0,inf,False,1,0,9,5,False,0,,30.63,1.0,False,0.907,False,1.0,False,74.13,1.0,False,80.44,196.65
1752,null_growth_n50_th10_beta20,null_growth,2,33934889,50,1000,10.0,0.0,20.0,inf,False,1,0,19,9,False,0,,32.68,1.0,False,0.747,False,1.0,False,145.69,1.0,False,114.25,305.06
1753,null_growth_n50_th10_beta20,null_growth,3,33942808,50,1000,10.0,0.0,20.0,inf,False,1,0,15,7,False,0,,36.18,1.0,False,1.0,False,1.0,False,117.43,1.0,False,98.4,264.29
1754,null_growth_n50_th10_beta20,null_growth,4,33950727,50,1000,10.0,0.0,20.0,inf,False,1,0,18,8,False,0,,30.55,0.282,False,0.35,False,0.438,False,143.29,1.0,False,113.43,298.93
1755,null_growth_n50_th10_beta20,null_growth,5,33958646,50,1000,10.0,0.0,20.0,inf,False,1,0,12,7,False,0,,37.55,1.0,False,0.984,False,1.0,False,92.81,1.0,False,96.93,242.86
1756,null_growth_n50_th10_beta20,null_growth,6,33966565,50,1000,10.0,0.0,20.0,inf,False,1,0,15,10,False,0,,30.49,1.0,False,0.766,False,1.0,False,117.4,1.0,False,99.9,259.86
1757,null_growth_n50_th10_beta20,null_growth,7,33974484,50,1000,10.0,0.0,20.0,inf,False,1,0,19,9,False,0,,30.65,1.0,False,0.678,False,1.0,False,150.34,1.0,False,108.85,301.84
1758,null_growth_n50_th10_beta20,null_growth,8,33982403,50,1000,10.0,0.0,20.0,inf,False,1,0,20,8,False,0,,37.72,1.0,False,0.039,True,1.0,False,156.49,1.0,False,114.5,321.87
1759,null_growth_n50_th10_beta20,null_growth,9,33990322,50,1000,10.0,0.0,20.0,inf,False,1,0,13,5,False,0,,33.93,1.0,False,0.315,False,1.0,False,98.55,1.0,False,101.1,247.21
1760,null_growth_n50_th10_beta20,null_growth,10,33998241,50,1000,10.0,0.0,20.0,inf,False,1,0,19,12,False,0,,38.07,1.0,False,0.914,False,1.0,False,155.46,1.0,False,112.66,319.41
1761,null_growth_n50_th10_beta20,null_growth,11,34006160,50,1000,10.0,0.0,20.0,inf,False,1,0,17,11,False,0,,33.97,1.0,False,0.905,False,1.0,False,129.5,1.0,False,104.84,281.67
1762,null_growth_n50_th10_beta20,null_growth,12,34014079,50,1000,10.0,0.0,20.0,inf,False,1,0,16,8,False,0,,32.29,1.0,False,0.052,False,1.0,False,123.96,1.0,False,100.1,269.2
1763,null_growth_n50_th10_beta20,null_growth,13,34021998,50,1000,10.0,0.0,20.0,inf,False,1,0,20,14,False,0,,31.06,1.0,False,0.752,False,1.0,False,151.53,1.0,False,110.98,306.14
1764,null_growth_n50_th10_beta20,null_growth,14,34029917,50,1000,10.0,0.0,20.0,inf,False,1,0,24,13,False,0,,39.76,1.0,False,0.034,True,1.0,False,178.88,1.0,False,121.81,353.07
1765,null_growth_n50_th10_beta20,null_growth,15,34037836,50,1000,10.0,0.0,20.0,inf,False,1,0,17,11,False,0,,35.35,1.0,False,0.087,False,1.0,False,134.24,1.0,False,110.01,293.14
1766,null_growth_n50_th10_beta20,null_growth,16,34045755,50,1000,10.0,0.0,20.0,inf,False,1,0,16,8,False,0,,31.77,1.0,False,0.805,False,1.0,False,125.39,1.0,False,104.83,274.05
1767,null_growth_n50_th10_beta20,null_growth,17,34053674,50,1000,10.0,0.0,20.0,inf,False,1,0,13,5,False,0,,29.74,1.0,False,0.989,False,1.0,False,97.16,1.0,False,94.45,233.29
1768,null_growth_n50_th10_beta20,null_growth,18,34061593,50,1000,10.0,0.0,20.0,inf,False,1,0,15,10,False,0,,31.09,1.0,False,0.987,False,1.0,False,117.52,1.0,False,100.98,263.52
1769,null_growth_n50_th10_beta20,null_growth,19,34069512,50,1000,10.0,0.0,20.0,inf,False,1,0,15,9,False,0,,30.1,1.0,False,1.0,False,1.0,False,111.91,1.0,False,108.14,261.98
1770,null_growth_n50_th10_beta20,null_growth,20,34077431,50,1000,10.0,0.0,20.0,inf,False,1,0,19,8,False,0,,33.55,1.0,False,0.747,False,1.0,False,147.96,1.0,False,108.68,303.71
1771,null_growth_n50_th10_beta20,null_growth,21,34085350,50,1000,10.0,0.0,20.0,inf,False,1,0,11,7,False,0,,34.41,1.0,False,0.661,False,1.0,False,87.88,1.0,False,88.83,222.95
1772,null_growth_n50_th10_beta20,null_growth,22,34093269,50,1000,10.0,0.0,20.0,inf,False,1,0,19,8,False,0,,34.56,1.0,False,0.851,False,1.0,False,148.88,1.0,False,104.65,301.23
1773,null_growth_n50_th10_beta20,null_growth,23,34101188,50,1000,10.0,0.0,20.0,inf,False,1,0,11,5,False,0,,30.93,1.0,False,0.627,False,1.0,False,86.1,1.0,False,88.99,218.37
1774,null_growth_n50_th10_beta20,null_growth,24,34109107,50,1000,10.0,0.0,20.0,inf,False,1,0,10,4,False,0,,31.57,1.0,False,0.85,False,1.0,False,80.67,1.0,False,92.57,217.12
1775,null_growth_n50_th10_beta20,null_growth,25,34117026,50,1000,10.0,0.0,20.0,inf,False,1,0,15,7,False,0,,33.07,1.0,False,0.785,False,1.0,False,120.79,1.0,False,98.44,263.42
1776,null_growth_n50_th10_beta20,null_growth,26,34124945,50,1000,10.0,0.0,20.0,inf,False,1,0,22,16,False,0,,39.35,1.0,False,0.405,False,1.0,False,166.4,1.0,False,119.2,337.55
1777,null_growth_n50_th10_beta20,null_growth,27,34132864,50,1000,10.0,0.0,20.0,inf,False,1,0,14,8,False,0,,41.59,1.0,False,0.446,False,1.0,False,104.68,1.0,False,95.08,253.18
1778,null_growth_n50_th10_beta20,null_growth,28,34140783,50,1000,10.0,0.0,20.0,inf,False,1,0,21,12,False,0,,42.15,1.0,False,0.887,False,1.0,False,156.76,1.0,False,114.82,327.69
1779,null_growth_n50_th10_beta20,null_growth,29,34148702,50,1000,10.0,0.0,20.0,inf,False,1,0,14,3,False,0,,40.25,1.0,False,0.825,False,1.0,False,109.94,1.0,False,96.95,261.84
1780,null_growth_n50_th10_beta20,null_growth,30,34156621,50,1000,10.0,0.0,20.0,inf,False,1,0,21,10,False,0,,34.43,1.0,False,0.316,False,1.0,False,161.72,1.0,False,125.65,333.29
1781,null_growth_n50_th10_beta20,null_growth,31,34164540,50,1000,10.0,0.0,20.0,inf,False,1,0,20,12,False,0,,34.69,1.0,False,0.119,False,1.0,False,154.0,1.0,False,121.09,322.67
1782,null_growth_n50_th10_beta20,null_growth,32,34172459,50,1000,10.0,0.0,20.0,inf,False,1,0,17,8,False,0,,33.03,1.0,False,0.616,False,1.0,False,132.52,1.0,False,110.88,291.37
1783,null_growth_n50_th10_beta20,null_growth,33,34180378,50,1000,10.0,0.0,20.0,inf,False,1,0,13,9,False,0,,27.38,1.0,False,0.978,False,1.0,False,99.97,1.0,False,101.59,241.1
1784,null_growth_n50_th10_beta20,null_growth,34,34188297,50,1000,10.0,0.0,20.0,inf,False,1,0,13,6,False,0,,30.88,1.0,False,0.942,False,1.0,False,98.5,1.0,False,96.11,237.36
1785,null_growth_n50_th10_beta20,null_growth,35,34196216,50,1000,10.0,0.0,20.0,inf,False,1,0,18,9,False,0,,32.57,1.0,False,0.327,False,1.0,False,145.23,1.0,False,105.89,296.02
1786,null_growth_n50_th10_beta20,null_growth,36,34204135,50,1000,10.0,0.0,20.0,inf,False,1,0,15,11,False,0,,32.53,1.0,False,0.64,False,1.0,False,116.22,1.0,False,96.38,257.37
1787,null_growth_n50_th10_beta20,null_growth,37,34212054,50,1000,10.0,0.0,20.0,inf,False,1,0,15,10,False,0,,33.07,1.0,False,0.999,False,1.0,False,119.3,1.0,False,99.06,264.15
1788,null_growth_n50_th10_beta20,null_growth,38,34219973,50,1000,10.0,0.0,20.0,inf,False,1,0,18,13,False,0,,34.19,1.0,False,0.875,False,1.0,False,142.97,1.0,False,114.58,303.52
1789,null_growth_n50_th10_beta20,null_growth,39,34227892,50,1000,10.0,0.0,20.0,inf,False,1,0,18,11,False,0,,33.62,1.0,False,0.814,False,1.0,False,137.74,1.0,False,114.05,298.36
1790,null_growth_n50_th10_beta20,null_growth,40,34235811,50,1000,10.0,0.0,20.0,inf,False,1,0,16,9,False,0,,32.43,1.0,False,0.705,False,1.0,False,122.33,1.0,False,105.6,272.13
1791,null_growth_n50_th10_beta20,null_growth,41,34243730,50,1000,10.0,0.0,20.0,inf,False,1,0,12,8,False,0,,43.59,1.0,False,0.42,False,1.0,False,94.21,1.0,False,97.91,247.57
1792,null_growth_n50_th10_beta20,null_growth,42,34251649,50,1000,10.0,0.0,20.0,inf,False,1,0,16,10,False,0,,31.94,1.0,False,0.081,False,1.0,False,119.84,1.0,False,107.73,271.83
1793,null_growth_n50_th10_beta20,null_growth,43,34259568,50,1000,10.0,0.0,20.0,inf,False,1,0,18,11,False,0,,33.57,1.0,False,0.842,False,1.0,False,142.21,1.0,False,108.04,295.36
1794,null_growth_n50_th10_beta20,null_growth,44,34267487,50,1000,10.0,0.0,20.0,inf,False,1,0,14,7,False,0,,33.28,1.0,False,0.321,False,1.0,False,114.73,1.0,False,92.63,252.97
1795,null_growth_n50_th10_beta20,null_growth,45,34275406,50,1000,10.0,0.0,20.0,inf,False,1,0,14,8,False,0,,34.62,1.0,False,0.958,False,1.0,False,107.5,1.0,False,96.92,251.89
1796,null_growth_n50_th10_beta20,null_growth,46,34283325,50,1000,10.0,0.0,20.0,inf,False,1,0,12,3,False,0,,37.82,1.0,False,1.0,False,1.0,False,99.27,1.0,False,86.96,236.48
1797,null_growth_n50_th10_beta20,null_growth,47,34291244,50,1000,10.0,0.0,20.0,inf,False,1,0,17,9,False,0,,34.93,1.0,False,0.651,False,1.0,False,130.72,1.0,False,105.08,283.09
1798,null_growth_n50_th10_beta20,null_growth,48,34299163,50,1000,10.0,0.0,20.0,inf,False,1,0,23,10,False,0,,31.4,1.0,False,0.85,False,1.0,False,178.99,1.0,False,115.92,339.85
1799,null_growth_n50_th10_beta20,null_growth,49,34307082,50,1000,10.0,0.0,20.0,inf,False,1,0,14,7,False,0,,31.47,1.0,False,0.186,False,1.0,False,107.16,1.0,False,98.08,248.43
1800,null_growth_n50_th20_beta5,null_growth,0,34315001,50,1000,20.0,0.0,5.0,inf,False,1,0,43,26,False,0,,39.15,1.0,False,0.629,False,1.0,False,299.77,1.0,False,171.39,522.72
1801,null_growth_n50_th20_beta5,null_growth,1,34322920,50,1000,20.0,0.0,5.0,inf,False,1,0,56,42,False,0,,33.57,1.0,False,0.419,False,1.0,False,373.31,1.0,False,221.98,642.1
1802,null_growth_n50_th20_beta5,null_growth,2,34330839,50,1000,20.0,0.0,5.0,inf,False,1,0,49,35,False,0,,34.62,0.512,False,0.05,False,1.0,False,327.36,1.0,False,204.82,580.0
1803,null_growth_n50_th20_beta5,null_growth,3,34338758,50,1000,20.0,0.0,5.0,inf,False,1,0,48,32,False,0,,33.14,1.0,False,0.225,False,1.0,False,323.53,1.0,False,197.61,567.25
1804,null_growth_n50_th20_beta5,null_growth,4,34346677,50,1000,20.0,0.0,5.0,inf,False,1,0,46,28,False,0,,35.84,1.0,False,0.254,False,1.0,False,309.57,1.0,False,200.18,558.67
1805,null_growth_n50_th20_beta5,null_growth,5,34354596,50,1000,20.0,0.0,5.0,inf,False,1,0,46,29,False,0,,45.61,1.0,False,0.238,False,1.0,False,312.59,1.0,False,196.48,567.45
1806,null_growth_n50_th20_beta5,null_growth,6,34362515,50,1000,20.0,0.0,5.0,inf,False,1,0,49,34,False,0,,30.5,1.0,False,0.668,False,1.0,False,334.03,1.0,False,203.02,578.72
1807,null_growth_n50_th20_beta5,null_growth,7,34370434,50,1000,20.0,0.0,5.0,inf,False,1,0,59,36,True,1,200,42.47,0.916,False,0.575,False,0.308,False,406.33,1.0,False,219.38,683.05
1808,null_growth_n50_th20_beta5,null_growth,8,34378353,50,1000,20.0,0.0,5.0,inf,False,1,0,50,29,False,0,,35.72,1.0,False,0.692,False,1.0,False,354.5,1.0,False,187.81,589.55
1809,null_growth_n50_th20_beta5,null_growth,9,34386272,50,1000,20.0,0.0,5.0,inf,False,1,0,55,36,False,0,,34.0,1.0,False,0.334,False,1.0,False,383.14,1.0,False,221.34,651.66
1810,null_growth_n50_th20_beta5,null_growth,10,34394191,50,1000,20.0,0.0,5.0,inf,False,1,0,58,41,False,0,,34.43,1.0,False,0.855,False,1.0,False,391.48,1.0,False,234.1,672.98
1811,null_growth_n50_th20_beta5,null_growth,11,34402110,50,1000,20.0,0.0,5.0,inf,False,1,0,41,31,False,0,,34.24,0.629,False,0.608,False,0.309,False,293.09,1.0,False,176.13,517.35
1812,null_growth_n50_th20_beta5,null_growth,12,34410029,50,1000,20.0,0.0,5.0,inf,False,1,0,56,41,False,0,,40.21,1.0,False,0.706,False,1.0,False,379.18,1.0,False,224.73,659.36
1813,null_growth_n50_th20_beta5,null_growth,13,34417948,50,1000,20.0,0.0,5.0,inf,False,1,0,42,21,False,0,,37.01,1.0,False,0.733,False,1.0,False,290.85,1.0,False,180.71,520.64
1814,null_growth_n50_th20_beta5,null_growth,14,34425867,50,1000,20.0,0.0,5.0,inf,False,1,0,57,30,False,0,,37.68,0.241,False,0.961,False,1.0,False,385.07,1.0,False,213.37,649.68
1815,null_growth_n50_th20_beta5,null_growth,15,34433786,50,1000,20.0,0.0,5.0,inf,False,1,0,42,30,False,0,,36.38,1.0,False,0.357,False,1.0,False,306.92,1.0,False,169.99,525.76
1816,null_growth_n50_th20_beta5,null_growth,16,34441705,50,1000,20.0,0.0,5.0,inf,False,1,0,42,30,False,0,,32.91,1.0,False,0.415,False,1.0,False,302.07,1.0,False,177.01,524.8
1817,null_growth_n50_th20_beta5,null_growth,17,34449624,50,1000,20.0,0.0,5.0,inf,False,1,0,43,23,False,0,,37.18,1.0,False,0.19,False,1.0,False,300.25,1.0,False,175.88,526.64
1818,null_growth_n50_th20_beta5,null_growth,18,34457543,50,1000,20.0,0.0,5.0,inf,False,1,0,43,28,False,0,,37.21,1.0,False,0.556,False,1.0,False,299.99,1.0,False,175.87,525.82
1819,null_growth_n50_th20_beta5,null_growth,19,34465462,50,1000,20.0,0.0,5.0,inf,False,1,0,56,37,False,0,,34.29,0.483,False,0.382,False,1.0,False,376.5,1.0,False,218.33,642.21
1820,null_growth_n50_th20_beta5,null_growth,20,34473381,50,1000,20.0,0.0,5.0,inf,False,1,0,53,39,False,0,,35.81,1.0,False,0.358,False,1.0,False,359.76,1.0,False,211.21,619.88
1821,null_growth_n50_th20_beta5,null_growth,21,34481300,50,1000,20.0,0.0,5.0,inf,False,1,0,38,30,False,0,,31.97,1.0,False,0.223,False,1.0,False,261.69,1.0,False,165.86,470.61
1822,null_growth_n50_th20_beta5,null_growth,22,34489219,50,1000,20.0,0.0,5.0,inf,False,1,0,61,34,False,0,,36.44,1.0,False,0.814,False,1.0,False,415.46,1.0,False,220.41,683.87
1823,null_growth_n50_th20_beta5,null_growth,23,34497138,50,1000,20.0,0.0,5.0,inf,False,1,0,47,31,False,0,,38.1,1.0,False,0.18,False,1.0,False,329.89,1.0,False,194.33,575.49
1824,null_growth_n50_th20_beta5,null_growth,24,34505057,50,1000,20.0,0.0,5.0,inf,False,1,0,53,27,False,0,,32.26,0.45,False,0.481,False,0.023,True,367.79,1.0,False,194.06,607.09
1825,null_growth_n50_th20_beta5,null_growth,25,34512976,50,1000,20.0,0.0,5.0,inf,False,1,0,44,32,False,0,,42.29,1.0,False,0.568,False,1.0,False,303.18,1.0,False,176.0,534.16
1826,null_growth_n50_th20_beta5,null_growth,26,34520895,50,1000,20.0,0.0,5.0,inf,False,1,0,61,29,True,1,408,45.27,1.0,False,0.055,False,1.0,False,410.41,1.0,False,226.15,695.76
1827,null_growth_n50_th20_beta5,null_growth,27,34528814,50,1000,20.0,0.0,5.0,inf,False,1,0,40,23,False,0,,35.33,1.0,False,0.049,True,1.0,False,281.5,1.0,False,167.12,500.49
1828,null_growth_n50_th20_beta5,null_growth,28,34536733,50,1000,20.0,0.0,5.0,inf,False,1,0,45,29,False,0,,34.03,1.0,False,0.823,False,1.0,False,309.04,1.0,False,188.42,548.67
1829,null_growth_n50_th20_beta5,null_growth,29,34544652,50,1000,20.0,0.0,5.0,inf,False,1,0,43,33,False,0,,34.24,1.0,False,0.482,False,1.0,False,297.86,1.0,False,193.03,540.97
1830,null_growth_n50_th20_beta5,null_growth,30,34552571,50,1000,20.0,0.0,5.0,inf,False,1,0,55,38,False,0,,35.0,0.773,False,0.917,False,0.331,False,382.99,1.0,False,216.19,647.56
1831,null_growth_n50_th20_beta5,null_growth,31,34560490,50,1000,20.0,0.0,5.0,inf,False,1,0,58,38,False,0,,31.23,1.0,False,0.603,False,1.0,False,392.25,1.0,False,219.99,656.44
1832,null_growth_n50_th20_beta5,null_growth,32,34568409,50,1000,20.0,0.0,5.0,inf,False,1,0,61,44,False,0,,33.69,1.0,False,0.304,False,1.0,False,411.89,1.0,False,228.84,688.41
1833,null_growth_n50_th20_beta5,null_growth,33,34576328,50,1000,20.0,0.0,5.0,inf,False,1,0,41,22,False,0,,32.74,1.0,False,0.147,False,1.0,False,285.01,1.0,False,170.87,501.09
1834,null_growth_n50_th20_beta5,null_growth,34,34584247,50,1000,20.0,0.0,5.0,inf,False,1,0,52,40,False,0,,36.51,1.0,False,0.877,False,1.0,False,359.88,1.0,False,202.24,610.34
1835,null_growth_n50_th20_beta5,null_growth,35,34592166,50,1000,20.0,0.0,5.0,inf,False,1,0,57,38,False,0,,34.4,1.0,False,0.599,False,1.0,False,383.68,1.0,False,217.45,650.07
1836,null_growth_n50_th20_beta5,null_growth,36,34600085,50,1000,20.0,0.0,5.0,inf,False,1,0,70,50,True,1,406,44.6,1.0,False,0.36,False,1.0,False,468.5,1.0,False,252.11,778.57
1837,null_growth_n50_th20_beta5,null_growth,37,34608004,50,1000,20.0,0.0,5.0,inf,False,1,0,44,25,False,0,,35.04,1.0,False,0.303,False,1.0,False,312.13,1.0,False,172.79,531.9
1838,null_growth_n50_th20_beta5,null_growth,38,34615923,50,1000,20.0,0.0,5.0,inf,False,1,0,55,36,False,0,,35.3,1.0,False,0.716,False,1.0,False,371.29,1.0,False,217.26,637.12
1839,null_growth_n50_th20_beta5,null_growth,39,34623842,50,1000,20.0,0.0,5.0,inf,False,1,0,55,39,False,0,,36.0,1.0,False,0.283,False,1.0,False,370.62,1.0,False,218.72,638.44
1840,null_growth_n50_th20_beta5,null_growth,40,34631761,50,1000,20.0,0.0,5.0,inf,False,1,0,46,28,False,0,,32.25,0.975,False,0.095,False,1.0,False,312.89,1.0,False,187.32,545.83
1841,null_growth_n50_th20_beta5,null_growth,41,34639680,50,1000,20.0,0.0,5.0,inf,False,1,0,37,27,False,0,,36.81,1.0,False,0.774,False,1.0,False,264.66,1.0,False,166.13,486.46
1842,null_growth_n50_th20_beta5,null_growth,42,34647599,50,1000,20.0,0.0,5.0,inf,False,1,0,70,53,False,0,,30.69,0.638,False,0.424,False,0.095,False,474.3,1.0,False,253.26,771.78
1843,null_growth_n50_th20_beta5,null_growth,43,34655518,50,1000,20.0,0.0,5.0,inf,False,1,0,37,30,False,0,,37.02,1.0,False,0.958,False,1.0,False,272.13,1.0,False,160.6,482.19
1844,null_growth_n50_th20_beta5,null_growth,44,34663437,50,1000,20.0,0.0,5.0,inf,False,1,0,47,28,False,0,,38.51,0.909,False,0.036,True,0.728,False,329.76,1.0,False,190.51,571.68
1845,null_growth_n50_th20_beta5,null_growth,45,34671356,50,1000,20.0,0.0,5.0,inf,False,1,0,43,28,False,0,,31.46,1.0,False,0.326,False,1.0,False,306.31,1.0,False,187.63,538.05
1846,null_growth_n50_th20_beta5,null_growth,46,34679275,50,1000,20.0,0.0,5.0,inf,False,1,0,49,36,False,0,,33.93,1.0,False,0.871,False,1.0,False,335.68,1.0,False,213.29,597.79
1847,null_growth_n50_th20_beta5,null_growth,47,34687194,50,1000,20.0,0.0,5.0,inf,False,1,0,45,27,False,0,,37.02,1.0,False,0.88,False,1.0,False,309.8,1.0,False,200.82,561.06
1848,null_growth_n50_th20_beta5,null_growth,48,34695113,50,1000,20.0,0.0,5.0,inf,False,1,0,41,26,False,0,,39.47,1.0,False,0.39,False,1.0,False,287.09,1.0,False,195.94,536.23
1849,null_growth_n50_th20_beta5,null_growth,49,34703032,50,1000,20.0,0.0,5.0,inf,False,1,0,42,29,False,0,,34.06,0.186,False,0.668,False,1.0,False,290.89,1.0,False,189.34,525.8
1850,null_growth_n50_th20_beta20,null_growth,0,34710951,50,1000,20.0,0.0,20.0,inf,False,1,0,23,16,False,0,,37.44,1.0,False,0.446,False,1.0,False,172.81,1.0,False,136.53,359.5
1851,null_growth_n50_th20_beta20,null_growth,1,34718870,50,1000,20.0,0.0,20.0,inf,False,1,0,27,15,False,0,,33.61,1.0,False,0.99,False,1.0,False,204.79,1.0,False,128.04,378.14
1852,null_growth_n50_th20_beta20,null_growth,2,34726789,50,1000,20.0,0.0,20.0,inf,False,1,0,29,15,False,0,,38.05,1.0,False,0.936,False,1.0,False,214.98,1.0,False,133.62,399.35
1853,null_growth_n50_th20_beta20,null_growth,3,34734708,50,1000,20.0,0.0,20.0,inf,False,1,0,35,24,False,0,,31.08,1.0,False,0.54,False,1.0,False,243.26,1.0,False,163.28,450.27
1854,null_growth_n50_th20_beta20,null_growth,4,34742627,50,1000,20.0,0.0,20.0,inf,False,1,0,23,14,False,0,,33.37,1.0,False,0.276,False,1.0,False,168.42,1.0,False,124.87,338.69
1855,null_growth_n50_th20_beta20,null_growth,5,34750546,50,1000,20.0,0.0,20.0,inf,False,1,0,28,14,False,0,,36.5,1.0,False,0.998,False,1.0,False,200.56,1.0,False,149.61,400.52
1856,null_growth_n50_th20_beta20,null_growth,6,34758465,50,1000,20.0,0.0,20.0,inf,False,1,0,30,21,False,0,,33.44,1.0,False,0.787,False,1.0,False,213.62,1.0,False,150.22,409.75
1857,null_growth_n50_th20_beta20,null_growth,7,34766384,50,1000,20.0,0.0,20.0,inf,False,1,0,26,15,False,0,,30.86,1.0,False,0.044,True,1.0,False,187.15,1.0,False,141.67,371.13
1858,null_growth_n50_th20_beta20,null_growth,8,34774303,50,1000,20.0,0.0,20.0,inf,False,1,0,32,16,False,0,,30.49,1.0,False,0.265,False,1.0,False,227.24,1.0,False,153.28,424.87
1859,null_growth_n50_th20_beta20,null_growth,9,34782222,50,1000,20.0,0.0,20.0,inf,False,1,0,20,8,False,0,,43.33,1.0,False,0.346,False,1.0,False,161.98,1.0,False,110.66,327.26
1860,null_growth_n50_th20_beta20,null_growth,10,34790141,50,1000,20.0,0.0,20.0,inf,False,1,0,31,14,False,0,,33.28,1.0,False,0.011,True,1.0,False,255.67,1.0,False,134.58,435.51
1861,null_growth_n50_th20_beta20,null_growth,11,34798060,50,1000,20.0,0.0,20.0,inf,False,1,0,29,15,False,0,,36.94,1.0,False,1.0,False,1.0,False,207.49,1.0,False,129.83,388.14
1862,null_growth_n50_th20_beta20,null_growth,12,34805979,50,1000,20.0,0.0,20.0,inf,False,1,0,52,34,False,0,,39.65,1.0,False,0.483,False,1.0,False,356.29,1.0,False,198.73,609.99
1863,null_growth_n50_th20_beta20,null_growth,13,34813898,50,1000,20.0,0.0,20.0,inf,False,1,0,31,19,False,0,,38.16,1.0,False,0.881,False,1.0,False,218.23,1.0,False,144.91,415.32
1864,null_growth_n50_th20_beta20,null_growth,14,34821817,50,1000,20.0,0.0,20.0,inf,False,1,0,38,21,False,0,,38.64,1.0,False,0.378,False,1.0,False,262.82,1.0,False,186.46,502.72
1865,null_growth_n50_th20_beta20,null_growth,15,34829736,50,1000,20.0,0.0,20.0,inf,False,1,0,38,22,False,0,,35.81,0.889,False,0.169,False,1.0,False,257.43,1.0,False,182.59,488.27
1866,null_growth_n50_th20_beta20,null_growth,16,34837655,50,1000,20.0,0.0,20.0,inf,False,1,0,26,18,False,0,,30.62,1.0,False,0.488,False,1.0,False,184.71,1.0,False,132.2,358.9
1867,null_growth_n50_th20_beta20,null_growth,17,34845574,50,1000,20.0,0.0,20.0,inf,False,1,0,23,17,False,0,,36.83,1.0,False,0.864,False,1.0,False,165.52,1.0,False,141.32,357.18
1868,null_growth_n50_th20_beta20,null_growth,18,34853493,50,1000,20.0,0.0,20.0,inf,False,1,0,33,19,False,0,,38.23,1.0,False,0.585,False,1.0,False,245.45,1.0,False,143.51,439.88
1869,null_growth_n50_th20_beta20,null_growth,19,34861412,50,1000,20.0,0.0,20.0,inf,False,1,0,32,19,False,0,,36.23,1.0,False,0.394,False,1.0,False,234.15,1.0,False,136.5,422.29
1870,null_growth_n50_th20_beta20,null_growth,20,34869331,50,1000,20.0,0.0,20.0,inf,False,1,0,26,17,False,0,,33.81,1.0,False,0.15,False,1.0,False,190.69,1.0,False,146.88,386.01
1871,null_growth_n50_th20_beta20,null_growth,21,34877250,50,1000,20.0,0.0,20.0,inf,False,1,0,26,12,False,0,,32.81,1.0,False,0.425,False,1.0,False,198.61,1.0,False,131.84,377.89
1872,null_growth_n50_th20_beta20,null_growth,22,34885169,50,1000,20.0,0.0,20.0,inf,False,1,0,28,19,False,0,,41.55,1.0,False,0.672,False,1.0,False,201.18,1.0,False,170.36,426.33
1873,null_growth_n50_th20_beta20,null_growth,23,34893088,50,1000,20.0,0.0,20.0,inf,False,1,0,40,16,False,0,,38.51,1.0,False,0.923,False,1.0,False,279.53,1.0,False,162.41,494.52
1874,null_growth_n50_th20_beta20,null_growth,24,34901007,50,1000,20.0,0.0,20.0,inf,False,1,0,26,10,False,0,,31.47,1.0,False,0.623,False,1.0,False,189.08,1.0,False,150.53,383.06
1875,null_growth_n50_th20_beta20,null_growth,25,34908926,50,1000,20.0,0.0,20.0,inf,False,1,0,33,22,False,0,,44.1,1.0,False,0.556,False,1.0,False,235.28,1.0,False,141.42,432.97
1876,null_growth_n50_th20_beta20,null_growth,26,34916845,50,1000,20.0,0.0,20.0,inf,False,1,0,32,19,False,0,,46.25,1.0,False,0.955,False,1.0,False,244.57,1.0,False,143.15,447.29
1877,null_growth_n50_th20_beta20,null_growth,27,34924764,50,1000,20.0,0.0,20.0,inf,False,1,0,36,22,False,0,,47.49,1.0,False,0.7,False,1.0,False,252.76,1.0,False,165.99,480.25
1878,null_growth_n50_th20_beta20,null_growth,28,34932683,50,1000,20.0,0.0,20.0,inf,False,1,0,18,6,False,0,,35.07,1.0,False,0.962,False,1.0,False,139.72,1.0,False,102.88,292.1
1879,null_growth_n50_th20_beta20,null_growth,29,34940602,50,1000,20.0,0.0,20.0,inf,False,1,0,27,9,False,0,,31.08,1.0,False,0.951,False,1.0,False,207.87,1.0,False,132.38,384.01
1880,null_growth_n50_th20_beta20,null_growth,30,34948521,50,1000,20.0,0.0,20.0,inf,False,1,0,18,11,False,0,,31.09,1.0,False,0.999,False,1.0,False,143.3,1.0,False,107.7,294.8
1881,null_growth_n50_th20_beta20,null_growth,31,34956440,50,1000,20.0,0.0,20.0,inf,False,1,0,29,15,False,0,,36.27,1.0,False,0.968,False,1.0,False,208.24,1.0,False,131.4,389.13
1882,null_growth_n50_th20_beta20,null_growth,32,34964359,50,1000,20.0,0.0,20.0,inf,False,1,0,42,25,False,0,,35.19,1.0,False,0.667,False,1.0,False,293.29,1.0,False,173.94,515.22
1883,null_growth_n50_th20_beta20,null_growth,33,34972278,50,1000,20.0,0.0,20.0,inf,False,1,0,31,19,False,0,,33.72,1.0,False,0.404,False,1.0,False,221.01,1.0,False,141.63,409.5
1884,null_growth_n50_th20_beta20,null_growth,34,34980197,50,1000,20.0,0.0,20.0,inf,False,1,0,36,27,False,0,,41.41,1.0,False,0.075,False,1.0,False,247.56,1.0,False,164.99,466.14
1885,null_growth_n50_th20_beta20,null_growth,35,34988116,50,1000,20.0,0.0,20.0,inf,False,1,0,43,20,False,0,,32.17,1.0,False,0.766,False,1.0,False,298.5,1.0,False,171.53,515.04
1886,null_growth_n50_th20_beta20,null_growth,36,34996035,50,1000,20.0,0.0,20.0,inf,False,1,0,21,14,False,0,,32.92,1.0,False,0.936,False,1.0,False,164.86,1.0,False,118.01,329.55
1887,null_growth_n50_th20_beta20,null_growth,37,35003954,50,1000,20.0,0.0,20.0,inf,False,1,0,43,25,False,0,,32.71,0.54,False,0.741,False,0.121,False,304.33,1.0,False,172.85,523.76
1888,null_growth_n50_th20_beta20,null_growth,38,35011873,50,1000,20.0,0.0,20.0,inf,False,1,0,27,13,False,0,,37.25,1.0,False,0.715,False,1.0,False,199.72,1.0,False,133.09,381.6
1889,null_growth_n50_th20_beta20,null_growth,39,35019792,50,1000,20.0,0.0,20.0,inf,False,1,0,41,19,False,0,,34.24,1.0,False,0.48,False,1.0,False,294.5,1.0,False,165.03,506.54
1890,null_growth_n50_th20_beta20,null_growth,40,35027711,50,1000,20.0,0.0,20.0,inf,False,1,0,28,14,False,0,,44.99,1.0,False,0.238,False,1.0,False,210.65,1.0,False,131.6,398.92
1891,null_growth_n50_th20_beta20,null_growth,41,35035630,50,1000,20.0,0.0,20.0,inf,False,1,0,26,14,False,0,,39.22,1.0,False,0.266,False,1.0,False,190.85,1.0,False,138.23,381.51
1892,null_growth_n50_th20_beta20,null_growth,42,35043549,50,1000,20.0,0.0,20.0,inf,False,1,0,25,17,False,0,,30.4,1.0,False,0.982,False,1.0,False,196.68,1.0,False,134.72,375.93
1893,null_growth_n50_th20_beta20,null_growth,43,35051468,50,1000,20.0,0.0,20.0,inf,False,1,0,32,16,False,0,,37.6,1.0,False,0.649,False,1.0,False,231.48,1.0,False,143.61,424.43
1894,null_growth_n50_th20_beta20,null_growth,44,35059387,50,1000,20.0,0.0,20.0,inf,False,1,0,29,23,False,0,,36.12,0.325,False,0.979,False,1.0,False,212.36,1.0,False,138.48,399.15
1895,null_growth_n50_th20_beta20,null_growth,45,35067306,50,1000,20.0,0.0,20.0,inf,False,1,0,26,14,False,0,,34.79,1.0,False,0.087,False,1.0,False,195.4,1.0,False,129.14,371.97
1896,null_growth_n50_th20_beta20,null_growth,46,35075225,50,1000,20.0,0.0,20.0,inf,False,1,0,37,24,False,0,,30.49,1.0,False,0.965,False,1.0,False,273.32,1.0,False,162.23,478.89
1897,null_growth_n50_th20_beta20,null_growth,47,35083144,50,1000,20.0,0.0,20.0,inf,False,1,0,22,17,False,0,,47.91,1.0,False,1.0,False,1.0,False,171.78,1.0,False,122.31,356.55
1898,null_growth_n50_th20_beta20,null_growth,48,35091063,50,1000,20.0,0.0,20.0,inf,False,1,0,27,16,False,0,,42.52,1.0,False,0.047,True,1.0,False,197.41,1.0,False,130.17,382.94
1899,null_growth_n50_th20_beta20,null_growth,49,35098982,50,1000,20.0,0.0,20.0,inf,False,1,0,37,25,False,0,,37.52,0.653,False,0.745,False,0.633,False,268.72,1.0,False,161.71,481.01
1900,null_gamma_n10_th10_alpha0.5,null_gamma,0,35106901,10,1000,10.0,0.0,0.0,0.5,False,1,0,16,6,False,0,,4.46,1.0,False,0.951,False,1.0,False,26.18,1.0,False,32.46,72.67
1901,null_gamma_n10_th10_alpha0.5,null_gamma,1,35114820,10,1000,10.0,0.0,0.0,0.5,False,1,0,20,14,False,0,,5.77,1.0,False,0.542,False,1.0,False,29.93,1.0,False,34.74,81.33
1902,null_gamma_n10_th10_alpha0.5,null_gamma,2,35122739,10,1000,10.0,0.0,0.0,0.5,False,1,0,11,4,False,0,,4.58,1.0,False,0.677,False,1.0,False,26.67,1.0,False,33.64,74.84
1903,null_gamma_n10_th10_alpha0.5,null_gamma,3,35130658,10,1000,10.0,0.0,0.0,0.5,False,1,0,45,42,False,0,,6.58,1.0,False,0.262,False,1.0,False,37.75,1.0,False,32.94,87.82
1904,null_gamma_n10_th10_alpha0.5,null_gamma,4,35138577,10,1000,10.0,0.0,0.0,0.5,False,1,0,30,6,False,0,,5.17,1.0,False,0.974,False,1.0,False,31.25,1.0,False,32.6,81.05
1905,null_gamma_n10_th10_alpha0.5,null_gamma,5,35146496,10,1000,10.0,0.0,0.0,0.5,False,1,0,30,15,False,0,,6.71,1.0,False,0.667,False,1.0,False,30.49,1.0,False,44.64,91.78
1906,null_gamma_n10_th10_alpha0.5,null_gamma,6,35154415,10,1000,10.0,0.0,0.0,0.5,False,1,0,20,2,False,0,,5.46,1.0,False,1.0,False,1.0,False,27.74,1.0,False,45.51,88.41
1907,null_gamma_n10_th10_alpha0.5,null_gamma,7,35162334,10,1000,10.0,0.0,0.0,0.5,False,1,0,21,12,False,0,,6.19,1.0,False,0.968,False,1.0,False,29.52,1.0,False,32.38,78.51
1908,null_gamma_n10_th10_alpha0.5,null_gamma,8,35170253,10,1000,10.0,0.0,0.0,0.5,False,1,0,8,5,False,0,,4.71,0.207,False,0.85,False,0.695,False,25.72,1.0,False,31.76,73.43
1909,null_gamma_n10_th10_alpha0.5,null_gamma,9,35178172,10,1000,10.0,0.0,0.0,0.5,False,1,0,86,7,False,0,,6.45,0.0899,False,0.161,False,0.705,False,44.85,1.0,False,37.81,99.71
1910,null_gamma_n10_th10_alpha0.5,null_gamma,10,35186091,10,1000,10.0,0.0,0.0,0.5,False,1,0,19,6,False,0,,6.34,1.0,False,0.766,False,1.0,False,27.82,1.0,False,30.71,75.4
1911,null_gamma_n10_th10_alpha0.5,null_gamma,11,35194010,10,1000,10.0,0.0,0.0,0.5,False,1,0,34,27,False,0,,5.43,1.0,False,0.992,False,1.0,False,32.3,1.0,False,32.31,81.63
1912,null_gamma_n10_th10_alpha0.5,null_gamma,12,35201929,10,1000,10.0,0.0,0.0,0.5,False,1,0,31,26,False,0,,5.2,0.541,False,0.707,False,0.604,False,31.19,1.0,False,37.85,83.77
1913,null_gamma_n10_th10_alpha0.5,null_gamma,13,35209848,10,1000,10.0,0.0,0.0,0.5,False,1,0,21,13,False,0,,6.36,1.0,False,0.974,False,1.0,False,32.22,1.0,False,37.36,86.01
1914,null_gamma_n10_th10_alpha0.5,null_gamma,14,35217767,10,1000,10.0,0.0,0.0,0.5,False,1,0,19,12,False,0,,5.24,1.0,False,0.396,False,1.0,False,32.49,1.0,False,37.87,85.68
1915,null_gamma_n10_th10_alpha0.5,null_gamma,15,35225686,10,1000,10.0,0.0,0.0,0.5,False,1,0,33,13,False,0,,6.04,1.0,False,0.701,False,1.0,False,34.19,1.0,False,35.03,85.38
1916,null_gamma_n10_th10_alpha0.5,null_gamma,16,35233605,10,1000,10.0,0.0,0.0,0.5,False,1,0,23,16,False,0,,5.99,1.0,False,0.72,False,1.0,False,29.87,1.0,False,32.1,78.15
1917,null_gamma_n10_th10_alpha0.5,null_gamma,17,35241524,10,1000,10.0,0.0,0.0,0.5,False,1,0,33,25,False,0,,6.41,1.0,False,0.532,False,1.0,False,35.59,1.0,False,30.95,85.8
1918,null_gamma_n10_th10_alpha0.5,null_gamma,18,35249443,10,1000,10.0,0.0,0.0,0.5,False,1,0,70,59,False,0,,6.44,0.242,False,0.432,False,1.0,False,43.91,1.0,False,34.04,96.97
1919,null_gamma_n10_th10_alpha0.5,null_gamma,19,35257362,10,1000,10.0,0.0,0.0,0.5,False,1,0,40,36,False,0,,6.61,0.848,False,0.868,False,0.07,False,35.83,1.0,False,34.71,88.49
1920,null_gamma_n10_th10_alpha0.5,null_gamma,20,35265281,10,1000,10.0,0.0,0.0,0.5,False,1,0,11,7,False,0,,5.39,1.0,False,0.993,False,1.0,False,26.21,1.0,False,32.93,75.87
1921,null_gamma_n10_th10_alpha0.5,null_gamma,21,35273200,10,1000,10.0,0.0,0.0,0.5,False,1,0,25,13,False,0,,5.89,1.0,False,0.864,False,1.0,False,30.06,1.0,False,32.38,78.28
1922,null_gamma_n10_th10_alpha0.5,null_gamma,22,35281119,10,1000,10.0,0.0,0.0,0.5,False,1,0,35,20,False,0,,6.52,1.0,False,0.926,False,1.0,False,35.87,1.0,False,34.81,86.52
1923,null_gamma_n10_th10_alpha0.5,null_gamma,23,35289038,10,1000,10.0,0.0,0.0,0.5,False,1,0,21,18,False,0,,6.05,1.0,False,0.651,False,1.0,False,31.43,1.0,False,31.65,79.01
1924,null_gamma_n10_th10_alpha0.5,null_gamma,24,35296957,10,1000,10.0,0.0,0.0,0.5,False,1,0,19,2,False,0,,7.23,1.0,False,1.0,False,1.0,False,30.28,1.0,False,31.03,78.49
1925,null_gamma_n10_th10_alpha0.5,null_gamma,25,35304876,10,1000,10.0,0.0,0.0,0.5,False,1,0,33,24,False,0,,5.71,1.0,False,0.843,False,1.0,False,34.03,1.0,False,39.73,88.56
1926,null_gamma_n10_th10_alpha0.5,null_gamma,26,35312795,10,1000,10.0,0.0,0.0,0.5,False,1,0,15,8,False,0,,6.17,1.0,False,0.552,False,1.0,False,27.89,1.0,False,35.32,81.29
1927,null_gamma_n10_th10_alpha0.5,null_gamma,27,35320714,10,1000,10.0,0.0,0.0,0.5,False,1,0,17,0,False,0,,5.56,1.0,False,1.0,False,1.0,False,28.19,1.0,False,35.83,81.25
1928,null_gamma_n10_th10_alpha0.5,null_gamma,28,35328633,10,1000,10.0,0.0,0.0,0.5,False,1,0,34,28,False,0,,5.49,1.0,False,0.222,False,1.0,False,32.56,1.0,False,32.75,82.79
1929,null_gamma_n10_th10_alpha0.5,null_gamma,29,35336552,10,1000,10.0,0.0,0.0,0.5,False,1,0,34,31,False,0,,5.27,1.0,False,0.964,False,1.0,False,34.87,1.0,False,38.43,90.38
1930,null_gamma_n10_th10_alpha0.5,null_gamma,30,35344471,10,1000,10.0,0.0,0.0,0.5,False,1,0,20,5,False,0,,5.27,1.0,False,0.175,False,1.0,False,30.74,1.0,False,34.3,81.31
1931,null_gamma_n10_th10_alpha0.5,null_gamma,31,35352390,10,1000,10.0,0.0,0.0,0.5,False,1,0,18,13,False,0,,5.35,1.0,False,0.566,False,1.0,False,29.48,1.0,False,35.73,81.3
1932,null_gamma_n10_th10_alpha0.5,null_gamma,32,35360309,10,1000,10.0,0.0,0.0,0.5,False,1,0,28,23,False,0,,5.8,1.0,False,0.515,False,1.0,False,33.64,1.0,False,30.37,80.54
1933,null_gamma_n10_th10_alpha0.5,null_gamma,33,35368228,10,1000,10.0,0.0,0.0,0.5,False,1,0,38,17,False,0,,5.77,1.0,False,0.109,False,1.0,False,31.63,1.0,False,37.18,86.86
1934,null_gamma_n10_th10_alpha0.5,null_gamma,34,35376147,10,1000,10.0,0.0,0.0,0.5,False,1,0,4,2,False,0,,2.1,1.0,False,1.0,False,1.0,False,25.36,1.0,False,32.99,70.33
1935,null_gamma_n10_th10_alpha0.5,null_gamma,35,35384066,10,1000,10.0,0.0,0.0,0.5,False,1,0,4,2,False,0,,4.03,1.0,False,1.0,False,1.0,False,27.33,1.0,False,37.56,79.05
1936,null_gamma_n10_th10_alpha0.5,null_gamma,36,35391985,10,1000,10.0,0.0,0.0,0.5,False,1,0,22,17,False,0,,6.0,1.0,False,0.249,False,1.0,False,30.08,1.0,False,35.04,83.86
1937,null_gamma_n10_th10_alpha0.5,null_gamma,37,35399904,10,1000,10.0,0.0,0.0,0.5,False,1,0,39,34,False,0,,5.29,1.0,False,0.323,False,1.0,False,35.57,1.0,False,42.51,94.14
1938,null_gamma_n10_th10_alpha0.5,null_gamma,38,35407823,10,1000,10.0,0.0,0.0,0.5,False,1,0,33,11,False,0,,4.98,1.0,False,0.081,False,1.0,False,33.35,1.0,False,43.23,91.59
1939,null_gamma_n10_th10_alpha0.5,null_gamma,39,35415742,10,1000,10.0,0.0,0.0,0.5,False,1,0,21,17,False,0,,5.32,1.0,False,0.853,False,1.0,False,31.07,1.0,False,43.91,90.81
1940,null_gamma_n10_th10_alpha0.5,null_gamma,40,35423661,10,1000,10.0,0.0,0.0,0.5,False,1,0,36,23,False,0,,7.79,1.0,False,0.668,False,1.0,False,33.06,1.0,False,33.25,87.77
1941,null_gamma_n10_th10_alpha0.5,null_gamma,41,35431580,10,1000,10.0,0.0,0.0,0.5,False,1,0,15,11,False,0,,6.78,1.0,False,0.681,False,1.0,False,30.73,1.0,False,33.79,81.22
1942,null_gamma_n10_th10_alpha0.5,null_gamma,42,35439499,10,1000,10.0,0.0,0.0,0.5,False,1,0,18,11,False,0,,6.01,1.0,False,0.34,False,1.0,False,30.81,1.0,False,35.07,82.19
1943,null_gamma_n10_th10_alpha0.5,null_gamma,43,35447418,10,1000,10.0,0.0,0.0,0.5,False,1,0,23,17,False,0,,6.43,1.0,False,0.989,False,1.0,False,30.72,1.0,False,36.31,83.77
1944,null_gamma_n10_th10_alpha0.5,null_gamma,44,35455337,10,1000,10.0,0.0,0.0,0.5,False,1,0,17,11,False,0,,11.02,1.0,False,0.591,False,1.0,False,29.52,1.0,False,34.07,86.25
1945,null_gamma_n10_th10_alpha0.5,null_gamma,45,35463256,10,1000,10.0,0.0,0.0,0.5,False,1,0,16,10,False,0,,5.78,1.0,False,0.7,False,1.0,False,28.1,1.0,False,37.71,82.49
1946,null_gamma_n10_th10_alpha0.5,null_gamma,46,35471175,10,1000,10.0,0.0,0.0,0.5,False,1,0,16,8,False,0,,4.91,0.653,False,0.712,False,0.572,False,28.39,1.0,False,37.91,81.77
1947,null_gamma_n10_th10_alpha0.5,null_gamma,47,35479094,10,1000,10.0,0.0,0.0,0.5,False,1,0,50,42,False,0,,5.78,0.565,False,0.08,False,0.242,False,38.47,1.0,False,35.5,89.17
1948,null_gamma_n10_th10_alpha0.5,null_gamma,48,35487013,10,1000,10.0,0.0,0.0,0.5,False,1,0,33,24,False,0,,6.67,0.858,False,0.832,False,0.79,False,33.29,1.0,False,31.46,82.39
1949,null_gamma_n10_th10_alpha0.5,null_gamma,49,35494932,10,1000,10.0,0.0,0.0,0.5,False,1,0,57,43,False,0,,5.81,1.0,False,0.048,True,1.0,False,39.65,1.0,False,42.52,106.12
1950,null_gamma_n10_th10_alpha2.0,null_gamma,0,35502851,10,1000,10.0,0.0,0.0,2.0,False,1,0,37,27,False,0,,5.43,1.0,False,0.816,False,1.0,False,36.57,1.0,False,39.69,91.17
1951,null_gamma_n10_th10_alpha2.0,null_gamma,1,35510770,10,1000,10.0,0.0,0.0,2.0,False,1,0,17,14,False,0,,6.85,1.0,False,0.207,False,1.0,False,28.0,1.0,False,32.6,77.86
1952,null_gamma_n10_th10_alpha2.0,null_gamma,2,35518689,10,1000,10.0,0.0,0.0,2.0,False,1,0,19,5,False,0,,6.6,1.0,False,0.846,False,1.0,False,32.44,1.0,False,32.3,84.19
1953,null_gamma_n10_th10_alpha2.0,null_gamma,3,35526608,10,1000,10.0,0.0,0.0,2.0,False,1,0,16,5,False,0,,5.37,1.0,False,0.677,False,1.0,False,27.45,1.0,False,31.82,75.55
1954,null_gamma_n10_th10_alpha2.0,null_gamma,4,35534527,10,1000,10.0,0.0,0.0,2.0,False,1,0,41,36,False,0,,5.7,1.0,False,0.827,False,1.0,False,34.38,1.0,False,31.65,82.67
1955,null_gamma_n10_th10_alpha2.0,null_gamma,5,35542446,10,1000,10.0,0.0,0.0,2.0,False,1,0,20,16,False,0,,5.48,1.0,False,0.736,False,1.0,False,34.08,1.0,False,35.94,85.88
1956,null_gamma_n10_th10_alpha2.0,null_gamma,6,35550365,10,1000,10.0,0.0,0.0,2.0,False,1,0,8,5,False,0,,4.29,1.0,False,0.602,False,1.0,False,24.3,1.0,False,32.27,71.61
1957,null_gamma_n10_th10_alpha2.0,null_gamma,7,35558284,10,1000,10.0,0.0,0.0,2.0,False,1,0,18,11,False,0,,5.83,1.0,False,0.191,False,1.0,False,28.74,1.0,False,34.67,81.22
1958,null_gamma_n10_th10_alpha2.0,null_gamma,8,35566203,10,1000,10.0,0.0,0.0,2.0,False,1,0,39,10,False,0,,5.61,0.62,False,0.791,False,0.135,False,35.67,1.0,False,37.56,88.23
1959,null_gamma_n10_th10_alpha2.0,null_gamma,9,35574122,10,1000,10.0,0.0,0.0,2.0,False,1,0,23,19,False,0,,5.64,1.0,False,0.666,False,1.0,False,29.63,1.0,False,33.98,82.85
1960,null_gamma_n10_th10_alpha2.0,null_gamma,10,35582041,10,1000,10.0,0.0,0.0,2.0,False,1,0,20,17,False,0,,6.77,1.0,False,0.891,False,1.0,False,31.16,1.0,False,34.03,81.58
1961,null_gamma_n10_th10_alpha2.0,null_gamma,11,35589960,10,1000,10.0,0.0,0.0,2.0,False,1,0,42,35,False,0,,5.33,1.0,False,0.43,False,1.0,False,37.49,1.0,False,36.97,90.83
1962,null_gamma_n10_th10_alpha2.0,null_gamma,12,35597879,10,1000,10.0,0.0,0.0,2.0,False,1,0,30,20,False,0,,6.13,1.0,False,0.541,False,1.0,False,30.44,1.0,False,35.43,83.8
1963,null_gamma_n10_th10_alpha2.0,null_gamma,13,35605798,10,1000,10.0,0.0,0.0,2.0,False,1,0,18,13,False,0,,5.82,1.0,False,0.341,False,1.0,False,30.81,1.0,False,32.14,81.51
1964,null_gamma_n10_th10_alpha2.0,null_gamma,14,35613717,10,1000,10.0,0.0,0.0,2.0,False,1,0,22,17,False,0,,5.17,0.678,False,0.946,False,0.632,False,31.45,1.0,False,35.61,82.98
1965,null_gamma_n10_th10_alpha2.0,null_gamma,15,35621636,10,1000,10.0,0.0,0.0,2.0,False,1,0,25,20,False,0,,6.7,1.0,False,0.247,False,1.0,False,33.31,1.0,False,32.72,83.27
1966,null_gamma_n10_th10_alpha2.0,null_gamma,16,35629555,10,1000,10.0,0.0,0.0,2.0,False,1,0,36,17,False,0,,5.73,1.0,False,0.823,False,1.0,False,33.5,1.0,False,33.79,85.65
1967,null_gamma_n10_th10_alpha2.0,null_gamma,17,35637474,10,1000,10.0,0.0,0.0,2.0,False,1,0,22,16,False,0,,5.19,1.0,False,0.98,False,1.0,False,29.33,1.0,False,33.92,80.19
1968,null_gamma_n10_th10_alpha2.0,null_gamma,18,35645393,10,1000,10.0,0.0,0.0,2.0,False,1,0,20,10,False,0,,8.0,1.0,False,0.891,False,1.0,False,35.25,1.0,False,34.12,87.42
1969,null_gamma_n10_th10_alpha2.0,null_gamma,19,35653312,10,1000,10.0,0.0,0.0,2.0,False,1,0,22,13,False,0,,5.45,1.0,False,0.343,False,1.0,False,31.25,1.0,False,36.42,83.6
1970,null_gamma_n10_th10_alpha2.0,null_gamma,20,35661231,10,1000,10.0,0.0,0.0,2.0,False,1,0,18,11,False,0,,5.65,1.0,False,0.545,False,1.0,False,29.3,1.0,False,35.21,81.04
1971,null_gamma_n10_th10_alpha2.0,null_gamma,21,35669150,10,1000,10.0,0.0,0.0,2.0,False,1,0,29,26,False,0,,5.9,1.0,False,0.118,False,1.0,False,32.04,1.0,False,35.53,85.32
1972,null_gamma_n10_th10_alpha2.0,null_gamma,22,35677069,10,1000,10.0,0.0,0.0,2.0,False,1,0,15,3,False,0,,6.37,1.0,False,0.976,False,1.0,False,29.72,1.0,False,34.82,80.95
1973,null_gamma_n10_th10_alpha2.0,null_gamma,23,35684988,10,1000,10.0,0.0,0.0,2.0,False,1,0,42,34,False,0,,5.95,1.0,False,0.821,False,1.0,False,36.3,1.0,False,31.9,83.98
1974,null_gamma_n10_th10_alpha2.0,null_gamma,24,35692907,10,1000,10.0,0.0,0.0,2.0,False,1,0,54,13,False,0,,5.63,1.0,False,0.751,False,1.0,False,39.08,1.0,False,32.9,89.87
1975,null_gamma_n10_th10_alpha2.0,null_gamma,25,35700826,10,1000,10.0,0.0,0.0,2.0,False,1,0,20,16,False,0,,4.89,1.0,False,0.858,False,1.0,False,31.38,1.0,False,31.91,78.58
1976,null_gamma_n10_th10_alpha2.0,null_gamma,26,35708745,10,1000,10.0,0.0,0.0,2.0,False,1,0,27,17,False,0,,9.24,1.0,False,0.996,False,1.0,False,32.12,1.0,False,34.89,87.61
1977,null_gamma_n10_th10_alpha2.0,null_gamma,27,35716664,10,1000,10.0,0.0,0.0,2.0,False,1,0,36,12,False,0,,6.43,1.0,False,0.83,False,1.0,False,33.11,1.0,False,39.99,91.4
1978,null_gamma_n10_th10_alpha2.0,null_gamma,28,35724583,10,1000,10.0,0.0,0.0,2.0,False,1,0,23,11,False,0,,6.79,1.0,False,0.942,False,1.0,False,30.13,1.0,False,36.36,83.77
1979,null_gamma_n10_th10_alpha2.0,null_gamma,29,35732502,10,1000,10.0,0.0,0.0,2.0,False,1,0,17,7,False,0,,5.06,1.0,False,0.884,False,1.0,False,32.37,1.0,False,37.18,84.83
1980,null_gamma_n10_th10_alpha2.0,null_gamma,30,35740421,10,1000,10.0,0.0,0.0,2.0,False,1,0,11,5,False,0,,5.92,1.0,False,0.707,False,1.0,False,27.99,1.0,False,38.93,83.77
1981,null_gamma_n10_th10_alpha2.0,null_gamma,31,35748340,10,1000,10.0,0.0,0.0,2.0,False,1,0,31,23,False,0,,6.55,1.0,False,0.971,False,1.0,False,32.7,1.0,False,33.05,84.08
1982,null_gamma_n10_th10_alpha2.0,null_gamma,32,35756259,10,1000,10.0,0.0,0.0,2.0,False,1,0,22,11,False,0,,7.34,1.0,False,0.559,False,1.0,False,30.75,1.0,False,33.9,83.15
1983,null_gamma_n10_th10_alpha2.0,null_gamma,33,35764178,10,1000,10.0,0.0,0.0,2.0,False,1,0,36,26,False,0,,5.95,1.0,False,0.963,False,1.0,False,33.3,1.0,False,34.59,83.75
1984,null_gamma_n10_th10_alpha2.0,null_gamma,34,35772097,10,1000,10.0,0.0,0.0,2.0,False,1,0,20,9,False,0,,9.18,1.0,False,0.699,False,1.0,False,29.43,1.0,False,32.89,81.0
1985,null_gamma_n10_th10_alpha2.0,null_gamma,35,35780016,10,1000,10.0,0.0,0.0,2.0,False,1,0,47,23,False,0,,7.34,0.257,False,0.336,False,0.169,False,36.24,1.0,False,35.41,90.42
1986,null_gamma_n10_th10_alpha2.0,null_gamma,36,35787935,10,1000,10.0,0.0,0.0,2.0,False,1,0,28,21,False,0,,6.59,1.0,False,0.129,False,1.0,False,31.59,1.0,False,35.01,82.99
1987,null_gamma_n10_th10_alpha2.0,null_gamma,37,35795854,10,1000,10.0,0.0,0.0,2.0,False,1,0,52,31,False,0,,6.33,1.0,False,0.398,False,1.0,False,37.97,1.0,False,37.34,92.9
1988,null_gamma_n10_th10_alpha2.0,null_gamma,38,35803773,10,1000,10.0,0.0,0.0,2.0,False,1,0,34,23,False,0,,6.34,1.0,False,0.471,False,1.0,False,34.57,1.0,False,39.38,90.65
1989,null_gamma_n10_th10_alpha2.0,null_gamma,39,35811692,10,1000,10.0,0.0,0.0,2.0,False,1,0,52,43,False,0,,5.32,0.642,False,0.725,False,0.569,False,39.37,1.0,False,35.39,91.62
1990,null_gamma_n10_th10_alpha2.0,null_gamma,40,35819611,10,1000,10.0,0.0,0.0,2.0,False,1,0,6,5,False,0,,4.44,1.0,False,0.315,False,1.0,False,26.34,1.0,False,35.51,76.97
1991,null_gamma_n10_th10_alpha2.0,null_gamma,41,35827530,10,1000,10.0,0.0,0.0,2.0,False,1,0,36,26,False,0,,5.43,1.0,False,0.787,False,1.0,False,34.18,1.0,False,35.74,87.79
1992,null_gamma_n10_th10_alpha2.0,null_gamma,42,35835449,10,1000,10.0,0.0,0.0,2.0,False,1,0,18,11,False,0,,4.52,1.0,False,0.367,False,1.0,False,30.05,1.0,False,35.43,79.7
1993,null_gamma_n10_th10_alpha2.0,null_gamma,43,35843368,10,1000,10.0,0.0,0.0,2.0,False,1,0,29,22,False,0,,5.34,1.0,False,0.493,False,1.0,False,33.02,1.0,False,32.28,81.55
1994,null_gamma_n10_th10_alpha2.0,null_gamma,44,35851287,10,1000,10.0,0.0,0.0,2.0,False,1,0,47,34,False,0,,6.53,1.0,False,0.096,False,1.0,False,35.07,1.0,False,37.83,90.62
1995,null_gamma_n10_th10_alpha2.0,null_gamma,45,35859206,10,1000,10.0,0.0,0.0,2.0,False,1,0,80,30,False,0,,5.36,0.241,False,0.328,False,0.142,False,46.52,1.0,False,35.47,99.52
1996,null_gamma_n10_th10_alpha2.0,null_gamma,46,35867125,10,1000,10.0,0.0,0.0,2.0,False,1,0,22,21,False,0,,5.65,1.0,False,0.476,False,1.0,False,31.34,1.0,False,35.08,83.13
1997,null_gamma_n10_th10_alpha2.0,null_gamma,47,35875044,10,1000,10.0,0.0,0.0,2.0,False,1,0,21,8,False,0,,6.49,1.0,False,0.051,False,1.0,False,29.97,1.0,False,31.38,77.95
1998,null_gamma_n10_th10_alpha2.0,null_gamma,48,35882963,10,1000,10.0,0.0,0.0,2.0,False,1,0,26,24,False,0,,6.7,1.0,False,0.417,False,1.0,False,33.43,1.0,False,32.38,84.32
1999,null_gamma_n10_th10_alpha2.0,null_gamma,49,35890882,10,1000,10.0,0.0,0.0,2.0,False,1,0,25,20,False,0,,5.58,0.212,False,0.44,False,0.574,False,32.04,1.0,False,32.82,82.49
2000,null_gamma_n10_th20_alpha0.5,null_gamma,0,35898801,10,1000,20.0,0.0,0.0,0.5,False,1,0,50,44,False,0,,5.77,0.888,False,0.73,False,1.0,False,39.22,1.0,False,35.26,90.32
2001,null_gamma_n10_th20_alpha0.5,null_gamma,1,35906720,10,1000,20.0,0.0,0.0,0.5,False,1,0,62,49,False,0,,6.31,0.205,False,0.332,False,0.654,False,40.02,1.0,False,36.66,95.3
2002,null_gamma_n10_th20_alpha0.5,null_gamma,2,35914639,10,1000,20.0,0.0,0.0,0.5,False,1,0,33,25,False,0,,7.5,1.0,False,0.864,False,1.0,False,31.85,1.0,False,36.97,85.98
2003,null_gamma_n10_th20_alpha0.5,null_gamma,3,35922558,10,1000,20.0,0.0,0.0,0.5,False,1,0,35,8,False,0,,5.87,1.0,False,0.819,False,1.0,False,34.02,1.0,False,35.34,84.48
2004,null_gamma_n10_th20_alpha0.5,null_gamma,4,35930477,10,1000,20.0,0.0,0.0,0.5,False,1,0,61,50,False,0,,6.75,0.889,False,0.469,False,0.531,False,41.58,1.0,False,33.85,97.99
2005,null_gamma_n10_th20_alpha0.5,null_gamma,5,35938396,10,1000,20.0,0.0,0.0,0.5,False,1,0,42,18,False,0,,6.68,1.0,False,0.357,False,1.0,False,34.74,1.0,False,32.69,84.7
2006,null_gamma_n10_th20_alpha0.5,null_gamma,6,35946315,10,1000,20.0,0.0,0.0,0.5,False,1,0,96,73,False,0,,6.23,1.0,False,0.766,False,1.0,False,51.86,1.0,False,34.95,103.05
2007,null_gamma_n10_th20_alpha0.5,null_gamma,7,35954234,10,1000,20.0,0.0,0.0,0.5,False,1,0,52,12,False,0,,5.52,0.895,False,0.28,False,0.575,False,39.97,1.0,False,34.75,91.38
2008,null_gamma_n10_th20_alpha0.5,null_gamma,8,35962153,10,1000,20.0,0.0,0.0,0.5,False,1,0,50,34,False,0,,7.82,1.0,False,0.941,False,1.0,False,39.21,1.0,False,33.64,92.91
2009,null_gamma_n10_th20_alpha0.5,null_gamma,9,35970072,10,1000,20.0,0.0,0.0,0.5,False,1,0,43,26,False,0,,9.59,1.0,False,0.185,False,1.0,False,34.88,1.0,False,39.05,95.4
2010,null_gamma_n10_th20_alpha0.5,null_gamma,10,35977991,10,1000,20.0,0.0,0.0,0.5,False,1,0,50,41,False,0,,7.04,1.0,False,0.256,False,1.0,False,37.89,1.0,False,37.39,94.64
2011,null_gamma_n10_th20_alpha0.5,null_gamma,11,35985910,10,1000,20.0,0.0,0.0,0.5,False,1,0,46,33,False,0,,7.82,1.0,False,0.412,False,1.0,False,38.35,1.0,False,35.77,95.82
2012,null_gamma_n10_th20_alpha0.5,null_gamma,12,35993829,10,1000,20.0,0.0,0.0,0.5,False,1,0,49,11,False,0,,6.84,0.976,False,0.282,False,0.475,False,36.91,1.0,False,34.8,90.27
2013,null_gamma_n10_th20_alpha0.5,null_gamma,13,36001748,10,1000,20.0,0.0,0.0,0.5,False,1,0,59,49,False,0,,7.98,0.677,False,0.928,False,0.219,False,45.11,1.0,False,34.12,97.37
2014,null_gamma_n10_th20_alpha0.5,null_gamma,14,36009667,10,1000,20.0,0.0,0.0,0.5,False,1,0,34,17,False,0,,7.49,1.0,False,0.962,False,1.0,False,34.46,1.0,False,33.92,87.72
2015,null_gamma_n10_th20_alpha0.5,null_gamma,15,36017586,10,1000,20.0,0.0,0.0,0.5,False,1,0,49,31,False,0,,11.75,1.0,False,0.239,False,1.0,False,38.19,1.0,False,40.38,102.02
2016,null_gamma_n10_th20_alpha0.5,null_gamma,16,36025505,10,1000,20.0,0.0,0.0,0.5,False,1,0,30,23,False,0,,5.67,1.0,False,0.391,False,1.0,False,34.06,1.0,False,38.56,89.64
2017,null_gamma_n10_th20_alpha0.5,null_gamma,17,36033424,10,1000,20.0,0.0,0.0,0.5,False,1,0,42,9,False,0,,5.78,1.0,False,0.079,False,1.0,False,36.84,1.0,False,41.11,96.08
2018,null_gamma_n10_th20_alpha0.5,null_gamma,18,36041343,10,1000,20.0,0.0,0.0,0.5,False,1,0,41,25,False,0,,6.9,1.0,False,0.432,False,1.0,False,36.73,1.0,False,43.25,97.71
2019,null_gamma_n10_th20_alpha0.5,null_gamma,19,36049262,10,1000,20.0,0.0,0.0,0.5,False,1,0,41,33,False,0,,8.29,1.0,False,0.886,False,1.0,False,36.19,1.0,False,38.2,95.26
2020,null_gamma_n10_th20_alpha0.5,null_gamma,20,36057181,10,1000,20.0,0.0,0.0,0.5,False,1,0,79,66,False,0,,5.57,0.153,False,0.139,False,1.0,False,48.61,1.0,False,32.36,96.18
2021,null_gamma_n10_th20_alpha0.5,null_gamma,21,36065100,10,1000,20.0,0.0,0.0,0.5,False,1,0,61,48,False,0,,7.33,1.0,False,0.973,False,1.0,False,42.01,1.0,False,33.96,95.13
2022,null_gamma_n10_th20_alpha0.5,null_gamma,22,36073019,10,1000,20.0,0.0,0.0,0.5,False,1,0,50,20,False,0,,6.76,1.0,False,0.827,False,1.0,False,37.72,1.0,False,36.16,93.23
2023,null_gamma_n10_th20_alpha0.5,null_gamma,23,36080938,10,1000,20.0,0.0,0.0,0.5,False,1,0,27,11,False,0,,5.77,1.0,False,0.364,False,1.0,False,32.15,1.0,False,37.67,85.94
2024,null_gamma_n10_th20_alpha0.5,null_gamma,24,36088857,10,1000,20.0,0.0,0.0,0.5,False,1,0,21,15,False,0,,5.68,1.0,False,0.781,False,1.0,False,28.57,1.0,False,39.05,83.93
2025,null_gamma_n10_th20_alpha0.5,null_gamma,25,36096776,10,1000,20.0,0.0,0.0,0.5,False,1,0,38,26,False,0,,6.47,1.0,False,0.336,False,1.0,False,33.77,1.0,False,36.73,87.18
2026,null_gamma_n10_th20_alpha0.5,null_gamma,26,36104695,10,1000,20.0,0.0,0.0,0.5,False,1,0,48,35,False,0,,6.17,1.0,False,0.249,False,1.0,False,35.22,1.0,False,38.69,91.14
2027,null_gamma_n10_th20_alpha0.5,null_gamma,27,36112614,10,1000,20.0,0.0,0.0,0.5,False,1,0,40,32,False,0,,5.8,1.0,False,0.869,False,1.0,False,34.44,1.0,False,39.3,90.49
2028,null_gamma_n10_th20_alpha0.5,null_gamma,28,36120533,10,1000,20.0,0.0,0.0,0.5,False,1,0,52,46,False,0,,6.49,1.0,False,0.999,False,1.0,False,38.13,1.0,False,33.33,89.12
2029,null_gamma_n10_th20_alpha0.5,null_gamma,29,36128452,10,1000,20.0,0.0,0.0,0.5,False,1,0,56,31,False,0,,5.56,1.0,False,0.975,False,1.0,False,40.75,1.0,False,33.76,90.62
2030,null_gamma_n10_th20_alpha0.5,null_gamma,30,36136371,10,1000,20.0,0.0,0.0,0.5,False,1,0,53,28,False,0,,6.09,1.0,False,0.681,False,1.0,False,39.23,1.0,False,36.13,92.35
2031,null_gamma_n10_th20_alpha0.5,null_gamma,31,36144290,10,1000,20.0,0.0,0.0,0.5,False,1,0,40,30,False,0,,5.47,0.241,False,0.916,False,0.22,False,36.64,1.0,False,37.26,89.96
2032,null_gamma_n10_th20_alpha0.5,null_gamma,32,36152209,10,1000,20.0,0.0,0.0,0.5,False,1,0,59,50,False,0,,5.31,0.736,False,0.839,False,1.0,False,41.27,1.0,False,36.18,92.88
2033,null_gamma_n10_th20_alpha0.5,null_gamma,33,36160128,10,1000,20.0,0.0,0.0,0.5,False,1,0,101,94,False,0,,6.12,0.507,False,0.11,False,0.584,False,54.59,1.0,False,37.97,110.88
2034,null_gamma_n10_th20_alpha0.5,null_gamma,34,36168047,10,1000,20.0,0.0,0.0,0.5,False,1,0,51,32,False,0,,7.58,1.0,False,0.893,False,1.0,False,36.06,1.0,False,36.99,92.14
2035,null_gamma_n10_th20_alpha0.5,null_gamma,35,36175966,10,1000,20.0,0.0,0.0,0.5,False,1,0,64,37,False,0,,7.38,0.702,False,0.957,False,0.56,False,42.16,1.0,False,41.67,102.29
2036,null_gamma_n10_th20_alpha0.5,null_gamma,36,36183885,10,1000,20.0,0.0,0.0,0.5,False,1,0,26,20,False,0,,5.63,1.0,False,0.759,False,1.0,False,30.77,1.0,False,41.89,88.4
2037,null_gamma_n10_th20_alpha0.5,null_gamma,37,36191804,10,1000,20.0,0.0,0.0,0.5,False,1,0,53,36,False,0,,6.52,0.575,False,0.435,False,1.0,False,38.0,1.0,False,34.72,90.34
2038,null_gamma_n10_th20_alpha0.5,null_gamma,38,36199723,10,1000,20.0,0.0,0.0,0.5,False,1,0,53,39,False,0,,5.03,1.0,False,0.808,False,1.0,False,37.98,1.0,False,33.51,85.98
2039,null_gamma_n10_th20_alpha0.5,null_gamma,39,36207642,10,1000,20.0,0.0,0.0,0.5,False,1,0,89,79,False,0,,6.07,0.735,False,0.12,False,1.0,False,50.72,1.0,False,38.75,106.15
2040,null_gamma_n10_th20_alpha0.5,null_gamma,40,36215561,10,1000,20.0,0.0,0.0,0.5,False,1,0,48,42,False,0,,5.88,1.0,False,0.187,False,1.0,False,37.52,1.0,False,34.5,90.54
2041,null_gamma_n10_th20_alpha0.5,null_gamma,41,36223480,10,1000,20.0,0.0,0.0,0.5,False,1,0,85,62,False,0,,7.25,0.514,False,0.925,False,0.738,False,49.05,1.0,False,36.9,103.77
2042,null_gamma_n10_th20_alpha0.5,null_gamma,42,36231399,10,1000,20.0,0.0,0.0,0.5,False,1,0,74,51,False,0,,5.6,0.949,False,0.274,False,1.0,False,43.97,1.0,False,37.26,97.81
2043,null_gamma_n10_th20_alpha0.5,null_gamma,43,36239318,10,1000,20.0,0.0,0.0,0.5,False,1,0,32,15,False,0,,5.76,1.0,False,0.377,False,1.0,False,32.76,1.0,False,34.23,83.72
2044,null_gamma_n10_th20_alpha0.5,null_gamma,44,36247237,10,1000,20.0,0.0,0.0,0.5,False,1,0,88,62,False,0,,6.69,0.486,False,0.326,False,0.601,False,48.95,1.0,False,39.39,106.42
2045,null_gamma_n10_th20_alpha0.5,null_gamma,45,36255156,10,1000,20.0,0.0,0.0,0.5,False,1,0,34,24,False,0,,6.35,1.0,False,0.956,False,1.0,False,32.83,1.0,False,40.91,92.47
2046,null_gamma_n10_th20_alpha0.5,null_gamma,46,36263075,10,1000,20.0,0.0,0.0,0.5,False,1,0,62,43,False,0,,5.85,1.0,False,0.544,False,1.0,False,37.41,1.0,False,37.89,91.72
2047,null_gamma_n10_th20_alpha0.5,null_gamma,47,36270994,10,1000,20.0,0.0,0.0,0.5,False,1,0,39,27,False,0,,7.94,0.972,False,0.921,False,1.0,False,37.18,1.0,False,33.77,90.17
2048,null_gamma_n10_th20_alpha0.5,null_gamma,48,36278913,10,1000,20.0,0.0,0.0,0.5,False,1,0,39,27,False,0,,5.19,1.0,False,0.244,False,1.0,False,35.94,1.0,False,33.98,85.72
2049,null_gamma_n10_th20_alpha0.5,null_gamma,49,36286832,10,1000,20.0,0.0,0.0,0.5,False,1,0,94,78,False,0,,6.38,0.254,False,0.096,False,0.028,True,52.48,1.0,False,35.4,107.04
2050,null_gamma_n10_th20_alpha2.0,null_gamma,0,36294751,10,1000,20.0,0.0,0.0,2.0,False,1,0,60,37,False,0,,7.54,0.28,False,0.833,False,0.738,False,40.02,1.0,False,35.68,94.76
2051,null_gamma_n10_th20_alpha2.0,null_gamma,1,36302670,10,1000,20.0,0.0,0.0,2.0,False,1,0,19,5,False,0,,5.44,1.0,False,0.687,False,1.0,False,28.79,1.0,False,35.15,80.09
2052,null_gamma_n10_th20_alpha2.0,null_gamma,2,36310589,10,1000,20.0,0.0,0.0,2.0,False,1,0,109,16,False,0,,5.56,1.0,False,0.281,False,1.0,False,51.27,1.0,False,35.01,104.58
2053,null_gamma_n10_th20_alpha2.0,null_gamma,3,36318508,10,1000,20.0,0.0,0.0,2.0,False,1,0,69,49,False,0,,6.49,1.0,False,0.258,False,1.0,False,41.67,1.0,False,37.47,97.02
2054,null_gamma_n10_th20_alpha2.0,null_gamma,4,36326427,10,1000,20.0,0.0,0.0,2.0,False,1,0,51,34,False,0,,6.33,0.0949,False,0.813,False,0.008,True,36.8,1.0,False,36.31,89.72
2055,null_gamma_n10_th20_alpha2.0,null_gamma,5,36334346,10,1000,20.0,0.0,0.0,2.0,False,1,0,74,60,False,0,,5.61,1.0,False,0.863,False,1.0,False,44.82,1.0,False,38.71,101.5
2056,null_gamma_n10_th20_alpha2.0,null_gamma,6,36342265,10,1000,20.0,0.0,0.0,2.0,False,1,0,33,15,False,0,,5.92,1.0,False,0.107,False,1.0,False,34.58,1.0,False,40.45,92.95
2057,null_gamma_n10_th20_alpha2.0,null_gamma,7,36350184,10,1000,20.0,0.0,0.0,2.0,False,1,0,34,24,False,0,,5.86,1.0,False,0.684,False,1.0,False,34.65,1.0,False,32.26,83.79
2058,null_gamma_n10_th20_alpha2.0,null_gamma,8,36358103,10,1000,20.0,0.0,0.0,2.0,False,1,0,55,40,False,0,,5.86,1.0,False,0.253,False,1.0,False,40.64,1.0,False,33.63,91.1
2059,null_gamma_n10_th20_alpha2.0,null_gamma,9,36366022,10,1000,20.0,0.0,0.0,2.0,False,1,0,29,6,False,0,,6.0,1.0,False,0.394,False,1.0,False,30.91,1.0,False,32.44,79.77
2060,null_gamma_n10_th20_alpha2.0,null_gamma,10,36373941,10,1000,20.0,0.0,0.0,2.0,False,1,0,58,7,False,0,,7.16,1.0,False,0.759,False,1.0,False,40.08,1.0,False,41.08,99.74
2061,null_gamma_n10_th20_alpha2.0,null_gamma,11,36381860,10,1000,20.0,0.0,0.0,2.0,False,1,0,36,7,False,0,,6.22,1.0,False,0.92,False,1.0,False,35.6,1.0,False,41.51,95.24
2062,null_gamma_n10_th20_alpha2.0,null_gamma,12,36389779,10,1000,20.0,0.0,0.0,2.0,False,1,0,38,31,False,0,,8.2,1.0,False,0.209,False,1.0,False,35.12,1.0,False,36.92,91.61
2063,null_gamma_n10_th20_alpha2.0,null_gamma,13,36397698,10,1000,20.0,0.0,0.0,2.0,False,1,0,29,14,False,0,,5.95,1.0,False,0.449,False,1.0,False,32.61,1.0,False,37.13,87.2
2064,null_gamma_n10_th20_alpha2.0,null_gamma,14,36405617,10,1000,20.0,0.0,0.0,2.0,False,1,0,40,16,False,0,,5.95,1.0,False,0.792,False,1.0,False,34.81,1.0,False,36.17,88.88
2065,null_gamma_n10_th20_alpha2.0,null_gamma,15,36413536,10,1000,20.0,0.0,0.0,2.0,False,1,0,29,20,False,0,,7.25,1.0,False,0.874,False,1.0,False,32.69,1.0,False,34.18,85.45
2066,null_gamma_n10_th20_alpha2.0,null_gamma,16,36421455,10,1000,20.0,0.0,0.0,2.0,False,1,0,104,71,False,0,,5.82,0.419,False,0.742,False,0.661,False,53.28,1.0,False,34.82,104.52
2067,null_gamma_n10_th20_alpha2.0,null_gamma,17,36429374,10,1000,20.0,0.0,0.0,2.0,False,1,0,46,17,False,0,,8.4,1.0,False,0.904,False,1.0,False,34.63,1.0,False,31.59,85.22
2068,null_gamma_n10_th20_alpha2.0,null_gamma,18,36437293,10,1000,20.0,0.0,0.0,2.0,False,1,0,22,6,False,0,,5.75,1.0,False,0.907,False,1.0,False,34.77,1.0,False,38.58,89.73
2069,null_gamma_n10_th20_alpha2.0,null_gamma,19,36445212,10,1000,20.0,0.0,0.0,2.0,False,1,0,33,18,False,0,,6.3,1.0,False,0.555,False,1.0,False,34.16,1.0,False,37.62,90.12
2070,null_gamma_n10_th20_alpha2.0,null_gamma,20,36453131,10,1000,20.0,0.0,0.0,2.0,False,1,0,45,19,False,0,,6.66,1.0,False,0.873,False,1.0,False,36.88,1.0,False,35.02,90.61
2071,null_gamma_n10_th20_alpha2.0,null_gamma,21,36461050,10,1000,20.0,0.0,0.0,2.0,False,1,0,72,45,False,0,,5.21,1.0,False,0.152,False,1.0,False,46.74,1.0,False,35.27,97.84
2072,null_gamma_n10_th20_alpha2.0,null_gamma,22,36468969,10,1000,20.0,0.0,0.0,2.0,False,1,0,122,87,False,0,,6.31,1.0,False,0.039,True,1.0,False,60.49,1.0,False,39.34,117.29
2073,null_gamma_n10_th20_alpha2.0,null_gamma,23,36476888,10,1000,20.0,0.0,0.0,2.0,False,1,0,30,27,False,0,,5.41,0.175,False,0.488,False,1.0,False,34.58,1.0,False,36.38,87.12
2074,null_gamma_n10_th20_alpha2.0,null_gamma,24,36484807,10,1000,20.0,0.0,0.0,2.0,False,1,0,40,29,False,0,,6.39,1.0,False,0.634,False,1.0,False,36.34,1.0,False,32.09,86.88
2075,null_gamma_n10_th20_alpha2.0,null_gamma,25,36492726,10,1000,20.0,0.0,0.0,2.0,False,1,0,79,66,False,0,,7.05,0.307,False,0.111,False,1.0,False,46.71,1.0,False,34.46,99.19
2076,null_gamma_n10_th20_alpha2.0,null_gamma,26,36500645,10,1000,20.0,0.0,0.0,2.0,False,1,0,46,25,False,0,,6.64,1.0,False,0.346,False,1.0,False,36.91,1.0,False,39.41,93.88
2077,null_gamma_n10_th20_alpha2.0,null_gamma,27,36508564,10,1000,20.0,0.0,0.0,2.0,False,1,0,79,17,False,0,,5.28,1.0,False,0.891,False,1.0,False,42.83,1.0,False,39.99,98.33
2078,null_gamma_n10_th20_alpha2.0,null_gamma,28,36516483,10,1000,20.0,0.0,0.0,2.0,False,1,0,60,38,False,0,,6.31,0.486,False,0.329,False,0.212,False,39.44,1.0,False,37.91,96.61
2079,null_gamma_n10_th20_alpha2.0,null_gamma,29,36524402,10,1000,20.0,0.0,0.0,2.0,False,1,0,96,84,False,0,,7.47,1.0,False,0.463,False,1.0,False,52.61,1.0,False,38.64,109.41
2080,null_gamma_n10_th20_alpha2.0,null_gamma,30,36532321,10,1000,20.0,0.0,0.0,2.0,False,1,0,29,19,False,0,,6.2,0.887,False,0.839,False,0.57,False,32.89,1.0,False,36.56,87.38
2081,null_gamma_n10_th20_alpha2.0,null_gamma,31,36540240,10,1000,20.0,0.0,0.0,2.0,False,1,0,75,38,False,0,,6.2,0.41,False,0.224,False,0.011,True,45.85,1.0,False,33.9,98.54
2082,null_gamma_n10_th20_alpha2.0,null_gamma,32,36548159,10,1000,20.0,0.0,0.0,2.0,False,1,0,60,53,False,0,,5.48,1.0,False,0.106,False,1.0,False,39.75,1.0,False,34.11,90.21
2083,null_gamma_n10_th20_alpha2.0,null_gamma,33,36556078,10,1000,20.0,0.0,0.0,2.0,False,1,0,68,10,False,0,,7.24,1.0,False,0.534,False,1.0,False,42.13,1.0,False,34.57,95.24
2084,null_gamma_n10_th20_alpha2.0,null_gamma,34,36563997,10,1000,20.0,0.0,0.0,2.0,False,1,0,71,58,False,0,,5.68,1.0,False,0.891,False,1.0,False,48.23,1.0,False,38.79,103.36
2085,null_gamma_n10_th20_alpha2.0,null_gamma,35,36571916,10,1000,20.0,0.0,0.0,2.0,False,1,0,36,15,False,0,,5.87,1.0,False,0.234,False,1.0,False,34.3,1.0,False,35.5,85.91
2086,null_gamma_n10_th20_alpha2.0,null_gamma,36,36579835,10,1000,20.0,0.0,0.0,2.0,False,1,0,69,12,False,0,,5.56,1.0,False,0.652,False,1.0,False,41.61,1.0,False,34.41,93.02
2087,null_gamma_n10_th20_alpha2.0,null_gamma,37,36587754,10,1000,20.0,0.0,0.0,2.0,False,1,0,59,13,False,0,,5.44,1.0,False,0.879,False,1.0,False,41.62,1.0,False,33.81,92.29
2088,null_gamma_n10_th20_alpha2.0,null_gamma,38,36595673,10,1000,20.0,0.0,0.0,2.0,False,1,0,17,9,False,0,,7.12,1.0,False,0.932,False,1.0,False,28.5,1.0,False,35.02,82.68
2089,null_gamma_n10_th20_alpha2.0,null_gamma,39,36603592,10,1000,20.0,0.0,0.0,2.0,False,1,0,86,23,False,0,,6.32,0.298,False,0.918,False,0.297,False,46.93,1.0,False,38.22,101.98
2090,null_gamma_n10_th20_alpha2.0,null_gamma,40,36611511,10,1000,20.0,0.0,0.0,2.0,False,1,0,47,22,False,0,,6.8,1.0,False,0.975,False,1.0,False,34.81,1.0,False,36.51,88.41
2091,null_gamma_n10_th20_alpha2.0,null_gamma,41,36619430,10,1000,20.0,0.0,0.0,2.0,False,1,0,41,32,False,0,,7.11,0.442,False,0.328,False,0.727,False,37.2,1.0,False,32.86,87.95
2092,null_gamma_n10_th20_alpha2.0,null_gamma,42,36627349,10,1000,20.0,0.0,0.0,2.0,False,1,0,48,30,False,0,,7.18,1.0,False,0.983,False,1.0,False,37.88,1.0,False,40.75,96.47
2093,null_gamma_n10_th20_alpha2.0,null_gamma,43,36635268,10,1000,20.0,0.0,0.0,2.0,False,1,0,24,12,False,0,,6.47,1.0,False,0.14,False,1.0,False,30.56,1.0,False,38.35,85.33
2094,null_gamma_n10_th20_alpha2.0,null_gamma,44,36643187,10,1000,20.0,0.0,0.0,2.0,False,1,0,51,45,False,0,,6.54,1.0,False,0.625,False,1.0,False,40.5,1.0,False,34.37,91.96
2095,null_gamma_n10_th20_alpha2.0,null_gamma,45,36651106,10,1000,20.0,0.0,0.0,2.0,False,1,0,38,30,False,0,,6.59,0.0768,False,0.232,False,0.046,True,35.18,1.0,False,35.36,88.37
2096,null_gamma_n10_th20_alpha2.0,null_gamma,46,36659025,10,1000,20.0,0.0,0.0,2.0,False,1,0,60,48,False,0,,7.12,1.0,False,0.305,False,1.0,False,42.58,1.0,False,35.74,96.51
2097,null_gamma_n10_th20_alpha2.0,null_gamma,47,36666944,10,1000,20.0,0.0,0.0,2.0,False,1,0,72,62,False,0,,6.04,1.0,False,0.793,False,1.0,False,44.94,1.0,False,34.99,96.89
2098,null_gamma_n10_th20_alpha2.0,null_gamma,48,36674863,10,1000,20.0,0.0,0.0,2.0,False,1,0,77,32,False,0,,6.71,0.898,False,0.921,False,0.376,False,45.11,1.0,False,36.1,98.28
2099,null_gamma_n10_th20_alpha2.0,null_gamma,49,36682782,10,1000,20.0,0.0,0.0,2.0,False,1,0,48,40,False,0,,6.39,0.749,False,0.996,False,0.466,False,37.75,1.0,False,34.7,89.61
2100,null_gamma_n50_th10_alpha0.5,null_gamma,0,36690701,50,1000,10.0,0.0,0.0,0.5,False,1,0,33,28,False,0,,32.3,0.851,False,0.46,False,1.0,False,226.45,1.0,False,156.86,429.33
2101,null_gamma_n50_th10_alpha0.5,null_gamma,1,36698620,50,1000,10.0,0.0,0.0,0.5,False,1,0,37,32,False,0,,32.22,0.0687,False,0.736,False,0.053,False,254.3,1.0,False,166.61,468.36
2102,null_gamma_n50_th10_alpha0.5,null_gamma,2,36706539,50,1000,10.0,0.0,0.0,0.5,False,1,0,73,65,False,0,,38.99,0.833,False,0.494,False,0.545,False,490.02,1.0,False,274.25,820.01
2103,null_gamma_n50_th10_alpha0.5,null_gamma,3,36714458,50,1000,10.0,0.0,0.0,0.5,False,1,0,46,37,False,0,,45.38,1.0,False,0.39,False,1.0,False,314.38,1.0,False,195.2,568.84
2104,null_gamma_n50_th10_alpha0.5,null_gamma,4,36722377,50,1000,10.0,0.0,0.0,0.5,False,1,0,36,18,False,0,,39.42,1.0,False,0.844,False,1.0,False,244.38,1.0,False,152.04,450.92
2105,null_gamma_n50_th10_alpha0.5,null_gamma,5,36730296,50,1000,10.0,0.0,0.0,0.5,False,1,0,55,47,False,0,,38.58,0.187,False,0.535,False,1.0,False,364.18,1.0,False,212.01,630.01
2106,null_gamma_n50_th10_alpha0.5,null_gamma,6,36738215,50,1000,10.0,0.0,0.0,0.5,False,1,0,41,33,False,0,,40.59,1.0,False,0.208,False,1.0,False,275.28,1.0,False,182.83,513.44
2107,null_gamma_n50_th10_alpha0.5,null_gamma,7,36746134,50,1000,10.0,0.0,0.0,0.5,False,1,0,45,37,False,0,,36.22,1.0,False,0.088,False,1.0,False,301.28,1.0,False,185.05,535.39
2108,null_gamma_n50_th10_alpha0.5,null_gamma,8,36754053,50,1000,10.0,0.0,0.0,0.5,False,1,0,28,19,False,0,,42.23,0.035,True,0.146,False,0.115,False,207.64,1.0,False,135.17,401.54
2109,null_gamma_n50_th10_alpha0.5,null_gamma,9,36761972,50,1000,10.0,0.0,0.0,0.5,False,1,0,50,41,False,0,,36.0,1.0,False,0.088,False,1.0,False,349.27,1.0,False,208.74,606.8
2110,null_gamma_n50_th10_alpha0.5,null_gamma,10,36769891,50,1000,10.0,0.0,0.0,0.5,False,1,0,35,28,False,0,,40.7,1.0,False,0.89,False,1.0,False,254.83,1.0,False,157.88,465.97
2111,null_gamma_n50_th10_alpha0.5,null_gamma,11,36777810,50,1000,10.0,0.0,0.0,0.5,False,1,0,32,24,False,0,,35.24,1.0,False,0.17,False,1.0,False,231.09,1.0,False,152.71,432.26
2112,null_gamma_n50_th10_alpha0.5,null_gamma,12,36785729,50,1000,10.0,0.0,0.0,0.5,False,1,0,34,33,False,0,,44.74,0.322,False,0.846,False,1.0,False,243.62,1.0,False,154.96,457.16
2113,null_gamma_n50_th10_alpha0.5,null_gamma,13,36793648,50,1000,10.0,0.0,0.0,0.5,False,1,0,32,18,False,0,,30.83,1.0,False,0.996,False,1.0,False,229.29,1.0,False,147.47,421.08
2114,null_gamma_n50_th10_alpha0.5,null_gamma,14,36801567,50,1000,10.0,0.0,0.0,0.5,False,1,0,40,30,False,0,,38.7,1.0,False,0.965,False,1.0,False,276.95,1.0,False,172.82,502.2
2115,null_gamma_n50_th10_alpha0.5,null_gamma,15,36809486,50,1000,10.0,0.0,0.0,0.5,False,1,0,56,37,False,0,,35.23,0.549,False,0.795,False,0.931,False,379.17,1.0,False,221.31,651.6
2116,null_gamma_n50_th10_alpha0.5,null_gamma,16,36817405,50,1000,10.0,0.0,0.0,0.5,False,1,0,31,25,False,0,,32.85,1.0,False,0.37,False,1.0,False,222.95,1.0,False,146.24,416.57
2117,null_gamma_n50_th10_alpha0.5,null_gamma,17,36825324,50,1000,10.0,0.0,0.0,0.5,False,1,0,41,29,False,0,,38.1,0.636,False,0.454,False,0.522,False,282.17,1.0,False,190.49,526.07
2118,null_gamma_n50_th10_alpha0.5,null_gamma,18,36833243,50,1000,10.0,0.0,0.0,0.5,False,1,0,41,27,False,0,,44.35,0.301,False,0.311,False,0.136,False,280.65,1.0,False,183.35,524.63
2119,null_gamma_n50_th10_alpha0.5,null_gamma,19,36841162,50,1000,10.0,0.0,0.0,0.5,False,1,0,30,27,False,0,,35.0,1.0,False,0.102,False,1.0,False,209.96,1.0,False,155.08,413.91
2120,null_gamma_n50_th10_alpha0.5,null_gamma,20,36849081,50,1000,10.0,0.0,0.0,0.5,False,1,0,33,24,False,0,,36.87,1.0,False,0.022,True,1.0,False,233.75,1.0,False,162.92,449.36
2121,null_gamma_n50_th10_alpha0.5,null_gamma,21,36857000,50,1000,10.0,0.0,0.0,0.5,False,1,0,51,47,False,0,,35.19,1.0,False,0.706,False,1.0,False,356.73,1.0,False,205.97,611.12
2122,null_gamma_n50_th10_alpha0.5,null_gamma,22,36864919,50,1000,10.0,0.0,0.0,0.5,False,1,0,54,41,False,0,,34.02,1.0,False,0.436,False,1.0,False,375.65,1.0,False,212.23,635.6
2123,null_gamma_n50_th10_alpha0.5,null_gamma,23,36872838,50,1000,10.0,0.0,0.0,0.5,False,1,0,26,19,False,0,,29.21,1.0,False,0.007,True,1.0,False,206.24,1.0,False,131.06,379.89
2124,null_gamma_n50_th10_alpha0.5,null_gamma,24,36880757,50,1000,10.0,0.0,0.0,0.5,False,1,0,31,25,False,0,,41.28,0.292,False,0.364,False,1.0,False,226.98,1.0,False,147.0,431.99
2125,null_gamma_n50_th10_alpha0.5,null_gamma,25,36888676,50,1000,10.0,0.0,0.0,0.5,False,1,0,42,37,False,0,,35.82,1.0,False,0.782,False,1.0,False,293.68,1.0,False,183.11,528.99
2126,null_gamma_n50_th10_alpha0.5,null_gamma,26,36896595,50,1000,10.0,0.0,0.0,0.5,False,1,0,37,27,False,0,,45.81,0.692,False,0.869,False,0.426,False,269.17,1.0,False,165.6,496.08
2127,null_gamma_n50_th10_alpha0.5,null_gamma,27,36904514,50,1000,10.0,0.0,0.0,0.5,False,1,0,56,49,False,0,,41.41,0.728,False,0.285,False,0.479,False,386.05,1.0,False,238.1,679.1
2128,null_gamma_n50_th10_alpha0.5,null_gamma,28,36912433,50,1000,10.0,0.0,0.0,0.5,False,1,0,44,31,False,0,,36.33,1.0,False,0.961,False,1.0,False,305.45,1.0,False,193.06,548.98
2129,null_gamma_n50_th10_alpha0.5,null_gamma,29,36920352,50,1000,10.0,0.0,0.0,0.5,False,1,0,29,24,False,0,,40.79,1.0,False,0.169,False,1.0,False,208.36,1.0,False,157.98,422.16
2130,null_gamma_n50_th10_alpha0.5,null_gamma,30,36928271,50,1000,10.0,0.0,0.0,0.5,False,1,0,23,19,False,0,,35.1,1.0,False,0.074,False,1.0,False,174.06,1.0,False,133.33,358.05
2131,null_gamma_n50_th10_alpha0.5,null_gamma,31,36936190,50,1000,10.0,0.0,0.0,0.5,False,1,0,47,33,False,0,,35.42,1.0,False,0.443,False,1.0,False,332.29,1.0,False,186.84,570.71
2132,null_gamma_n50_th10_alpha0.5,null_gamma,32,36944109,50,1000,10.0,0.0,0.0,0.5,False,1,0,51,38,False,0,,42.1,0.363,False,0.919,False,0.596,False,351.34,1.0,False,209.63,617.02
2133,null_gamma_n50_th10_alpha0.5,null_gamma,33,36952028,50,1000,10.0,0.0,0.0,0.5,False,1,0,33,27,False,0,,33.2,0.227,False,0.547,False,1.0,False,238.05,1.0,False,155.53,441.09
2134,null_gamma_n50_th10_alpha0.5,null_gamma,34,36959947,50,1000,10.0,0.0,0.0,0.5,False,1,0,24,14,False,0,,36.42,1.0,False,0.538,False,1.0,False,177.05,1.0,False,120.74,347.19
2135,null_gamma_n50_th10_alpha0.5,null_gamma,35,36967866,50,1000,10.0,0.0,0.0,0.5,False,1,0,28,25,False,0,,36.13,0.995,False,0.529,False,0.48,False,198.88,1.0,False,137.73,385.58
2136,null_gamma_n50_th10_alpha0.5,null_gamma,36,36975785,50,1000,10.0,0.0,0.0,0.5,False,1,0,75,69,False,0,,32.21,0.122,False,0.606,False,0.996,False,496.87,1.0,False,260.41,803.4
2137,null_gamma_n50_th10_alpha0.5,null_gamma,37,36983704,50,1000,10.0,0.0,0.0,0.5,False,1,0,38,27,False,0,,39.77,1.0,False,0.587,False,1.0,False,259.81,1.0,False,165.91,480.75
2138,null_gamma_n50_th10_alpha0.5,null_gamma,38,36991623,50,1000,10.0,0.0,0.0,0.5,False,1,0,36,28,False,0,,36.29,1.0,False,0.964,False,1.0,False,253.96,1.0,False,156.83,460.95
2139,null_gamma_n50_th10_alpha0.5,null_gamma,39,36999542,50,1000,10.0,0.0,0.0,0.5,False,1,0,46,35,False,0,,34.07,0.62,False,0.513,False,0.49,False,319.7,1.0,False,191.73,560.35
2140,null_gamma_n50_th10_alpha0.5,null_gamma,40,37007461,50,1000,10.0,0.0,0.0,0.5,False,1,0,42,37,False,0,,36.78,0.709,False,0.82,False,1.0,False,292.93,1.0,False,180.37,525.26
2141,null_gamma_n50_th10_alpha0.5,null_gamma,41,37015380,50,1000,10.0,0.0,0.0,0.5,False,1,0,41,33,False,0,,33.83,1.0,False,0.028,True,1.0,False,282.71,1.0,False,173.63,505.04
2142,null_gamma_n50_th10_alpha0.5,null_gamma,42,37023299,50,1000,10.0,0.0,0.0,0.5,False,1,0,34,29,False,0,,34.91,1.0,False,0.016,True,1.0,False,234.53,1.0,False,158.79,442.29
2143,null_gamma_n50_th10_alpha0.5,null_gamma,43,37031218,50,1000,10.0,0.0,0.0,0.5,False,1,0,48,43,False,0,,32.81,0.141,False,0.966,False,1.0,False,329.29,1.0,False,196.14,571.2
2144,null_gamma_n50_th10_alpha0.5,null_gamma,44,37039137,50,1000,10.0,0.0,0.0,0.5,False,1,0,55,43,False,0,,36.77,0.31,False,0.054,False,0.704,False,372.53,1.0,False,211.66,635.17
2145,null_gamma_n50_th10_alpha0.5,null_gamma,45,37047056,50,1000,10.0,0.0,0.0,0.5,False,1,0,61,53,False,0,,33.24,0.234,False,0.662,False,0.54,False,415.4,1.0,False,236.22,698.53
2146,null_gamma_n50_th10_alpha0.5,null_gamma,46,37054975,50,1000,10.0,0.0,0.0,0.5,False,1,0,36,23,False,0,,40.06,1.0,False,0.598,False,1.0,False,249.56,1.0,False,161.81,466.58
2147,null_gamma_n50_th10_alpha0.5,null_gamma,47,37062894,50,1000,10.0,0.0,0.0,0.5,False,1,0,47,42,False,0,,38.29,0.249,False,0.381,False,0.161,False,323.99,1.0,False,191.02,567.92
2148,null_gamma_n50_th10_alpha0.5,null_gamma,48,37070813,50,1000,10.0,0.0,0.0,0.5,False,1,0,40,33,False,0,,34.2,0.233,False,0.244,False,0.004,True,280.46,1.0,False,170.21,497.9
2149,null_gamma_n50_th10_alpha0.5,null_gamma,49,37078732,50,1000,10.0,0.0,0.0,0.5,False,1,0,58,45,False,0,,35.17,0.12,False,0.289,False,0.393,False,395.42,1.0,False,221.86,666.02
2150,null_gamma_n50_th10_alpha2.0,null_gamma,0,37086651,50,1000,10.0,0.0,0.0,2.0,False,1,0,69,57,False,0,,31.96,0.856,False,0.222,False,1.0,False,463.7,1.0,False,252.76,761.25
2151,null_gamma_n50_th10_alpha2.0,null_gamma,1,37094570,50,1000,10.0,0.0,0.0,2.0,False,1,0,35,16,False,0,,33.26,0.654,False,0.743,False,0.227,False,252.24,1.0,False,151.03,450.24
2152,null_gamma_n50_th10_alpha2.0,null_gamma,2,37102489,50,1000,10.0,0.0,0.0,2.0,False,1,0,41,28,False,0,,34.23,1.0,False,0.31,False,1.0,False,290.65,1.0,False,174.34,512.96
2153,null_gamma_n50_th10_alpha2.0,null_gamma,3,37110408,50,1000,10.0,0.0,0.0,2.0,False,1,0,58,50,False,0,,34.01,1.0,False,0.925,False,1.0,False,387.94,1.0,False,240.08,676.77
2154,null_gamma_n50_th10_alpha2.0,null_gamma,4,37118327,50,1000,10.0,0.0,0.0,2.0,False,1,0,48,37,False,0,,41.56,0.0732,False,0.751,False,0.373,False,327.98,1.0,False,203.16,586.88
2155,null_gamma_n50_th10_alpha2.0,null_gamma,5,37126246,50,1000,10.0,0.0,0.0,2.0,False,1,0,41,34,False,0,,32.95,1.0,False,0.363,False,1.0,False,284.65,1.0,False,190.8,523.35
2156,null_gamma_n50_th10_alpha2.0,null_gamma,6,37134165,50,1000,10.0,0.0,0.0,2.0,False,1,0,45,36,False,0,,34.5,1.0,False,0.239,False,1.0,False,305.53,1.0,False,200.74,556.0
2157,null_gamma_n50_th10_alpha2.0,null_gamma,7,37142084,50,1000,10.0,0.0,0.0,2.0,False,1,0,30,25,False,0,,37.25,1.0,False,0.821,False,1.0,False,217.81,1.0,False,156.57,424.6
2158,null_gamma_n50_th10_alpha2.0,null_gamma,8,37150003,50,1000,10.0,0.0,0.0,2.0,False,1,0,27,21,False,0,,41.75,1.0,False,0.838,False,1.0,False,192.83,1.0,False,147.22,395.15
2159,null_gamma_n50_th10_alpha2.0,null_gamma,9,37157922,50,1000,10.0,0.0,0.0,2.0,False,1,0,39,30,False,0,,30.76,1.0,False,0.448,False,1.0,False,291.83,1.0,False,167.94,504.69
2160,null_gamma_n50_th10_alpha2.0,null_gamma,10,37165841,50,1000,10.0,0.0,0.0,2.0,False,1,0,55,45,False,0,,31.93,0.584,False,0.334,False,0.885,False,390.01,1.0,False,227.25,662.85
2161,null_gamma_n50_th10_alpha2.0,null_gamma,11,37173760,50,1000,10.0,0.0,0.0,2.0,False,1,0,52,36,False,0,,37.58,0.71,False,0.544,False,0.285,False,356.78,1.0,False,225.21,633.83
2162,null_gamma_n50_th10_alpha2.0,null_gamma,12,37181679,50,1000,10.0,0.0,0.0,2.0,False,1,0,36,30,False,0,,32.61,1.0,False,0.946,False,1.0,False,251.59,1.0,False,156.11,453.43
2163,null_gamma_n50_th10_alpha2.0,null_gamma,13,37189598,50,1000,10.0,0.0,0.0,2.0,False,1,0,33,28,False,0,,35.88,1.0,False,0.989,False,1.0,False,229.43,1.0,False,153.57,431.73
2164,null_gamma_n50_th10_alpha2.0,null_gamma,14,37197517,50,1000,10.0,0.0,0.0,2.0,False,1,0,24,23,False,0,,33.5,1.0,False,0.51,False,1.0,False,182.28,1.0,False,129.31,357.71
2165,null_gamma_n50_th10_alpha2.0,null_gamma,15,37205436,50,1000,10.0,0.0,0.0,2.0,False,1,0,53,45,False,0,,30.96,1.0,False,0.724,False,1.0,False,364.04,1.0,False,206.32,615.27
2166,null_gamma_n50_th10_alpha2.0,null_gamma,16,37213355,50,1000,10.0,0.0,0.0,2.0,False,1,0,62,44,False,0,,31.23,1.0,False,0.37,False,1.0,False,419.21,1.0,False,238.19,709.41
2167,null_gamma_n50_th10_alpha2.0,null_gamma,17,37221274,50,1000,10.0,0.0,0.0,2.0,False,1,0,48,35,False,0,,39.52,1.0,False,0.949,False,1.0,False,331.36,1.0,False,188.16,573.41
2168,null_gamma_n50_th10_alpha2.0,null_gamma,18,37229193,50,1000,10.0,0.0,0.0,2.0,False,1,0,42,30,False,0,,39.33,1.0,False,0.444,False,1.0,False,291.57,1.0,False,185.86,532.67
2169,null_gamma_n50_th10_alpha2.0,null_gamma,19,37237112,50,1000,10.0,0.0,0.0,2.0,False,1,0,28,19,False,0,,35.78,1.0,False,0.822,False,1.0,False,206.16,1.0,False,135.51,391.34
2170,null_gamma_n50_th10_alpha2.0,null_gamma,20,37245031,50,1000,10.0,0.0,0.0,2.0,False,1,0,42,24,False,0,,47.33,1.0,False,0.64,False,1.0,False,289.08,1.0,False,175.16,524.38
2171,null_gamma_n50_th10_alpha2.0,null_gamma,21,37252950,50,1000,10.0,0.0,0.0,2.0,False,1,0,34,25,False,0,,35.76,1.0,False,0.833,False,1.0,False,236.46,1.0,False,150.76,436.82
2172,null_gamma_n50_th10_alpha2.0,null_gamma,22,37260869,50,1000,10.0,0.0,0.0,2.0,False,1,0,37,22,False,0,,38.93,0.321,False,0.726,False,1.0,False,278.88,1.0,False,153.06,485.28
2173,null_gamma_n50_th10_alpha2.0,null_gamma,23,37268788,50,1000,10.0,0.0,0.0,2.0,False,1,0,39,28,False,0,,29.95,0.232,False,0.512,False,1.0,False,276.8,1.0,False,164.05,485.03
2174,null_gamma_n50_th10_alpha2.0,null_gamma,24,37276707,50,1000,10.0,0.0,0.0,2.0,False,1,0,31,15,False,0,,31.93,1.0,False,0.887,False,1.0,False,220.34,1.0,False,137.17,403.52
2175,null_gamma_n50_th10_alpha2.0,null_gamma,25,37284626,50,1000,10.0,0.0,0.0,2.0,False,1,0,58,52,False,0,,31.03,0.382,False,0.762,False,0.096,False,393.94,1.0,False,228.35,668.05
2176,null_gamma_n50_th10_alpha2.0,null_gamma,26,37292545,50,1000,10.0,0.0,0.0,2.0,False,1,0,27,22,False,0,,34.69,1.0,False,0.808,False,1.0,False,196.2,1.0,False,134.27,378.95
2177,null_gamma_n50_th10_alpha2.0,null_gamma,27,37300464,50,1000,10.0,0.0,0.0,2.0,False,1,0,60,55,False,0,,30.26,0.583,False,0.846,False,1.0,False,401.99,1.0,False,229.99,675.65
2178,null_gamma_n50_th10_alpha2.0,null_gamma,28,37308383,50,1000,10.0,0.0,0.0,2.0,False,1,0,21,17,False,0,,30.66,0.851,False,0.898,False,0.83,False,155.48,1.0,False,113.48,314.7
2179,null_gamma_n50_th10_alpha2.0,null_gamma,29,37316302,50,1000,10.0,0.0,0.0,2.0,False,1,0,41,34,False,0,,32.68,0.325,False,0.715,False,1.0,False,283.04,1.0,False,174.58,503.16
2180,null_gamma_n50_th10_alpha2.0,null_gamma,30,37324221,50,1000,10.0,0.0,0.0,2.0,False,1,0,56,17,False,0,,33.44,1.0,False,0.138,False,1.0,False,380.33,1.0,False,208.13,637.55
2181,null_gamma_n50_th10_alpha2.0,null_gamma,31,37332140,50,1000,10.0,0.0,0.0,2.0,False,1,0,38,34,False,0,,36.89,1.0,False,0.64,False,1.0,False,269.89,1.0,False,173.4,495.97
2182,null_gamma_n50_th10_alpha2.0,null_gamma,32,37340059,50,1000,10.0,0.0,0.0,2.0,False,1,0,55,47,False,0,,41.6,1.0,False,0.401,False,1.0,False,378.13,1.0,False,231.13,666.78
2183,null_gamma_n50_th10_alpha2.0,null_gamma,33,37347978,50,1000,10.0,0.0,0.0,2.0,False,1,0,52,43,False,0,,35.56,1.0,False,0.872,False,1.0,False,360.1,1.0,False,226.96,636.11
2184,null_gamma_n50_th10_alpha2.0,null_gamma,34,37355897,50,1000,10.0,0.0,0.0,2.0,False,1,0,37,19,False,0,,31.88,0.72,False,0.945,False,0.404,False,264.56,1.0,False,162.86,471.31
2185,null_gamma_n50_th10_alpha2.0,null_gamma,35,37363816,50,1000,10.0,0.0,0.0,2.0,False,1,0,33,21,False,0,,40.43,1.0,False,0.084,False,1.0,False,244.63,1.0,False,156.59,454.17
2186,null_gamma_n50_th10_alpha2.0,null_gamma,36,37371735,50,1000,10.0,0.0,0.0,2.0,False,1,0,37,33,False,0,,36.27,1.0,False,0.763,False,1.0,False,272.02,1.0,False,178.04,503.17
2187,null_gamma_n50_th10_alpha2.0,null_gamma,37,37379654,50,1000,10.0,0.0,0.0,2.0,False,1,0,33,22,False,0,,31.35,1.0,False,0.507,False,1.0,False,242.91,1.0,False,153.83,441.36
2188,null_gamma_n50_th10_alpha2.0,null_gamma,38,37387573,50,1000,10.0,0.0,0.0,2.0,False,1,0,61,57,False,0,,42.37,0.977,False,0.703,False,1.0,False,422.67,1.0,False,231.93,711.18
2189,null_gamma_n50_th10_alpha2.0,null_gamma,39,37395492,50,1000,10.0,0.0,0.0,2.0,False,1,0,38,19,False,0,,44.02,1.0,False,0.382,False,1.0,False,270.44,1.0,False,165.81,493.61
2190,null_gamma_n50_th10_alpha2.0,null_gamma,40,37403411,50,1000,10.0,0.0,0.0,2.0,False,1,0,70,60,False,0,,37.34,1.0,False,0.077,False,1.0,False,486.73,1.0,False,269.32,807.12
2191,null_gamma_n50_th10_alpha2.0,null_gamma,41,37411330,50,1000,10.0,0.0,0.0,2.0,False,1,0,85,47,False,0,,45.68,0.715,False,0.845,False,1.0,False,586.01,1.0,False,303.31,951.25
2192,null_gamma_n50_th10_alpha2.0,null_gamma,42,37419249,50,1000,10.0,0.0,0.0,2.0,False,1,0,39,27,False,0,,47.72,1.0,False,0.343,False,1.0,False,283.78,1.0,False,180.47,527.61
2193,null_gamma_n50_th10_alpha2.0,null_gamma,43,37427168,50,1000,10.0,0.0,0.0,2.0,False,1,0,30,20,False,0,,40.1,1.0,False,0.446,False,1.0,False,224.33,1.0,False,147.93,425.82
2194,null_gamma_n50_th10_alpha2.0,null_gamma,44,37435087,50,1000,10.0,0.0,0.0,2.0,False,1,0,42,33,False,0,,32.53,1.0,False,0.516,False,1.0,False,306.9,1.0,False,177.09,532.12
2195,null_gamma_n50_th10_alpha2.0,null_gamma,45,37443006,50,1000,10.0,0.0,0.0,2.0,False,1,0,32,20,False,0,,30.88,1.0,False,0.176,False,1.0,False,237.2,1.0,False,149.89,431.85
2196,null_gamma_n50_th10_alpha2.0,null_gamma,46,37450925,50,1000,10.0,0.0,0.0,2.0,False,1,0,44,37,False,0,,45.12,0.227,False,0.508,False,0.386,False,308.13,1.0,False,181.72,548.43
2197,null_gamma_n50_th10_alpha2.0,null_gamma,47,37458844,50,1000,10.0,0.0,0.0,2.0,False,1,0,46,33,False,0,,36.44,1.0,False,0.82,False,1.0,False,323.53,1.0,False,178.06,553.2
2198,null_gamma_n50_th10_alpha2.0,null_gamma,48,37466763,50,1000,10.0,0.0,0.0,2.0,False,1,0,53,39,False,0,,30.96,0.354,False,0.02,True,0.128,False,357.53,1.0,False,205.61,606.85
2199,null_gamma_n50_th10_alpha2.0,null_gamma,49,37474682,50,1000,10.0,0.0,0.0,2.0,False,1,0,31,27,False,0,,32.79,1.0,False,0.351,False,1.0,False,222.67,1.0,False,146.99,421.44
2200,null_gamma_n50_th20_alpha0.5,null_gamma,0,37482601,50,1000,20.0,0.0,0.0,0.5,False,1,0,83,42,False,0,,39.62,0.336,False,0.518,False,0.85,False,540.65,1.0,False,283.58,876.41
2201,null_gamma_n50_th20_alpha0.5,null_gamma,1,37490520,50,1000,20.0,0.0,0.0,0.5,False,1,0,86,72,False,0,,33.94,0.341,False,0.403,False,0.537,False,569.01,1.0,False,308.65,925.92
2202,null_gamma_n50_th20_alpha0.5,null_gamma,2,37498439,50,1000,20.0,0.0,0.0,0.5,False,1,0,71,57,False,0,,37.39,0.171,False,0.835,False,0.039,True,465.42,1.0,False,245.78,762.92
2203,null_gamma_n50_th20_alpha0.5,null_gamma,3,37506358,50,1000,20.0,0.0,0.0,0.5,False,1,0,69,46,False,0,,37.92,1.0,False,0.691,False,1.0,False,453.6,1.0,False,257.77,764.72
2204,null_gamma_n50_th20_alpha0.5,null_gamma,4,37514277,50,1000,20.0,0.0,0.0,0.5,False,1,0,62,53,False,0,,32.16,1.0,False,0.553,False,1.0,False,412.76,1.0,False,239.31,696.81
2205,null_gamma_n50_th20_alpha0.5,null_gamma,5,37522196,50,1000,20.0,0.0,0.0,0.5,False,1,0,71,55,False,0,,30.77,0.688,False,0.201,False,0.862,False,468.39,1.0,False,265.42,782.4
2206,null_gamma_n50_th20_alpha0.5,null_gamma,6,37530115,50,1000,20.0,0.0,0.0,0.5,False,1,0,80,52,False,0,,33.6,0.189,False,0.0,True,0.724,False,534.04,1.0,False,280.5,863.89
2207,null_gamma_n50_th20_alpha0.5,null_gamma,7,37538034,50,1000,20.0,0.0,0.0,0.5,False,1,0,85,59,False,0,,36.25,0.756,False,0.256,False,0.567,False,568.62,1.0,False,295.6,915.16
2208,null_gamma_n50_th20_alpha0.5,null_gamma,8,37545953,50,1000,20.0,0.0,0.0,0.5,False,1,0,67,55,False,0,,32.94,0.482,False,0.039,True,1.0,False,453.16,1.0,False,255.34,763.33
2209,null_gamma_n50_th20_alpha0.5,null_gamma,9,37553872,50,1000,20.0,0.0,0.0,0.5,False,1,0,89,80,False,0,,36.95,0.865,False,0.261,False,0.18,False,589.62,1.0,False,328.36,970.15
2210,null_gamma_n50_th20_alpha0.5,null_gamma,10,37561791,50,1000,20.0,0.0,0.0,0.5,False,1,0,70,59,False,0,,33.25,0.393,False,0.121,False,0.907,False,466.03,1.0,False,265.05,777.96
2211,null_gamma_n50_th20_alpha0.5,null_gamma,11,37569710,50,1000,20.0,0.0,0.0,0.5,False,1,0,82,72,False,0,,36.73,0.978,False,0.954,False,0.43,False,552.82,1.0,False,300.24,907.12
2212,null_gamma_n50_th20_alpha0.5,null_gamma,12,37577629,50,1000,20.0,0.0,0.0,0.5,False,1,0,35,17,False,0,,34.98,1.0,False,0.24,False,1.0,False,240.24,1.0,False,150.44,438.75
2213,null_gamma_n50_th20_alpha0.5,null_gamma,13,37585548,50,1000,20.0,0.0,0.0,0.5,False,1,0,90,74,False,0,,34.63,0.0827,False,0.393,False,0.79,False,586.43,1.0,False,324.31,958.53
2214,null_gamma_n50_th20_alpha0.5,null_gamma,14,37593467,50,1000,20.0,0.0,0.0,0.5,False,1,0,55,38,False,0,,36.88,0.319,False,0.68,False,0.799,False,382.54,1.0,False,216.38,649.64
2215,null_gamma_n50_th20_alpha0.5,null_gamma,15,37601386,50,1000,20.0,0.0,0.0,0.5,False,1,0,56,37,False,0,,30.66,0.913,False,0.997,False,0.115,False,386.17,1.0,False,214.42,645.61
2216,null_gamma_n50_th20_alpha0.5,null_gamma,16,37609305,50,1000,20.0,0.0,0.0,0.5,False,1,0,66,47,False,0,,31.6,0.298,False,0.881,False,0.772,False,449.63,1.0,False,233.8,729.3
2217,null_gamma_n50_th20_alpha0.5,null_gamma,17,37617224,50,1000,20.0,0.0,0.0,0.5,False,1,0,120,113,False,0,,32.63,0.415,False,0.437,False,0.211,False,794.89,1.0,False,406.14,1248.9
2218,null_gamma_n50_th20_alpha0.5,null_gamma,18,37625143,50,1000,20.0,0.0,0.0,0.5,False,1,0,89,68,False,0,,39.71,0.95,False,0.92,False,0.1,False,572.79,1.0,False,302.3,927.76
2219,null_gamma_n50_th20_alpha0.5,null_gamma,19,37633062,50,1000,20.0,0.0,0.0,0.5,False,1,0,134,122,False,0,,33.51,0.649,False,0.956,False,0.86,False,885.39,1.0,False,419.45,1352.89
2220,null_gamma_n50_th20_alpha0.5,null_gamma,20,37640981,50,1000,20.0,0.0,0.0,0.5,False,1,0,95,80,False,0,,35.65,0.591,False,0.729,False,0.926,False,615.71,1.0,False,317.6,983.4
2221,null_gamma_n50_th20_alpha0.5,null_gamma,21,37648900,50,1000,20.0,0.0,0.0,0.5,False,1,0,85,71,False,0,,34.02,0.444,False,0.268,False,1.0,False,548.86,1.0,False,314.35,912.22
2222,null_gamma_n50_th20_alpha0.5,null_gamma,22,37656819,50,1000,20.0,0.0,0.0,0.5,False,1,0,44,30,False,0,,34.93,0.312,False,0.679,False,1.0,False,292.34,1.0,False,184.37,525.67
2223,null_gamma_n50_th20_alpha0.5,null_gamma,23,37664738,50,1000,20.0,0.0,0.0,0.5,False,1,0,101,85,False,0,,32.85,0.794,False,0.602,False,0.482,False,670.92,1.0,False,339.98,1058.59
2224,null_gamma_n50_th20_alpha0.5,null_gamma,24,37672657,50,1000,20.0,0.0,0.0,0.5,False,1,0,91,78,False,0,,30.67,0.616,False,0.415,False,0.568,False,602.81,1.0,False,321.97,969.99
2225,null_gamma_n50_th20_alpha0.5,null_gamma,25,37680576,50,1000,20.0,0.0,0.0,0.5,False,1,0,71,57,False,0,,37.97,0.385,False,0.549,False,0.631,False,478.52,1.0,False,263.01,793.61
2226,null_gamma_n50_th20_alpha0.5,null_gamma,26,37688495,50,1000,20.0,0.0,0.0,0.5,False,1,0,93,84,False,0,,35.65,0.721,False,0.908,False,0.969,False,618.2,1.0,False,309.54,978.65
2227,null_gamma_n50_th20_alpha0.5,null_gamma,27,37696414,50,1000,20.0,0.0,0.0,0.5,False,1,0,99,86,False,0,,41.59,1.0,False,0.1,False,1.0,False,666.33,1.0,False,358.95,1081.83
2228,null_gamma_n50_th20_alpha0.5,null_gamma,28,37704333,50,1000,20.0,0.0,0.0,0.5,False,1,0,102,92,False,0,,34.04,0.849,False,0.912,False,0.914,False,683.54,1.0,False,341.19,1073.99
2229,null_gamma_n50_th20_alpha0.5,null_gamma,29,37712252,50,1000,20.0,0.0,0.0,0.5,False,1,0,53,28,False,0,,40.24,0.305,False,0.185,False,1.0,False,363.38,1.0,False,198.21,618.26
2230,null_gamma_n50_th20_alpha0.5,null_gamma,30,37720171,50,1000,20.0,0.0,0.0,0.5,False,1,0,84,70,False,0,,37.27,0.755,False,0.298,False,0.482,False,552.63,1.0,False,308.44,913.15
2231,null_gamma_n50_th20_alpha0.5,null_gamma,31,37728090,50,1000,20.0,0.0,0.0,0.5,False,1,0,82,77,False,0,,35.47,0.986,False,0.296,False,1.0,False,547.14,1.0,False,311.07,907.78
2232,null_gamma_n50_th20_alpha0.5,null_gamma,32,37736009,50,1000,20.0,0.0,0.0,0.5,False,1,0,79,66,False,0,,34.65,0.754,False,0.263,False,0.766,False,519.41,1.0,False,298.84,866.73
2233,null_gamma_n50_th20_alpha0.5,null_gamma,33,37743928,50,1000,20.0,0.0,0.0,0.5,False,1,0,60,47,False,0,,37.63,0.677,False,0.465,False,0.382,False,404.66,1.0,False,238.28,695.01
2234,null_gamma_n50_th20_alpha0.5,null_gamma,34,37751847,50,1000,20.0,0.0,0.0,0.5,False,1,0,79,62,False,0,,32.45,0.991,False,0.672,False,0.636,False,534.0,1.0,False,283.79,865.49
2235,null_gamma_n50_th20_alpha0.5,null_gamma,35,37759766,50,1000,20.0,0.0,0.0,0.5,False,1,0,101,86,False,0,,36.88,0.0699,False,0.958,False,0.669,False,674.97,1.0,False,343.48,1070.07
2236,null_gamma_n50_th20_alpha0.5,null_gamma,36,37767685,50,1000,20.0,0.0,0.0,0.5,False,1,0,55,37,False,0,,35.94,0.867,False,0.487,False,0.495,False,376.16,1.0,False,213.38,639.81
2237,null_gamma_n50_th20_alpha0.5,null_gamma,37,37775604,50,1000,20.0,0.0,0.0,0.5,False,1,0,99,75,False,0,,34.08,0.0616,False,0.132,False,0.579,False,656.98,1.0,False,345.54,1051.57
2238,null_gamma_n50_th20_alpha0.5,null_gamma,38,37783523,50,1000,20.0,0.0,0.0,0.5,False,1,0,84,61,False,0,,36.17,0.476,False,0.853,False,0.613,False,550.35,1.0,False,299.3,901.64
2239,null_gamma_n50_th20_alpha0.5,null_gamma,39,37791442,50,1000,20.0,0.0,0.0,0.5,False,1,0,161,150,False,0,,31.33,0.0676,False,0.375,False,0.498,False,1071.16,1.0,False,506.63,1624.49
2240,null_gamma_n50_th20_alpha0.5,null_gamma,40,37799361,50,1000,20.0,0.0,0.0,0.5,False,1,0,63,42,True,1,311,46.65,0.375,False,0.525,False,0.953,False,414.63,1.0,False,245.1,719.98
2241,null_gamma_n50_th20_alpha0.5,null_gamma,41,37807280,50,1000,20.0,0.0,0.0,0.5,False,1,0,93,53,False,0,,30.44,0.963,False,0.526,False,0.183,False,604.28,1.0,False,308.85,956.74
2242,null_gamma_n50_th20_alpha0.5,null_gamma,42,37815199,50,1000,20.0,0.0,0.0,0.5,False,1,0,86,69,False,0,,30.49,0.238,False,0.595,False,1.0,False,570.18,1.0,False,311.34,926.55
2243,null_gamma_n50_th20_alpha0.5,null_gamma,43,37823118,50,1000,20.0,0.0,0.0,0.5,False,1,0,56,45,False,0,,32.31,0.997,False,0.02,True,0.324,False,377.75,1.0,False,210.98,635.09
2244,null_gamma_n50_th20_alpha0.5,null_gamma,44,37831037,50,1000,20.0,0.0,0.0,0.5,False,1,0,71,58,False,0,,39.76,1.0,False,0.859,False,1.0,False,473.29,1.0,False,256.93,784.69
2245,null_gamma_n50_th20_alpha0.5,null_gamma,45,37838956,50,1000,20.0,0.0,0.0,0.5,False,1,0,64,50,False,0,,32.09,0.817,False,0.665,False,0.377,False,430.93,1.0,False,236.26,713.08
2246,null_gamma_n50_th20_alpha0.5,null_gamma,46,37846875,50,1000,20.0,0.0,0.0,0.5,False,1,0,74,59,False,0,,31.84,0.194,False,0.773,False,1.0,False,496.12,1.0,False,279.65,822.45
2247,null_gamma_n50_th20_alpha0.5,null_gamma,47,37854794,50,1000,20.0,0.0,0.0,0.5,False,1,0,71,57,True,2,365;365,44.61,0.546,False,0.196,False,0.656,False,475.85,1.0,False,267.79,803.32
2248,null_gamma_n50_th20_alpha0.5,null_gamma,48,37862713,50,1000,20.0,0.0,0.0,0.5,False,1,0,77,52,True,1,507,60.64,1.0,False,0.287,False,1.0,False,507.82,1.0,False,282.38,865.17
2249,null_gamma_n50_th20_alpha0.5,null_gamma,49,37870632,50,1000,20.0,0.0,0.0,0.5,False,1,0,55,44,False,0,,32.13,0.219,False,0.681,False,0.344,False,383.45,1.0,False,218.36,647.17
2250,null_gamma_n50_th20_alpha2.0,null_gamma,0,37878551,50,1000,20.0,0.0,0.0,2.0,False,1,0,97,87,False,0,,35.96,0.646,False,0.815,False,0.225,False,643.54,1.0,False,351.09,1045.54
2251,null_gamma_n50_th20_alpha2.0,null_gamma,1,37886470,50,1000,20.0,0.0,0.0,2.0,False,1,0,73,55,False,0,,34.24,0.787,False,0.815,False,0.547,False,492.27,1.0,False,255.8,796.68
2252,null_gamma_n50_th20_alpha2.0,null_gamma,2,37894389,50,1000,20.0,0.0,0.0,2.0,False,1,0,92,46,False,0,,34.59,0.418,False,0.079,False,0.506,False,597.51,1.0,False,299.17,945.95
2253,null_gamma_n50_th20_alpha2.0,null_gamma,3,37902308,50,1000,20.0,0.0,0.0,2.0,False,1,0,108,72,False,0,,33.96,0.113,False,0.462,False,0.881,False,707.83,1.0,False,355.03,1112.06
2254,null_gamma_n50_th20_alpha2.0,null_gamma,4,37910227,50,1000,20.0,0.0,0.0,2.0,False,1,0,77,48,False,0,,36.57,0.942,False,0.027,True,0.473,False,502.54,1.0,False,276.97,829.33
2255,null_gamma_n50_th20_alpha2.0,null_gamma,5,37918146,50,1000,20.0,0.0,0.0,2.0,False,1,0,79,69,False,0,,32.48,0.627,False,0.209,False,0.213,False,511.93,1.0,False,291.98,852.06
2256,null_gamma_n50_th20_alpha2.0,null_gamma,6,37926065,50,1000,20.0,0.0,0.0,2.0,False,1,0,56,45,False,0,,37.92,1.0,False,0.991,False,1.0,False,367.48,1.0,False,222.28,640.22
2257,null_gamma_n50_th20_alpha2.0,null_gamma,7,37933984,50,1000,20.0,0.0,0.0,2.0,False,1,0,87,67,False,0,,36.22,0.675,False,0.063,False,1.0,False,576.74,1.0,False,286.68,913.73
2258,null_gamma_n50_th20_alpha2.0,null_gamma,8,37941903,50,1000,20.0,0.0,0.0,2.0,False,1,0,90,73,False,0,,40.05,0.567,False,0.961,False,0.561,False,588.82,1.0,False,309.48,955.3
2259,null_gamma_n50_th20_alpha2.0,null_gamma,9,37949822,50,1000,20.0,0.0,0.0,2.0,False,1,0,70,52,False,0,,37.76,0.816,False,0.083,False,0.409,False,467.39,1.0,False,259.62,778.93
2260,null_gamma_n50_th20_alpha2.0,null_gamma,10,37957741,50,1000,20.0,0.0,0.0,2.0,False,1,0,75,62,False,0,,35.73,0.56,False,0.267,False,0.609,False,490.12,1.0,False,282.21,821.92
2261,null_gamma_n50_th20_alpha2.0,null_gamma,11,37965660,50,1000,20.0,0.0,0.0,2.0,False,1,0,64,55,False,0,,37.75,0.974,False,0.31,False,1.0,False,416.42,1.0,False,239.78,707.95
2262,null_gamma_n50_th20_alpha2.0,null_gamma,12,37973579,50,1000,20.0,0.0,0.0,2.0,False,1,0,61,47,False,0,,30.33,1.0,False,0.247,False,1.0,False,395.06,1.0,False,232.4,673.7
2263,null_gamma_n50_th20_alpha2.0,null_gamma,13,37981498,50,1000,20.0,0.0,0.0,2.0,False,1,0,93,77,False,0,,33.4,0.156,False,0.389,False,0.914,False,605.66,1.0,False,326.56,979.83
2264,null_gamma_n50_th20_alpha2.0,null_gamma,14,37989417,50,1000,20.0,0.0,0.0,2.0,False,1,0,92,34,False,0,,32.73,1.0,False,0.774,False,1.0,False,600.34,1.0,False,296.12,944.19
2265,null_gamma_n50_th20_alpha2.0,null_gamma,15,37997336,50,1000,20.0,0.0,0.0,2.0,False,1,0,94,61,False,0,,31.24,0.0405,True,0.005,True,0.085,False,610.94,1.0,False,331.51,988.35
2266,null_gamma_n50_th20_alpha2.0,null_gamma,16,38005255,50,1000,20.0,0.0,0.0,2.0,False,1,0,96,49,False,0,,40.17,0.487,False,0.061,False,0.439,False,624.17,1.0,False,313.29,993.39
2267,null_gamma_n50_th20_alpha2.0,null_gamma,17,38013174,50,1000,20.0,0.0,0.0,2.0,False,1,0,46,40,False,0,,33.54,0.113,False,0.63,False,0.252,False,311.05,1.0,False,187.4,546.4
2268,null_gamma_n50_th20_alpha2.0,null_gamma,18,38021093,50,1000,20.0,0.0,0.0,2.0,False,1,0,76,62,False,0,,33.96,1.0,False,0.232,False,1.0,False,506.65,1.0,False,271.57,825.47
2269,null_gamma_n50_th20_alpha2.0,null_gamma,19,38029012,50,1000,20.0,0.0,0.0,2.0,False,1,0,55,37,False,0,,36.35,0.469,False,0.316,False,0.486,False,369.56,1.0,False,210.35,630.62
2270,null_gamma_n50_th20_alpha2.0,null_gamma,20,38036931,50,1000,20.0,0.0,0.0,2.0,False,1,0,69,52,True,1,660,46.28,0.165,False,0.531,False,1.0,False,457.53,1.0,False,255.42,771.51
2271,null_gamma_n50_th20_alpha2.0,null_gamma,21,38044850,50,1000,20.0,0.0,0.0,2.0,False,1,0,93,70,False,0,,32.29,1.0,False,0.504,False,1.0,False,610.15,1.0,False,330.11,987.06
2272,null_gamma_n50_th20_alpha2.0,null_gamma,22,38052769,50,1000,20.0,0.0,0.0,2.0,False,1,0,103,93,False,0,,32.25,1.0,False,0.053,False,1.0,False,691.36,1.0,False,344.39,1083.9
2273,null_gamma_n50_th20_alpha2.0,null_gamma,23,38060688,50,1000,20.0,0.0,0.0,2.0,False,1,0,73,61,False,0,,31.63,0.277,False,0.044,True,0.586,False,482.71,1.0,False,276.26,805.25
2274,null_gamma_n50_th20_alpha2.0,null_gamma,24,38068607,50,1000,20.0,0.0,0.0,2.0,False,1,0,69,50,False,0,,44.53,0.536,False,0.693,False,0.547,False,449.81,1.0,False,254.4,762.51
2275,null_gamma_n50_th20_alpha2.0,null_gamma,25,38076526,50,1000,20.0,0.0,0.0,2.0,False,1,0,125,111,False,0,,33.14,0.601,False,0.637,False,1.0,False,830.69,1.0,False,438.39,1319.35
2276,null_gamma_n50_th20_alpha2.0,null_gamma,26,38084445,50,1000,20.0,0.0,0.0,2.0,False,1,0,77,67,False,0,,34.86,0.591,False,0.46,False,0.994,False,505.16,1.0,False,281.5,836.21
2277,null_gamma_n50_th20_alpha2.0,null_gamma,27,38092364,50,1000,20.0,0.0,0.0,2.0,False,1,0,98,83,False,0,,32.83,1.0,False,0.125,False,1.0,False,658.83,1.0,False,331.52,1037.75
2278,null_gamma_n50_th20_alpha2.0,null_gamma,28,38100283,50,1000,20.0,0.0,0.0,2.0,False,1,0,60,46,False,0,,32.66,0.3,False,0.979,False,0.941,False,394.43,1.0,False,235.45,675.15
2279,null_gamma_n50_th20_alpha2.0,null_gamma,29,38108202,50,1000,20.0,0.0,0.0,2.0,False,1,0,70,50,False,0,,33.76,1.0,False,0.596,False,1.0,False,470.47,1.0,False,259.03,779.47
2280,null_gamma_n50_th20_alpha2.0,null_gamma,30,38116121,50,1000,20.0,0.0,0.0,2.0,False,1,0,91,60,False,0,,40.17,0.163,False,0.078,False,0.295,False,602.54,1.0,False,313.89,972.04
2281,null_gamma_n50_th20_alpha2.0,null_gamma,31,38124040,50,1000,20.0,0.0,0.0,2.0,False,1,0,79,64,False,0,,34.38,0.141,False,0.293,False,0.316,False,525.58,1.0,False,288.24,861.6
2282,null_gamma_n50_th20_alpha2.0,null_gamma,32,38131959,50,1000,20.0,0.0,0.0,2.0,False,1,0,88,77,False,0,,32.98,0.483,False,0.96,False,0.05,False,577.62,1.0,False,317.19,943.0
2283,null_gamma_n50_th20_alpha2.0,null_gamma,33,38139878,50,1000,20.0,0.0,0.0,2.0,False,1,0,82,66,False,0,,33.28,0.949,False,0.153,False,0.436,False,540.02,1.0,False,289.87,878.25
2284,null_gamma_n50_th20_alpha2.0,null_gamma,34,38147797,50,1000,20.0,0.0,0.0,2.0,False,1,0,83,61,True,2,801;590,46.13,0.246,False,0.008,True,1.0,False,549.75,1.0,False,295.56,907.39
2285,null_gamma_n50_th20_alpha2.0,null_gamma,35,38155716,50,1000,20.0,0.0,0.0,2.0,False,1,0,70,58,False,0,,31.08,1.0,False,0.938,False,1.0,False,472.27,1.0,False,254.85,772.88
2286,null_gamma_n50_th20_alpha2.0,null_gamma,36,38163635,50,1000,20.0,0.0,0.0,2.0,False,1,0,107,91,False,0,,32.73,0.638,False,0.09,False,0.738,False,707.51,1.0,False,359.14,1115.52
2287,null_gamma_n50_th20_alpha2.0,null_gamma,37,38171554,50,1000,20.0,0.0,0.0,2.0,False,1,0,87,77,False,0,,30.41,0.718,False,0.167,False,0.136,False,574.53,1.0,False,312.14,931.52
2288,null_gamma_n50_th20_alpha2.0,null_gamma,38,38179473,50,1000,20.0,0.0,0.0,2.0,False,1,0,119,106,False,0,,36.64,0.834,False,0.88,False,0.215,False,787.35,1.0,False,405.96,1245.55
2289,null_gamma_n50_th20_alpha2.0,null_gamma,39,38187392,50,1000,20.0,0.0,0.0,2.0,False,1,0,73,47,False,0,,34.74,0.155,False,0.479,False,0.042,True,475.46,1.0,False,255.05,778.91
2290,null_gamma_n50_th20_alpha2.0,null_gamma,40,38195311,50,1000,20.0,0.0,0.0,2.0,False,1,0,87,69,False,0,,31.49,0.224,False,0.031,True,0.522,False,567.37,1.0,False,323.84,937.96
2291,null_gamma_n50_th20_alpha2.0,null_gamma,41,38203230,50,1000,20.0,0.0,0.0,2.0,False,1,0,69,50,False,0,,31.75,1.0,False,0.193,False,1.0,False,455.1,1.0,False,257.33,759.0
2292,null_gamma_n50_th20_alpha2.0,null_gamma,42,38211149,50,1000,20.0,0.0,0.0,2.0,False,1,0,79,65,False,0,,38.27,0.187,False,0.044,True,0.109,False,513.9,1.0,False,282.28,850.84
2293,null_gamma_n50_th20_alpha2.0,null_gamma,43,38219068,50,1000,20.0,0.0,0.0,2.0,False,1,0,69,52,False,0,,31.33,0.961,False,0.887,False,0.267,False,458.01,1.0,False,259.03,763.07
2294,null_gamma_n50_th20_alpha2.0,null_gamma,44,38226987,50,1000,20.0,0.0,0.0,2.0,False,1,0,75,48,False,0,,39.49,0.726,False,0.968,False,1.0,False,517.17,1.0,False,255.47,827.32
2295,null_gamma_n50_th20_alpha2.0,null_gamma,45,38234906,50,1000,20.0,0.0,0.0,2.0,False,1,0,45,37,False,0,,42.66,0.974,False,0.842,False,0.804,False,326.88,1.0,False,185.99,569.41
2296,null_gamma_n50_th20_alpha2.0,null_gamma,46,38242825,50,1000,20.0,0.0,0.0,2.0,False,1,0,106,85,False,0,,34.49,0.127,False,0.82,False,0.234,False,724.21,1.0,False,325.37,1098.36
2297,null_gamma_n50_th20_alpha2.0,null_gamma,47,38250744,50,1000,20.0,0.0,0.0,2.0,False,1,0,75,67,False,0,,51.5,0.444,False,0.274,False,0.38,False,491.57,1.0,False,262.83,822.83
2298,null_gamma_n50_th20_alpha2.0,null_gamma,48,38258663,50,1000,20.0,0.0,0.0,2.0,False,1,0,73,58,False,0,,32.07,0.192,False,0.339,False,0.034,True,473.76,1.0,False,256.68,777.22
2299,null_gamma_n50_th20_alpha2.0,null_gamma,49,38266582,50,1000,20.0,0.0,0.0,2.0,False,1,0,99,80,False,0,,33.58,0.83,False,0.777,False,0.181,False,638.73,1.0,False,289.43,977.14
