scenario_id,category,theta,rho,alpha,rep_idx,seed,true_is_recombinant,true_num_partitions,true_num_breakpoints,rhizaeon_detected,rhizaeon_num_bps,rhizaeon_bps,rhizaeon_spatial_err_nt,rhizaeon_runtime_ms,three_seq_detected,three_seq_num_triplets,three_seq_runtime_ms,gen_runtime_ms
power_theta10_rho0,power,10.0,0.0,inf,2,20011122,False,1,0,False,0,,-1.0,4.773750000000021,False,0,81.20045800000008,1.790584000000095
power_theta10_rho0,power,10.0,0.0,inf,1,20011121,False,1,0,False,0,,-1.0,5.168708000000022,False,0,84.96216700000004,1.7908749999999696
power_theta10_rho0,power,10.0,0.0,inf,5,20011125,False,1,0,False,0,,-1.0,4.563125000000001,False,0,85.4556660000001,1.7490000000000006
power_theta10_rho0,power,10.0,0.0,inf,0,20011120,False,1,0,False,0,,-1.0,4.705208000000072,False,0,86.45991699999999,1.8416660000000196
power_theta10_rho0,power,10.0,0.0,inf,10,20011130,False,1,0,False,0,,-1.0,6.473500000000021,False,0,85.94108300000003,2.2530000000000605
power_theta10_rho0,power,10.0,0.0,inf,8,20011128,False,1,0,False,0,,-1.0,7.044166999999879,False,0,85.48079200000002,2.2915839999999577
power_theta10_rho0,power,10.0,0.0,inf,3,20011123,False,1,0,False,0,,-1.0,4.807833000000095,False,0,91.09900000000005,1.7641670000001497
power_theta10_rho0,power,10.0,0.0,inf,11,20011131,False,1,0,False,0,,-1.0,7.615457999999853,False,0,88.5637079999999,2.310167000000085
power_theta10_rho0,power,10.0,0.0,inf,9,20011129,False,1,0,False,0,,-1.0,6.947125000000165,False,0,88.44916699999983,2.3446670000000225
power_theta10_rho0,power,10.0,0.0,inf,4,20011124,False,1,0,False,0,,-1.0,4.7356670000000545,False,0,92.15525000000002,1.8147500000000871
power_theta10_rho0,power,10.0,0.0,inf,7,20011127,False,1,0,False,0,,-1.0,6.730541000000034,False,0,89.51620800000003,2.352874999999921
power_theta10_rho0,power,10.0,0.0,inf,6,20011126,False,1,0,False,0,,-1.0,7.4209579999999775,False,0,87.49083400000002,2.3219160000000905
power_theta10_rho0,power,10.0,0.0,inf,15,20011135,False,1,0,False,0,,-1.0,5.707833999999856,False,0,51.904583,3.276207999999947
power_theta10_rho0,power,10.0,0.0,inf,12,20011132,False,1,0,False,0,,-1.0,9.988874999999897,False,0,55.17841700000004,2.9130829999999275
power_theta10_rho0,power,10.0,0.0,inf,13,20011133,False,1,0,False,0,,-1.0,5.426374999999872,False,0,54.55820799999999,4.741708999999927
power_theta10_rho0,power,10.0,0.0,inf,14,20011134,False,1,0,False,0,,-1.0,7.610208000000007,False,0,68.64216599999983,3.8375830000001443
power_theta10_rho0,power,10.0,0.0,inf,16,20011136,False,1,0,False,0,,-1.0,5.739291999999896,False,0,66.62075000000023,2.322166999999986
power_theta10_rho0,power,10.0,0.0,inf,17,20011137,False,1,0,False,0,,-1.0,5.3197499999999565,False,0,68.32987499999987,1.9987920000001935
power_theta10_rho0,power,10.0,0.0,inf,22,20011142,False,1,0,False,0,,-1.0,6.690583999999777,False,0,65.52425000000017,2.4270410000000187
power_theta10_rho0,power,10.0,0.0,inf,18,20011138,False,1,0,False,0,,-1.0,7.3932909999998575,False,0,65.70849999999994,2.534915999999887
power_theta10_rho0,power,10.0,0.0,inf,21,20011141,False,1,0,False,0,,-1.0,8.276124999999857,False,0,66.42229099999986,2.5402499999997996
power_theta10_rho0,power,10.0,0.0,inf,20,20011140,False,1,0,False,0,,-1.0,8.331749999999971,False,0,66.41074999999996,1.966416999999998
power_theta10_rho0,power,10.0,0.0,inf,19,20011139,False,1,0,False,0,,-1.0,8.275165999999778,False,0,66.14408299999974,1.9349159999999532
power_theta10_rho0,power,10.0,0.0,inf,23,20011143,False,1,0,False,0,,-1.0,8.868999999999794,False,0,67.7026249999999,2.757457999999602
power_theta10_rho0,power,10.0,0.0,inf,25,20011145,False,1,0,False,0,,-1.0,5.9706669999997075,False,0,29.620333,2.1725839999997554
power_theta10_rho0,power,10.0,0.0,inf,24,20011144,False,1,0,False,0,,-1.0,6.681792000000186,False,0,31.454375000000034,2.893333999999914
power_theta10_rho0,power,10.0,0.0,inf,26,20011146,False,1,0,False,0,,-1.0,7.697459000000073,False,0,29.385249999999807,3.3783750000000445
power_theta10_rho0,power,10.0,0.0,inf,28,20011148,False,1,0,False,0,,-1.0,7.079916999999991,False,0,57.54591700000012,2.9479580000000283
power_theta10_rho0,power,10.0,0.0,inf,31,20011151,False,1,0,False,0,,-1.0,4.4612090000000215,False,0,65.29983299999964,2.569042000000188
power_theta10_rho0,power,10.0,0.0,inf,33,20011153,False,1,0,False,0,,-1.0,5.658500000000011,False,0,63.00687499999968,2.6153749999999754
power_theta10_rho0,power,10.0,0.0,inf,34,20011154,False,1,0,False,0,,-1.0,5.066875000000248,False,0,64.33041599999979,1.9835420000000603
power_theta10_rho0,power,10.0,0.0,inf,27,20011147,False,1,0,False,0,,-1.0,7.577208999999918,False,0,66.7479590000002,2.0536670000002033
power_theta10_rho0,power,10.0,0.0,inf,29,20011149,False,1,0,False,0,,-1.0,5.386875000000124,False,0,65.07362500000013,2.9421250000001287
power_theta10_rho0,power,10.0,0.0,inf,35,20011155,False,1,0,False,0,,-1.0,6.666624999999815,False,0,61.18487499999992,2.500874999999958
power_theta10_rho0,power,10.0,0.0,inf,30,20011150,False,1,0,False,0,,-1.0,5.107792,False,0,65.30625000000035,2.0767500000000716
power_theta10_rho0,power,10.0,0.0,inf,32,20011152,False,1,0,False,0,,-1.0,7.146000000000097,False,0,65.46620800000014,2.617542000000306
power_theta10_rho0,power,10.0,0.0,inf,37,20011157,False,1,0,False,0,,-1.0,6.895999999999791,False,0,49.19791699999987,1.9501669999999471
power_theta10_rho0,power,10.0,0.0,inf,36,20011156,False,1,0,False,0,,-1.0,8.030124999999888,False,0,48.597458000000145,2.1693329999998845
power_theta10_rho0,power,10.0,0.0,inf,38,20011158,False,1,0,False,0,,-1.0,8.074042000000059,False,0,47.32608299999974,2.2679170000001747
power_theta10_rho0,power,10.0,0.0,inf,39,20011159,False,1,0,False,0,,-1.0,7.9166250000000105,False,0,25.881082999999805,3.0779579999999918
power_theta10_rho0,power,10.0,0.0,inf,44,20011164,False,1,0,False,0,,-1.0,5.02995900000025,False,0,48.90350000000021,3.0052500000001814
power_theta10_rho0,power,10.0,0.0,inf,41,20011161,False,1,0,False,0,,-1.0,7.33616700000006,False,0,64.59379199999971,2.66624999999987
power_theta10_rho0,power,10.0,0.0,inf,46,20011166,False,1,0,False,0,,-1.0,5.424291000000192,False,0,65.89337499999992,2.74675000000002
power_theta10_rho0,power,10.0,0.0,inf,45,20011165,False,1,0,False,0,,-1.0,7.314291000000139,False,0,63.46066700000019,2.053875000000094
power_theta10_rho0,power,10.0,0.0,inf,43,20011163,False,1,0,False,0,,-1.0,7.018416000000194,False,0,68.16404199999981,3.0993339999998426
power_theta10_rho0,power,10.0,0.0,inf,47,20011167,False,1,0,False,0,,-1.0,8.001583000000423,False,0,66.02812499999987,2.7147909999998276
power_theta10_rho0,power,10.0,0.0,inf,50,20011170,False,1,0,False,0,,-1.0,7.230832999999937,False,0,63.916166999999916,1.9407500000001576
power_theta10_rho0,power,10.0,0.0,inf,48,20011168,False,1,0,False,0,,-1.0,6.813457999999883,False,0,65.35004199999995,2.836709000000326
power_theta10_rho0,power,10.0,0.0,inf,42,20011162,False,1,0,False,0,,-1.0,7.4085420000002955,False,0,68.93820800000006,2.652874999999888
power_theta10_rho0,power,10.0,0.0,inf,51,20011171,False,1,0,False,0,,-1.0,8.190541999999912,False,0,40.118999999999794,3.278499999999962
power_theta10_rho0,power,10.0,0.0,inf,40,20011160,False,1,0,False,0,,-1.0,7.719499999999879,False,0,68.9263750000002,3.2609169999999743
power_theta10_rho0,power,10.0,0.0,inf,49,20011169,False,1,0,False,0,,-1.0,7.29583300000014,False,0,64.51716699999999,2.6031669999997398
power_theta10_rho0,power,10.0,0.0,inf,52,20011172,False,1,0,False,0,,-1.0,8.281749999999644,False,0,22.807624999999998,2.136624999999892
power_theta10_rho0,power,10.0,0.0,inf,54,20011174,False,1,0,False,0,,-1.0,4.925916000000363,False,0,43.52262500000003,2.945291000000072
power_theta10_rho0,power,10.0,0.0,inf,53,20011173,False,1,0,False,0,,-1.0,6.36641700000018,False,0,47.99879200000001,2.697124999999634
power_theta10_rho0,power,10.0,0.0,inf,56,20011176,False,1,0,False,0,,-1.0,6.803915999999965,False,0,62.78358399999995,2.1463750000001447
power_theta10_rho0,power,10.0,0.0,inf,55,20011175,False,1,0,False,0,,-1.0,8.07495799999991,False,0,64.13904200000032,2.88420899999986
power_theta10_rho0,power,10.0,0.0,inf,60,20011180,False,1,0,False,0,,-1.0,5.908792000000052,False,0,64.42941699999993,2.1317090000003702
power_theta10_rho0,power,10.0,0.0,inf,59,20011179,False,1,0,False,0,,-1.0,7.208416999999745,False,0,65.1230410000001,2.1766659999999938
power_theta10_rho0,power,10.0,0.0,inf,58,20011178,False,1,0,False,0,,-1.0,7.6979169999997765,False,0,65.12874999999995,1.977833999999845
power_theta10_rho0,power,10.0,0.0,inf,63,20011183,False,1,0,False,0,,-1.0,5.853207999999999,False,0,65.54779099999975,1.9341250000000088
power_theta10_rho0,power,10.0,0.0,inf,61,20011181,False,1,0,False,0,,-1.0,8.955874999999835,False,0,63.46000000000007,3.0867089999997432
power_theta10_rho0,power,10.0,0.0,inf,57,20011177,False,1,0,False,0,,-1.0,8.528917000000025,False,0,65.42599999999999,2.6177500000001963
power_theta10_rho0,power,10.0,0.0,inf,64,20011184,False,1,0,False,0,,-1.0,4.790916999999784,False,0,58.166582999999775,3.2477079999999603
power_theta10_rho0,power,10.0,0.0,inf,62,20011182,False,1,0,False,0,,-1.0,7.253125000000082,False,0,66.07929199999995,3.069083999999833
power_theta10_rho0,power,10.0,0.0,inf,65,20011185,False,1,0,False,0,,-1.0,7.021749999999827,False,0,26.46020800000004,2.8570830000003156
power_theta10_rho0,power,10.0,0.0,inf,66,20011186,False,1,0,False,0,,-1.0,6.9968750000000135,False,0,27.651416000000317,3.066415999999794
power_theta10_rho0,power,10.0,0.0,inf,69,20011189,False,1,0,False,0,,-1.0,4.1950410000000105,False,0,24.362125000000123,2.5135830000002635
power_theta10_rho0,power,10.0,0.0,inf,71,20011191,False,1,0,False,0,,-1.0,5.020667000000145,False,0,66.13904200000009,1.9817500000001154
power_theta10_rho0,power,10.0,0.0,inf,68,20011188,False,1,0,False,0,,-1.0,8.08079099999981,False,0,68.45866600000016,3.290417000000101
power_theta10_rho0,power,10.0,0.0,inf,74,20011194,False,1,0,False,0,,-1.0,4.9730419999995945,False,0,65.50933299999961,2.0232089999998593
power_theta10_rho0,power,10.0,0.0,inf,67,20011187,False,1,0,False,0,,-1.0,8.451250000000243,False,0,71.18175000000005,3.1879580000002683
power_theta10_rho0,power,10.0,0.0,inf,76,20011196,False,1,0,False,0,,-1.0,4.097875000000251,False,0,68.03537500000002,3.199833000000041
power_theta10_rho0,power,10.0,0.0,inf,72,20011192,False,1,0,False,0,,-1.0,7.665000000000255,False,0,69.43404199999969,2.0080000000000098
power_theta10_rho0,power,10.0,0.0,inf,75,20011195,False,1,0,False,0,,-1.0,6.083917000000216,False,0,66.72470799999974,3.514500000000087
power_theta10_rho0,power,10.0,0.0,inf,73,20011193,False,1,0,False,0,,-1.0,6.741667000000007,False,0,68.5803749999998,2.0694169999999623
power_theta10_rho0,power,10.0,0.0,inf,77,20011197,False,1,0,False,0,,-1.0,5.799542000000102,False,0,59.943666999999756,2.872125000000114
power_theta10_rho0,power,10.0,0.0,inf,78,20011198,False,1,0,False,0,,-1.0,5.520250000000004,False,0,56.234292000000075,3.706917000000143
power_theta10_rho0,power,10.0,0.0,inf,70,20011190,False,1,0,False,0,,-1.0,8.748709000000243,False,0,67.796709,2.7446669999999784
power_theta10_rho0,power,10.0,0.0,inf,79,20011199,False,1,0,False,0,,-1.0,8.059958000000034,False,0,41.34391699999984,2.390249999999927
power_theta10_rho0,power,10.0,0.0,inf,81,20011201,False,1,0,False,0,,-1.0,8.736792000000104,False,0,57.94349999999993,2.8504589999998053
power_theta10_rho0,power,10.0,0.0,inf,82,20011202,False,1,0,False,0,,-1.0,7.321457999999836,False,0,64.07245800000005,3.116791000000063
power_theta10_rho0,power,10.0,0.0,inf,80,20011200,False,1,0,False,0,,-1.0,6.928625000000022,False,0,67.85204100000009,2.989707999999869
power_theta10_rho0,power,10.0,0.0,inf,86,20011206,False,1,0,False,0,,-1.0,5.318500000000004,False,0,66.1269579999999,2.0067080000001347
power_theta10_rho0,power,10.0,0.0,inf,83,20011203,False,1,0,False,0,,-1.0,5.792333999999677,False,0,66.39966599999968,2.9612499999998043
power_theta10_rho0,power,10.0,0.0,inf,87,20011207,False,1,0,False,0,,-1.0,6.44395799999975,False,0,65.23658299999991,2.1871250000002895
power_theta10_rho0,power,10.0,0.0,inf,88,20011208,False,1,0,False,0,,-1.0,6.104541000000019,False,0,67.53520799999978,2.7412089999998557
power_theta10_rho0,power,10.0,0.0,inf,85,20011205,False,1,0,False,0,,-1.0,8.877542000000016,False,0,65.24291699999995,2.959415999999937
power_theta10_rho0,power,10.0,0.0,inf,84,20011204,False,1,0,False,0,,-1.0,9.100124999999792,False,0,66.30083299999967,3.081958000000107
power_theta10_rho0,power,10.0,0.0,inf,91,20011211,False,1,0,False,0,,-1.0,8.935584000000052,False,0,66.09554199999978,1.899958999999729
power_theta10_rho0,power,10.0,0.0,inf,89,20011209,False,1,0,False,0,,-1.0,10.767874999999982,False,0,65.60379100000003,2.691333000000018
power_theta10_rho0,power,10.0,0.0,inf,90,20011210,False,1,0,False,0,,-1.0,9.041040999999694,False,0,67.24787499999962,2.583750000000329
power_theta10_rho0,power,10.0,0.0,inf,94,20011214,False,1,0,False,0,,-1.0,7.558708999999997,False,0,38.64645800000011,3.0052499999997373
power_theta10_rho0,power,10.0,0.0,inf,92,20011212,False,1,0,False,0,,-1.0,8.274249999999927,False,0,44.97008299999994,3.0990410000000246
power_theta10_rho0,power,10.0,0.0,inf,93,20011213,False,1,0,False,0,,-1.0,8.044957999999713,False,0,44.272792000000116,3.0166659999997236
power_theta10_rho0,power,10.0,0.0,inf,96,20011216,False,1,0,False,0,,-1.0,5.214374999999993,False,0,44.95066600000008,2.620165999999813
power_theta10_rho0,power,10.0,0.0,inf,95,20011215,False,1,0,False,0,,-1.0,7.485041999999886,False,0,47.9999999999996,2.01020800000018
power_theta10_rho0,power,10.0,0.0,inf,98,20011218,False,1,0,False,0,,-1.0,5.755125000000305,False,0,46.44108400000002,3.308957999999862
power_theta10_rho0,power,10.0,0.0,inf,97,20011217,False,1,0,False,0,,-1.0,7.357124999999964,False,0,49.074917,2.4800840000001045
power_theta10_rho0,power,10.0,0.0,inf,99,20011219,False,1,0,False,0,,-1.0,8.297208000000111,False,0,44.56666699999978,2.5092500000001294
power_theta10_rho1,power,10.0,1.0,inf,1,20012121,True,2,1,False,0,,-1.0,7.253958000000171,False,0,31.07937500000002,65.34562499999996
power_theta10_rho1,power,10.0,1.0,inf,0,20012120,True,3,2,False,0,,-1.0,5.066124999999921,False,0,33.72916699999973,66.5778330000002
power_theta10_rho1,power,10.0,1.0,inf,3,20012123,True,5,4,False,0,,-1.0,3.89074999999961,False,0,32.17020899999979,70.00995799999998
power_theta10_rho1,power,10.0,1.0,inf,2,20012122,True,6,5,False,0,,-1.0,5.09187500000019,False,0,27.260415999999843,84.03095899999968
power_theta10_rho1,power,10.0,1.0,inf,4,20012124,True,2,1,False,0,,-1.0,5.818000000000101,False,0,22.8275,65.65558299999985
power_theta10_rho1,power,10.0,1.0,inf,5,20012125,True,3,2,False,0,,-1.0,4.344833000000214,False,0,24.140749999999933,68.74808300000001
power_theta10_rho1,power,10.0,1.0,inf,13,20012133,False,1,0,False,0,,-1.0,5.572250000000167,False,0,27.41233300000001,10.491165999999996
power_theta10_rho1,power,10.0,1.0,inf,10,20012130,True,2,1,False,0,,-1.0,5.630167000000075,False,0,31.12608399999983,63.40749999999984
power_theta10_rho1,power,10.0,1.0,inf,12,20012132,True,3,2,False,0,,-1.0,6.835832999999791,False,0,41.448166999999984,16.361417000000156
power_theta10_rho1,power,10.0,1.0,inf,7,20012127,True,4,3,False,0,,-1.0,5.1497079999998085,False,0,41.89212499999995,74.11404199999971
power_theta10_rho1,power,10.0,1.0,inf,9,20012129,True,4,3,False,0,,-1.0,5.204500000000056,False,0,41.36641699999988,70.87041700000007
power_theta10_rho1,power,10.0,1.0,inf,11,20012131,True,5,4,False,0,,-1.0,5.925458999999744,False,0,39.6817089999999,73.42562500000005
power_theta10_rho1,power,10.0,1.0,inf,14,20012134,True,5,4,False,0,,-1.0,6.432457999999919,False,0,38.451416000000016,25.065749999999998
power_theta10_rho1,power,10.0,1.0,inf,15,20012135,True,2,1,False,0,,-1.0,6.428790999999823,False,0,40.20212499999998,13.237417000000029
power_theta10_rho1,power,10.0,1.0,inf,16,20012136,True,5,4,False,0,,-1.0,7.460790999999745,False,0,28.91066699999989,21.07725000000027
power_theta10_rho1,power,10.0,1.0,inf,8,20012128,True,12,11,True,1,734,256.90909090909093,12.383417000000119,True,1,29.616749999999747,97.07899999999992
power_theta10_rho1,power,10.0,1.0,inf,19,20012139,False,1,0,False,0,,-1.0,7.579624999999979,False,0,32.378750000000345,10.628708000000042
power_theta10_rho1,power,10.0,1.0,inf,18,20012138,True,5,4,False,0,,-1.0,7.526083000000128,False,0,31.70870800000003,22.505457999999923
power_theta10_rho1,power,10.0,1.0,inf,17,20012137,True,7,6,False,0,,-1.0,5.410541999999907,False,0,32.3810830000002,31.7030410000001
power_theta10_rho1,power,10.0,1.0,inf,21,20012141,True,4,3,False,0,,-1.0,5.281207999999982,False,0,33.80620799999967,16.365208000000298
power_theta10_rho1,power,10.0,1.0,inf,22,20012142,True,3,2,False,0,,-1.0,6.028082999999906,False,0,33.84383300000016,15.439250000000015
power_theta10_rho1,power,10.0,1.0,inf,25,20012145,True,3,2,False,0,,-1.0,5.268749999999933,False,0,37.555583000000055,14.769833999999982
power_theta10_rho1,power,10.0,1.0,inf,23,20012143,True,3,2,False,0,,-1.0,6.270332999999795,False,0,37.76958300000022,18.379792000000172
power_theta10_rho1,power,10.0,1.0,inf,24,20012144,True,2,1,False,0,,-1.0,8.056417000000149,False,0,40.38654199999981,13.088542000000203
power_theta10_rho1,power,10.0,1.0,inf,20,20012140,True,7,6,False,0,,-1.0,6.785082999999581,False,0,38.62441699999985,31.264249999999993
power_theta10_rho1,power,10.0,1.0,inf,6,20012126,False,1,0,False,0,,-1.0,3.253125000000079,False,0,138.81937499999975,62.448292000000016
power_theta10_rho1,power,10.0,1.0,inf,27,20012147,False,1,0,False,0,,-1.0,6.934750000000101,False,0,36.21020899999961,9.654416999999693
power_theta10_rho1,power,10.0,1.0,inf,26,20012146,True,2,1,False,0,,-1.0,5.7177079999997105,False,0,36.16083399999992,11.822540999999909
power_theta10_rho1,power,10.0,1.0,inf,28,20012148,False,1,0,False,0,,-1.0,7.448000000000121,False,0,26.36808299999993,10.353540999999744
power_theta10_rho1,power,10.0,1.0,inf,31,20012151,True,2,1,False,0,,-1.0,6.291500000000116,False,0,32.96104199999972,13.628916000000046
power_theta10_rho1,power,10.0,1.0,inf,29,20012149,True,6,5,False,0,,-1.0,7.514458999999807,False,0,39.07408400000012,27.960166999999814
power_theta10_rho1,power,10.0,1.0,inf,30,20012150,True,6,5,False,0,,-1.0,6.752207999999982,False,0,39.58133400000019,32.621459000000016
power_theta10_rho1,power,10.0,1.0,inf,33,20012153,True,2,1,False,0,,-1.0,7.171542000000031,False,0,46.56537500000013,11.272250000000206
power_theta10_rho1,power,10.0,1.0,inf,32,20012152,True,3,2,False,0,,-1.0,8.921709,False,0,48.480458000000226,17.776792000000263
power_theta10_rho1,power,10.0,1.0,inf,35,20012155,True,2,1,False,0,,-1.0,7.403083999999893,False,0,46.181333000000265,13.510500000000203
power_theta10_rho1,power,10.0,1.0,inf,34,20012154,True,4,3,False,0,,-1.0,5.215250000000005,False,0,45.5264999999998,18.23808299999996
power_theta10_rho1,power,10.0,1.0,inf,36,20012156,True,2,1,False,0,,-1.0,8.206583000000212,False,0,45.318833000000055,10.605625000000174
power_theta10_rho1,power,10.0,1.0,inf,37,20012157,False,1,0,False,0,,-1.0,5.3172090000002115,False,0,44.613415999999795,10.581708000000134
power_theta10_rho1,power,10.0,1.0,inf,38,20012158,True,2,1,False,0,,-1.0,5.059208000000037,False,0,45.3310840000003,10.94208299999977
power_theta10_rho1,power,10.0,1.0,inf,39,20012159,True,4,3,False,0,,-1.0,10.212124999999794,False,0,37.20141699999991,18.90533399999983
power_theta10_rho1,power,10.0,1.0,inf,40,20012160,True,5,4,False,0,,-1.0,9.70783399999986,False,0,32.37354199999976,21.097124999999828
power_theta10_rho1,power,10.0,1.0,inf,41,20012161,False,1,0,False,0,,-1.0,10.003750000000089,False,0,24.87212499999991,11.017416000000058
power_theta10_rho1,power,10.0,1.0,inf,42,20012162,True,4,3,False,0,,-1.0,5.060166999999893,False,0,23.70912500000033,21.486333999999996
power_theta10_rho1,power,10.0,1.0,inf,43,20012163,True,3,2,False,0,,-1.0,7.8990000000001,False,0,26.570333,14.897084000000227
power_theta10_rho1,power,10.0,1.0,inf,44,20012164,True,4,3,False,0,,-1.0,5.063916000000113,False,0,30.736167000000147,16.429499999999653
power_theta10_rho1,power,10.0,1.0,inf,46,20012166,True,3,2,False,0,,-1.0,5.0096250000000175,False,0,31.062541999999915,13.63270899999991
power_theta10_rho1,power,10.0,1.0,inf,48,20012168,True,3,2,False,0,,-1.0,5.353500000000011,False,0,42.27854100000039,13.701041999999664
power_theta10_rho1,power,10.0,1.0,inf,47,20012167,True,4,3,False,0,,-1.0,6.316291000000085,False,0,41.66150000000002,16.8877919999999
power_theta10_rho1,power,10.0,1.0,inf,50,20012170,True,3,2,False,0,,-1.0,6.352790999999858,False,0,47.110292000000165,12.851665999999984
power_theta10_rho1,power,10.0,1.0,inf,49,20012169,True,5,4,False,0,,-1.0,6.6454579999999375,False,0,44.51145899999975,18.874832999999924
power_theta10_rho1,power,10.0,1.0,inf,52,20012172,True,2,1,False,0,,-1.0,6.627624999999693,False,0,43.05620799999987,12.070041999999948
power_theta10_rho1,power,10.0,1.0,inf,53,20012173,False,1,0,False,0,,-1.0,6.045665999999894,False,0,38.10762499999987,9.85504199999987
power_theta10_rho1,power,10.0,1.0,inf,45,20012165,True,9,8,False,0,,-1.0,7.5762919999999845,False,0,40.4621249999999,32.48162499999996
power_theta10_rho1,power,10.0,1.0,inf,51,20012171,True,6,5,False,0,,-1.0,8.531291999999802,False,0,33.96679100000011,25.915041000000194
power_theta10_rho1,power,10.0,1.0,inf,54,20012174,False,1,0,False,0,,-1.0,7.378542000000099,False,0,31.494500000000425,9.27679200000009
power_theta10_rho1,power,10.0,1.0,inf,55,20012175,False,1,0,False,0,,-1.0,8.495417000000227,False,0,27.108750000000015,11.539207999999856
power_theta10_rho1,power,10.0,1.0,inf,56,20012176,True,3,2,False,0,,-1.0,6.721250000000012,False,0,24.999708999999815,16.831999999999958
power_theta10_rho1,power,10.0,1.0,inf,57,20012177,True,5,4,False,0,,-1.0,6.364625000000235,False,0,26.997665999999754,21.814583999999915
power_theta10_rho1,power,10.0,1.0,inf,59,20012179,False,1,0,False,0,,-1.0,5.034250000000018,False,0,26.772124999999924,10.838666999999802
power_theta10_rho1,power,10.0,1.0,inf,60,20012180,True,2,1,False,0,,-1.0,5.49450000000018,False,0,35.66254199999985,10.56675000000018
power_theta10_rho1,power,10.0,1.0,inf,62,20012182,False,1,0,False,0,,-1.0,8.822625000000084,False,0,30.226124999999993,9.36370799999997
power_theta10_rho1,power,10.0,1.0,inf,58,20012178,True,3,2,False,0,,-1.0,6.816582999999987,False,0,31.802874999999897,16.98775000000019
power_theta10_rho1,power,10.0,1.0,inf,63,20012183,True,6,5,False,0,,-1.0,4.665375000000083,False,0,26.390458000000283,26.00749999999996
power_theta10_rho1,power,10.0,1.0,inf,66,20012186,True,4,3,False,0,,-1.0,5.849249999999806,False,0,41.80166600000001,19.33312499999973
power_theta10_rho1,power,10.0,1.0,inf,67,20012187,True,3,2,False,0,,-1.0,7.132458000000064,False,0,39.22791599999975,14.64141699999999
power_theta10_rho1,power,10.0,1.0,inf,61,20012181,True,8,7,False,0,,-1.0,6.145791999999872,False,0,39.793165999999935,34.74591699999996
power_theta10_rho1,power,10.0,1.0,inf,64,20012184,True,4,3,False,0,,-1.0,8.380250000000089,False,0,45.98125000000009,22.930000000000117
power_theta10_rho1,power,10.0,1.0,inf,68,20012188,True,3,2,False,0,,-1.0,8.77245800000015,False,0,41.37037500000007,15.209000000000028
power_theta10_rho1,power,10.0,1.0,inf,65,20012185,True,6,5,False,0,,-1.0,7.877334000000236,False,0,41.32029199999998,29.67929199999997
power_theta10_rho1,power,10.0,1.0,inf,70,20012190,True,3,2,False,0,,-1.0,8.19679200000012,False,0,39.67595800000012,13.592333999999706
power_theta10_rho1,power,10.0,1.0,inf,71,20012191,True,3,2,False,0,,-1.0,7.852000000000192,False,0,31.143875000000154,15.978541000000401
power_theta10_rho1,power,10.0,1.0,inf,69,20012189,True,5,4,False,0,,-1.0,9.373333999999733,False,0,40.78274999999998,25.684749999999923
power_theta10_rho1,power,10.0,1.0,inf,73,20012193,True,2,1,False,0,,-1.0,8.295040999999781,False,0,32.19929200000004,13.800042000000179
power_theta10_rho1,power,10.0,1.0,inf,72,20012192,True,4,3,False,0,,-1.0,8.713124999999877,False,0,31.83470799999988,19.29466599999996
power_theta10_rho1,power,10.0,1.0,inf,74,20012194,True,4,3,False,0,,-1.0,7.195332999999859,False,0,32.63425000000009,20.236415999999924
power_theta10_rho1,power,10.0,1.0,inf,75,20012195,True,4,3,False,0,,-1.0,7.557832999999903,False,0,28.347334000000224,17.81983300000034
power_theta10_rho1,power,10.0,1.0,inf,77,20012197,True,3,2,False,0,,-1.0,7.153499999999813,False,0,36.92074999999973,15.964958000000085
power_theta10_rho1,power,10.0,1.0,inf,76,20012196,True,4,3,False,0,,-1.0,7.541583000000074,False,0,38.52875000000022,21.116417
power_theta10_rho1,power,10.0,1.0,inf,79,20012199,True,4,3,False,0,,-1.0,7.102790999999886,False,0,39.327791000000275,18.884208000000235
power_theta10_rho1,power,10.0,1.0,inf,80,20012200,True,3,2,False,0,,-1.0,7.607542000000134,False,0,44.00862500000002,16.78808300000023
power_theta10_rho1,power,10.0,1.0,inf,81,20012201,True,2,1,False,0,,-1.0,5.013750000000261,False,0,40.43833299999999,10.45133300000023
power_theta10_rho1,power,10.0,1.0,inf,78,20012198,True,6,5,False,0,,-1.0,7.764916000000177,False,0,40.81095900000031,26.43116600000006
power_theta10_rho1,power,10.0,1.0,inf,82,20012202,True,3,2,False,0,,-1.0,6.5595830000000355,False,0,37.095665999999916,16.282832999999997
power_theta10_rho1,power,10.0,1.0,inf,85,20012205,True,4,3,False,0,,-1.0,9.323750000000075,False,0,26.125041999999876,18.265791000000142
power_theta10_rho1,power,10.0,1.0,inf,87,20012207,False,1,0,False,0,,-1.0,7.69775000000017,False,0,24.062415999999587,11.193624999999763
power_theta10_rho1,power,10.0,1.0,inf,86,20012206,True,7,6,False,0,,-1.0,5.46887500000004,False,0,27.06987500000002,32.71020900000021
power_theta10_rho1,power,10.0,1.0,inf,88,20012208,True,5,4,False,0,,-1.0,5.073832999999972,False,0,34.30075000000032,24.212957999999674
power_theta10_rho1,power,10.0,1.0,inf,92,20012212,True,3,2,False,0,,-1.0,4.939333000000268,False,0,33.096167000000065,15.456166999999965
power_theta10_rho1,power,10.0,1.0,inf,93,20012213,True,3,2,False,0,,-1.0,6.9328749999999495,False,0,43.215790999999726,16.54137500000008
power_theta10_rho1,power,10.0,1.0,inf,91,20012211,True,8,7,False,0,,-1.0,5.688415999999918,False,0,39.39670799999995,29.741207999999908
power_theta10_rho1,power,10.0,1.0,inf,96,20012216,True,3,2,False,0,,-1.0,5.9016250000003545,False,0,35.40541700000021,16.15050000000018
power_theta10_rho1,power,10.0,1.0,inf,95,20012215,True,4,3,False,0,,-1.0,6.977041999999933,False,0,36.509915999999976,19.08604200000008
power_theta10_rho1,power,10.0,1.0,inf,84,20012204,True,3,2,False,0,,-1.0,9.317374999999739,False,0,36.27304199999992,16.031084000000195
power_theta10_rho1,power,10.0,1.0,inf,83,20012203,True,3,2,False,0,,-1.0,8.508165999999928,False,0,35.7573750000002,17.474791000000156
power_theta10_rho1,power,10.0,1.0,inf,90,20012210,True,5,4,False,0,,-1.0,7.86737500000001,False,0,42.72324999999988,21.968959000000066
power_theta10_rho1,power,10.0,1.0,inf,94,20012214,True,2,1,False,0,,-1.0,6.488082999999811,False,0,41.97695800000023,11.867582999999904
power_theta10_rho1,power,10.0,1.0,inf,89,20012209,True,6,5,False,0,,-1.0,7.643792000000094,False,0,43.15633399999985,22.990834000000238
power_theta10_rho1,power,10.0,1.0,inf,97,20012217,True,3,2,False,0,,-1.0,8.294875000000257,False,0,23.18595900000009,19.115250000000028
power_theta10_rho1,power,10.0,1.0,inf,98,20012218,True,3,2,False,0,,-1.0,5.170333000000138,False,0,25.19779100000008,17.95441699999989
power_theta10_rho1,power,10.0,1.0,inf,99,20012219,True,3,2,False,0,,-1.0,6.015042000000026,False,0,25.51920799999996,16.710750000000107
power_theta10_rho4,power,10.0,4.0,inf,1,20013121,True,4,3,False,0,,-1.0,4.465249999999976,False,0,26.098708000000137,15.607124999999833
power_theta10_rho4,power,10.0,4.0,inf,0,20013120,True,10,9,False,0,,-1.0,5.354542000000073,False,0,24.266083999999744,34.79291699999987
power_theta10_rho4,power,10.0,4.0,inf,3,20013123,True,12,11,False,0,,-1.0,5.308750000000195,False,0,28.121749999999945,45.82083400000015
power_theta10_rho4,power,10.0,4.0,inf,6,20013126,True,8,7,False,0,,-1.0,5.0117499999999815,False,0,29.368708000000243,33.21687499999992
power_theta10_rho4,power,10.0,4.0,inf,11,20013131,True,4,3,False,0,,-1.0,5.020792000000274,False,0,28.497708999999816,22.154250000000264
power_theta10_rho4,power,10.0,4.0,inf,4,20013124,True,11,10,False,0,,-1.0,7.702334000000199,False,0,24.17608299999996,45.776125000000164
power_theta10_rho4,power,10.0,4.0,inf,5,20013125,True,12,11,False,0,,-1.0,5.595791999999822,False,0,24.825582999999707,54.58425
power_theta10_rho4,power,10.0,4.0,inf,7,20013127,True,14,13,False,0,,-1.0,6.682791999999882,False,0,27.21008299999994,58.35816699999974
power_theta10_rho4,power,10.0,4.0,inf,8,20013128,True,16,15,False,0,,-1.0,7.712000000000163,False,0,31.118959000000057,59.032792
power_theta10_rho4,power,10.0,4.0,inf,9,20013129,True,16,15,False,0,,-1.0,5.468666000000066,False,0,28.942250000000058,63.87737499999968
power_theta10_rho4,power,10.0,4.0,inf,12,20013132,True,12,11,False,0,,-1.0,5.915457999999596,False,0,27.200834000000285,50.28779100000014
power_theta10_rho4,power,10.0,4.0,inf,2,20013122,True,20,19,False,0,,-1.0,6.559457999999907,True,1,28.507124999999967,96.244
power_theta10_rho4,power,10.0,4.0,inf,16,20013136,True,9,8,False,0,,-1.0,6.117959000000006,False,0,31.520249999999805,36.26833300000021
power_theta10_rho4,power,10.0,4.0,inf,10,20013130,True,20,19,False,0,,-1.0,6.037291999999805,False,0,32.00616599999995,95.18324999999983
power_theta10_rho4,power,10.0,4.0,inf,14,20013134,True,11,10,False,0,,-1.0,7.266875000000006,False,0,31.7488749999999,44.249875000000216
power_theta10_rho4,power,10.0,4.0,inf,15,20013135,True,12,11,False,0,,-1.0,5.942541999999662,False,0,34.22800000000015,47.944957999999986
power_theta10_rho4,power,10.0,4.0,inf,13,20013133,True,17,16,False,0,,-1.0,5.886375000000221,False,0,35.587167000000086,75.83866599999966
power_theta10_rho4,power,10.0,4.0,inf,18,20013138,True,12,11,False,0,,-1.0,6.857333000000132,False,0,32.785625000000266,43.7484170000002
power_theta10_rho4,power,10.0,4.0,inf,17,20013137,True,12,11,False,0,,-1.0,4.971457999999984,False,0,35.193209,49.4775409999999
power_theta10_rho4,power,10.0,4.0,inf,21,20013141,True,5,4,False,0,,-1.0,3.1197079999998323,False,0,34.48929099999987,23.1703750000003
power_theta10_rho4,power,10.0,4.0,inf,20,20013140,True,8,7,True,1,686,330.57142857142856,11.163500000000326,True,1,25.30020799999999,30.96349999999992
power_theta10_rho4,power,10.0,4.0,inf,22,20013142,True,9,8,False,0,,-1.0,5.231125000000336,False,0,26.078125000000174,36.61729199999986
power_theta10_rho4,power,10.0,4.0,inf,30,20013150,True,7,6,False,0,,-1.0,2.503083000000128,False,0,23.767708999999915,21.445874999999948
power_theta10_rho4,power,10.0,4.0,inf,23,20013143,True,17,16,False,0,,-1.0,5.708708000000229,False,0,32.521749999999905,73.37774999999968
power_theta10_rho4,power,10.0,4.0,inf,29,20013149,True,6,5,False,0,,-1.0,5.910416000000307,False,0,33.96791599999993,27.46533299999987
power_theta10_rho4,power,10.0,4.0,inf,24,20013144,True,14,13,False,0,,-1.0,5.85408300000001,False,0,32.318167000000116,55.69391700000015
power_theta10_rho4,power,10.0,4.0,inf,19,20013139,True,22,21,False,0,,-1.0,6.288540999999981,False,0,34.00533299999964,105.68554200000024
power_theta10_rho4,power,10.0,4.0,inf,26,20013146,True,12,11,False,0,,-1.0,6.528374999999809,False,0,32.242708000000064,58.389458000000175
power_theta10_rho4,power,10.0,4.0,inf,27,20013147,True,12,11,False,0,,-1.0,7.958125000000038,False,0,30.527957999999966,51.949625000000225
power_theta10_rho4,power,10.0,4.0,inf,28,20013148,True,9,8,True,1,281,246.875,13.731665999999976,False,0,36.41766600000018,31.943957999999828
power_theta10_rho4,power,10.0,4.0,inf,31,20013151,True,15,14,False,0,,-1.0,7.659208000000195,False,0,24.72658300000008,65.29916700000004
power_theta10_rho4,power,10.0,4.0,inf,32,20013152,True,17,16,False,0,,-1.0,5.651584000000209,False,0,28.64670800000013,77.04370799999971
power_theta10_rho4,power,10.0,4.0,inf,33,20013153,True,13,12,False,0,,-1.0,6.641833000000208,False,0,30.175709000000328,59.49845799999976
power_theta10_rho4,power,10.0,4.0,inf,25,20013145,True,22,21,False,0,,-1.0,9.590457999999913,False,0,27.78983299999993,104.96879100000012
power_theta10_rho4,power,10.0,4.0,inf,35,20013155,True,10,9,False,0,,-1.0,4.908292000000092,False,0,30.634709000000093,38.35699999999997
power_theta10_rho4,power,10.0,4.0,inf,38,20013158,True,6,5,False,0,,-1.0,4.983874999999749,False,0,30.731375000000227,25.98779100000037
power_theta10_rho4,power,10.0,4.0,inf,37,20013157,True,10,9,False,0,,-1.0,6.003916999999692,False,0,23.677666999999847,41.88712499999969
power_theta10_rho4,power,10.0,4.0,inf,34,20013154,True,16,15,False,0,,-1.0,6.119041999999908,False,0,24.065167000000276,75.88904200000002
power_theta10_rho4,power,10.0,4.0,inf,41,20013161,True,14,13,False,0,,-1.0,8.655458999999865,False,0,30.679333000000142,60.51254100000003
power_theta10_rho4,power,10.0,4.0,inf,39,20013159,True,15,14,True,1,552,268.92857142857144,9.6418749999998,False,0,28.223291999999844,66.18924999999987
power_theta10_rho4,power,10.0,4.0,inf,36,20013156,True,21,20,False,0,,-1.0,6.977167000000062,False,0,31.92499999999976,86.02333299999998
power_theta10_rho4,power,10.0,4.0,inf,40,20013160,True,18,17,False,0,,-1.0,6.916374999999864,True,2,32.53862500000038,73.07008400000026
power_theta10_rho4,power,10.0,4.0,inf,45,20013165,True,11,10,False,0,,-1.0,6.884875000000346,False,0,30.593957999999866,41.78162500000005
power_theta10_rho4,power,10.0,4.0,inf,46,20013166,True,5,4,False,0,,-1.0,6.048209000000249,False,0,31.310165999999917,23.098833000000152
power_theta10_rho4,power,10.0,4.0,inf,43,20013163,True,15,14,False,0,,-1.0,6.769916000000098,False,0,33.17616700000015,53.66595799999985
power_theta10_rho4,power,10.0,4.0,inf,48,20013168,True,7,6,False,0,,-1.0,5.266499999999841,False,0,32.53554199999975,27.358709000000037
power_theta10_rho4,power,10.0,4.0,inf,42,20013162,True,18,17,False,0,,-1.0,8.611915999999997,True,1,32.52029200000006,71.68612500000026
power_theta10_rho4,power,10.0,4.0,inf,49,20013169,True,12,11,False,0,,-1.0,4.557333000000163,False,0,27.88587499999995,52.55604199999997
power_theta10_rho4,power,10.0,4.0,inf,47,20013167,True,15,14,False,0,,-1.0,5.141540999999972,True,4,31.58508299999996,67.04512500000037
power_theta10_rho4,power,10.0,4.0,inf,44,20013164,True,20,19,True,1,549,185.05263157894737,10.9849999999998,True,1,26.546082999999943,99.86291600000018
power_theta10_rho4,power,10.0,4.0,inf,51,20013171,True,10,9,False,0,,-1.0,7.490790999999941,False,0,23.81708299999996,43.809457999999694
power_theta10_rho4,power,10.0,4.0,inf,52,20013172,True,11,10,False,0,,-1.0,6.404999999999994,False,0,28.66087499999992,45.58279100000018
power_theta10_rho4,power,10.0,4.0,inf,57,20013177,True,6,5,False,0,,-1.0,7.652250000000027,False,0,25.36462499999992,25.996750000000013
power_theta10_rho4,power,10.0,4.0,inf,53,20013173,True,12,11,False,0,,-1.0,8.7189999999997,False,0,28.475999999999946,48.722124999999835
power_theta10_rho4,power,10.0,4.0,inf,55,20013175,True,12,11,True,1,242,243.1818181818182,8.938165999999637,False,0,28.012334000000028,46.39595899999982
power_theta10_rho4,power,10.0,4.0,inf,56,20013176,True,13,12,False,0,,-1.0,5.921459000000073,False,0,25.435625000000073,57.83308400000031
power_theta10_rho4,power,10.0,4.0,inf,50,20013170,True,20,19,False,0,,-1.0,7.824999999999971,False,0,27.774500000000035,92.37020899999982
power_theta10_rho4,power,10.0,4.0,inf,58,20013178,True,14,13,False,0,,-1.0,6.889166999999752,False,0,26.47333399999985,63.22304200000018
power_theta10_rho4,power,10.0,4.0,inf,59,20013179,True,10,9,False,0,,-1.0,8.112874999999686,False,0,25.164166000000154,42.190957999999945
power_theta10_rho4,power,10.0,4.0,inf,54,20013174,True,17,16,False,0,,-1.0,8.443957999999974,True,1,26.341500000000018,84.32945800000002
power_theta10_rho4,power,10.0,4.0,inf,61,20013181,True,8,7,False,0,,-1.0,7.362541,False,0,24.564083999999653,36.89358299999989
power_theta10_rho4,power,10.0,4.0,inf,60,20013180,True,13,12,False,0,,-1.0,7.179041000000108,False,0,22.80508300000017,57.69066700000014
power_theta10_rho4,power,10.0,4.0,inf,65,20013185,True,8,7,False,0,,-1.0,5.945832999999734,False,0,29.944083000000177,35.12970799999992
power_theta10_rho4,power,10.0,4.0,inf,63,20013183,True,11,10,False,0,,-1.0,7.49399999999989,False,0,34.65366600000009,52.82783400000035
power_theta10_rho4,power,10.0,4.0,inf,66,20013186,True,13,12,False,0,,-1.0,5.155208000000133,False,0,36.621250000000046,48.73820900000014
power_theta10_rho4,power,10.0,4.0,inf,64,20013184,True,14,13,False,0,,-1.0,6.804083000000016,False,0,37.245625000000175,63.84699999999999
power_theta10_rho4,power,10.0,4.0,inf,70,20013190,True,6,5,False,0,,-1.0,6.517999999999802,False,0,40.06820899999974,23.582167000000265
power_theta10_rho4,power,10.0,4.0,inf,62,20013182,True,17,16,False,0,,-1.0,6.422417000000014,False,0,46.076499999999854,79.1097500000002
power_theta10_rho4,power,10.0,4.0,inf,69,20013189,True,7,6,False,0,,-1.0,7.374374999999933,False,0,47.01695899999958,26.7326670000001
power_theta10_rho4,power,10.0,4.0,inf,68,20013188,True,9,8,False,0,,-1.0,5.495999999999945,False,0,42.691500000000104,33.86645800000032
power_theta10_rho4,power,10.0,4.0,inf,67,20013187,True,13,12,False,0,,-1.0,7.480959000000009,False,0,36.10749999999996,54.16958299999975
power_theta10_rho4,power,10.0,4.0,inf,71,20013191,True,8,7,False,0,,-1.0,6.946250000000376,False,0,34.13645799999987,36.88379200000025
power_theta10_rho4,power,10.0,4.0,inf,72,20013192,True,10,9,False,0,,-1.0,9.033125000000197,False,0,26.995916999999814,40.720832999999956
power_theta10_rho4,power,10.0,4.0,inf,73,20013193,True,16,15,False,0,,-1.0,4.893167000000087,False,0,25.835457999999978,76.26908300000012
power_theta10_rho4,power,10.0,4.0,inf,74,20013194,True,13,12,False,0,,-1.0,6.178124999999923,False,0,25.54224999999999,52.241667000000106
power_theta10_rho4,power,10.0,4.0,inf,77,20013197,True,10,9,False,0,,-1.0,6.372375000000208,False,0,28.82741599999994,38.67862500000019
power_theta10_rho4,power,10.0,4.0,inf,79,20013199,True,7,6,False,0,,-1.0,5.845290999999975,False,0,32.5103750000002,28.656916000000088
power_theta10_rho4,power,10.0,4.0,inf,80,20013200,True,8,7,False,0,,-1.0,7.200416999999959,False,0,31.074499999999894,31.33958300000028
power_theta10_rho4,power,10.0,4.0,inf,76,20013196,True,13,12,False,0,,-1.0,5.892541999999779,False,0,30.01420899999996,52.32458399999995
power_theta10_rho4,power,10.0,4.0,inf,82,20013202,True,9,8,False,0,,-1.0,5.255666999999686,False,0,31.220332999999822,37.114250000000126
power_theta10_rho4,power,10.0,4.0,inf,75,20013195,True,14,13,False,0,,-1.0,8.247667000000014,True,1,29.332833999999863,70.11112499999994
power_theta10_rho4,power,10.0,4.0,inf,81,20013201,True,12,11,False,0,,-1.0,8.291124999999955,False,0,25.853208000000016,49.140625000000156
power_theta10_rho4,power,10.0,4.0,inf,78,20013198,True,15,14,False,0,,-1.0,8.223875000000103,True,1,24.439624999999854,64.46779100000022
power_theta10_rho4,power,10.0,4.0,inf,84,20013204,True,13,12,False,0,,-1.0,6.9550829999998065,False,0,25.863499999999817,56.81004199999995
power_theta10_rho4,power,10.0,4.0,inf,86,20013206,True,6,5,False,0,,-1.0,6.125500000000006,False,0,24.89024999999989,22.880958000000007
power_theta10_rho4,power,10.0,4.0,inf,83,20013203,True,16,15,False,0,,-1.0,8.150250000000359,False,0,25.392957999999854,67.05333299999961
power_theta10_rho4,power,10.0,4.0,inf,93,20013213,True,4,3,False,0,,-1.0,5.19312499999991,False,0,29.123040999999628,16.708458000000093
power_theta10_rho4,power,10.0,4.0,inf,88,20013208,True,10,9,False,0,,-1.0,7.857749999999886,False,0,33.09833399999995,37.38683400000031
power_theta10_rho4,power,10.0,4.0,inf,94,20013214,True,2,1,False,0,,-1.0,5.4376249999998905,False,0,31.051707999999678,11.602290999999987
power_theta10_rho4,power,10.0,4.0,inf,87,20013207,True,11,10,False,0,,-1.0,6.651790999999907,False,0,32.44200000000008,44.774791000000036
power_theta10_rho4,power,10.0,4.0,inf,91,20013211,True,9,8,False,0,,-1.0,7.844416000000187,False,0,27.8918749999999,32.56854200000036
power_theta10_rho4,power,10.0,4.0,inf,92,20013212,True,11,10,True,1,162,222.4,13.01412500000021,True,1,24.90383300000021,40.74783300000018
power_theta10_rho4,power,10.0,4.0,inf,90,20013210,True,15,14,False,0,,-1.0,8.498166999999945,False,0,23.516583000000146,68.83791699999975
power_theta10_rho4,power,10.0,4.0,inf,89,20013209,True,18,17,False,0,,-1.0,5.5714999999998405,True,4,26.77649999999998,77.48770800000004
power_theta10_rho4,power,10.0,4.0,inf,95,20013215,True,12,11,False,0,,-1.0,5.730333999999893,False,0,26.12525000000021,50.03908400000023
power_theta10_rho4,power,10.0,4.0,inf,96,20013216,True,14,13,False,0,,-1.0,6.294249999999835,False,0,27.506541000000162,52.19929099999998
power_theta10_rho4,power,10.0,4.0,inf,97,20013217,True,13,12,False,0,,-1.0,7.309291999999967,False,0,33.02870899999988,49.744333000000026
power_theta10_rho4,power,10.0,4.0,inf,98,20013218,True,7,6,False,0,,-1.0,7.826542000000103,False,0,26.46612500000023,28.09845799999966
power_theta10_rho4,power,10.0,4.0,inf,85,20013205,True,21,20,True,1,582,211.4,11.592499999999895,True,4,35.413874999999706,107.44641600000016
power_theta10_rho4,power,10.0,4.0,inf,99,20013219,True,16,15,False,0,,-1.0,5.920207999999594,True,1,25.540625000000095,64.12962500000008
power_theta10_rho16,power,10.0,16.0,inf,0,20014120,True,24,23,False,0,,-1.0,4.827666999999813,False,0,24.469875000000307,106.16024999999985
power_theta10_rho16,power,10.0,16.0,inf,4,20014124,True,27,26,False,0,,-1.0,3.7241669999996674,False,0,23.916416000000496,135.9877919999999
power_theta10_rho16,power,10.0,16.0,inf,3,20014123,True,32,31,False,0,,-1.0,7.111249999999458,False,0,23.231208000000336,170.08804200000017
power_theta10_rho16,power,10.0,16.0,inf,2,20014122,True,37,36,False,0,,-1.0,7.512457999999889,False,0,21.204041999999923,196.4929169999996
power_theta10_rho16,power,10.0,16.0,inf,9,20014129,True,36,35,False,0,,-1.0,7.597166000000044,False,0,22.460833000000235,204.58091599999983
power_theta10_rho16,power,10.0,16.0,inf,8,20014128,True,43,42,False,0,,-1.0,5.866583000000425,False,0,24.293042000000042,260.36750000000006
power_theta10_rho16,power,10.0,16.0,inf,1,20014121,True,57,56,False,0,,-1.0,5.297250000000808,False,0,22.855583000000124,330.25216599999976
power_theta10_rho16,power,10.0,16.0,inf,10,20014130,True,46,45,False,0,,-1.0,8.072999999999553,False,0,23.78604200000023,300.03191599999957
power_theta10_rho16,power,10.0,16.0,inf,15,20014135,True,29,28,False,0,,-1.0,5.432292000000061,False,0,24.10604199999966,140.88824999999972
power_theta10_rho16,power,10.0,16.0,inf,14,20014134,True,37,36,False,0,,-1.0,5.264125000000064,False,0,25.88725000000025,195.90541699999963
power_theta10_rho16,power,10.0,16.0,inf,5,20014125,True,57,56,False,0,,-1.0,7.2485420000001355,True,2,24.88808300000045,384.2205840000004
power_theta10_rho16,power,10.0,16.0,inf,6,20014126,True,62,61,False,0,,-1.0,5.125249999999859,False,0,23.120957999999803,414.10191699999956
power_theta10_rho16,power,10.0,16.0,inf,7,20014127,True,63,62,False,0,,-1.0,4.862750000000027,False,0,26.378750000000117,448.2492920000003
power_theta10_rho16,power,10.0,16.0,inf,17,20014137,True,34,33,False,0,,-1.0,5.30525000000015,False,0,24.672333999999907,185.87008400000028
power_theta10_rho16,power,10.0,16.0,inf,12,20014132,True,60,59,False,0,,-1.0,5.74191699999993,True,2,24.821042000000126,392.4514170000002
power_theta10_rho16,power,10.0,16.0,inf,11,20014131,True,66,65,False,0,,-1.0,5.673208999999346,False,0,25.599125000000278,497.9803340000002
power_theta10_rho16,power,10.0,16.0,inf,13,20014133,True,58,57,True,1,358,254.12280701754386,12.1219159999999,True,1,25.795333000000475,401.43216699999937
power_theta10_rho16,power,10.0,16.0,inf,16,20014136,True,51,50,False,0,,-1.0,6.797832999999365,False,0,25.293542000000002,364.0977910000007
power_theta10_rho16,power,10.0,16.0,inf,27,20014147,True,15,14,False,0,,-1.0,4.810417000000733,False,0,22.576291000000026,59.21416700000037
power_theta10_rho16,power,10.0,16.0,inf,23,20014143,True,40,39,False,0,,-1.0,5.711584000000158,False,0,23.457875000000072,220.68216699999965
power_theta10_rho16,power,10.0,16.0,inf,19,20014139,True,52,51,False,0,,-1.0,7.549124999999712,True,1,23.16037499999979,335.6781670000002
power_theta10_rho16,power,10.0,16.0,inf,21,20014141,True,46,45,False,0,,-1.0,5.2238329999996225,False,0,24.069374999999837,286.55133400000034
power_theta10_rho16,power,10.0,16.0,inf,28,20014148,True,26,25,False,0,,-1.0,4.896666000000494,False,0,20.84250000000054,109.6901250000002
power_theta10_rho16,power,10.0,16.0,inf,20,20014140,True,58,57,False,0,,-1.0,5.33450000000002,False,0,28.42504200000029,369.6514999999998
power_theta10_rho16,power,10.0,16.0,inf,26,20014146,True,44,43,False,0,,-1.0,5.9395000000002085,False,0,24.664666999999696,243.92933399999973
power_theta10_rho16,power,10.0,16.0,inf,24,20014144,True,51,50,False,0,,-1.0,5.225916999999747,False,0,22.84641700000023,337.88325
power_theta10_rho16,power,10.0,16.0,inf,25,20014145,True,52,51,False,0,,-1.0,9.459375000000492,False,0,28.78795799999967,313.8620420000002
power_theta10_rho16,power,10.0,16.0,inf,22,20014142,True,60,59,False,0,,-1.0,7.12841600000047,False,0,27.422750000000384,427.09541699999943
power_theta10_rho16,power,10.0,16.0,inf,18,20014138,True,68,67,True,1,634,265.0149253731343,11.871166999999794,True,1,30.30004200000036,514.7582920000007
power_theta10_rho16,power,10.0,16.0,inf,33,20014153,True,30,29,False,0,,-1.0,4.334458999999846,False,0,23.36554199999963,147.80387500000015
power_theta10_rho16,power,10.0,16.0,inf,32,20014152,True,33,32,False,0,,-1.0,5.726792000000813,False,0,23.49704099999972,166.90354200000002
power_theta10_rho16,power,10.0,16.0,inf,36,20014156,True,22,21,False,0,,-1.0,6.148249999999855,False,0,22.84245799999951,101.78012500000034
power_theta10_rho16,power,10.0,16.0,inf,31,20014151,True,41,40,False,0,,-1.0,5.050250000000034,False,0,23.400416999999507,232.2163340000003
power_theta10_rho16,power,10.0,16.0,inf,29,20014149,True,47,46,False,0,,-1.0,7.158708999999597,False,0,23.34837500000031,307.3104999999998
power_theta10_rho16,power,10.0,16.0,inf,35,20014155,True,39,38,False,0,,-1.0,7.481083000000055,False,0,22.78054200000046,228.9248749999997
power_theta10_rho16,power,10.0,16.0,inf,38,20014158,True,28,27,False,0,,-1.0,6.694416000000203,False,0,23.322333000000306,124.87833299999984
power_theta10_rho16,power,10.0,16.0,inf,39,20014159,True,36,35,False,0,,-1.0,5.080834000000145,False,0,23.8536250000001,181.38891700000048
power_theta10_rho16,power,10.0,16.0,inf,43,20014163,True,35,34,False,0,,-1.0,6.324917000000596,False,0,24.648832999999648,167.30716599999963
power_theta10_rho16,power,10.0,16.0,inf,44,20014164,True,33,32,False,0,,-1.0,6.508207999999627,False,0,22.954125000000047,156.92066599999953
power_theta10_rho16,power,10.0,16.0,inf,30,20014150,True,62,61,True,1,280,317.4918032786885,11.007458000000803,True,1,22.752416999999525,450.46499999999946
power_theta10_rho16,power,10.0,16.0,inf,34,20014154,True,61,60,False,0,,-1.0,7.198917000000193,False,0,23.3061250000004,445.25983299999973
power_theta10_rho16,power,10.0,16.0,inf,40,20014160,True,48,47,False,0,,-1.0,5.068375000000458,False,0,26.996417000000328,328.47120800000073
power_theta10_rho16,power,10.0,16.0,inf,42,20014162,True,46,45,False,0,,-1.0,5.871416000000629,False,0,28.32300000000032,288.83554200000015
power_theta10_rho16,power,10.0,16.0,inf,37,20014157,True,57,56,False,0,,-1.0,7.027416000000564,False,0,25.579708000000423,372.36374999999987
power_theta10_rho16,power,10.0,16.0,inf,41,20014161,True,50,49,False,0,,-1.0,5.512874999999973,False,0,23.904374999999867,327.4556249999998
power_theta10_rho16,power,10.0,16.0,inf,46,20014166,True,48,47,False,0,,-1.0,6.399583999999514,False,0,23.281916999999375,291.78362499999986
power_theta10_rho16,power,10.0,16.0,inf,45,20014165,True,54,53,False,0,,-1.0,6.4896250000003874,False,0,23.45312500000052,357.25799999999987
power_theta10_rho16,power,10.0,16.0,inf,55,20014175,True,29,28,False,0,,-1.0,6.141207999999843,False,0,23.55662500000033,124.46924999999976
power_theta10_rho16,power,10.0,16.0,inf,49,20014169,True,46,45,False,0,,-1.0,7.641957999999782,False,0,23.76512499999972,262.2012920000003
power_theta10_rho16,power,10.0,16.0,inf,54,20014174,True,34,33,False,0,,-1.0,6.8488750000001986,False,0,24.0847500000001,173.06266699999995
power_theta10_rho16,power,10.0,16.0,inf,47,20014167,True,55,54,False,0,,-1.0,7.667499999999272,True,1,22.058708000000316,389.70616699999994
power_theta10_rho16,power,10.0,16.0,inf,53,20014173,True,37,36,False,0,,-1.0,8.172666000000106,False,0,23.606334000000118,206.66591600000038
power_theta10_rho16,power,10.0,16.0,inf,48,20014168,True,59,58,False,0,,-1.0,5.78087500000013,False,0,24.62858299999926,400.4719999999997
power_theta10_rho16,power,10.0,16.0,inf,52,20014172,True,46,45,False,0,,-1.0,5.040334000000257,False,0,23.167208000000272,285.8905000000007
power_theta10_rho16,power,10.0,16.0,inf,60,20014180,True,31,30,False,0,,-1.0,6.860500000000158,False,0,23.414625000000022,150.8836250000005
power_theta10_rho16,power,10.0,16.0,inf,57,20014177,True,41,40,False,0,,-1.0,5.066875000000692,False,0,32.909250000000334,247.04966699999974
power_theta10_rho16,power,10.0,16.0,inf,50,20014170,True,62,61,False,0,,-1.0,7.0572909999997435,False,0,33.35312500000054,458.16516699999977
power_theta10_rho16,power,10.0,16.0,inf,58,20014178,True,41,40,True,1,661,175.45,12.187209000000365,False,0,27.866874999999958,224.2320840000005
power_theta10_rho16,power,10.0,16.0,inf,61,20014181,True,33,32,False,0,,-1.0,7.601207999999637,False,0,28.072082999999637,186.4702920000001
power_theta10_rho16,power,10.0,16.0,inf,51,20014171,True,65,64,False,0,,-1.0,5.706792000000682,False,0,26.294041999999962,494.30104200000005
power_theta10_rho16,power,10.0,16.0,inf,56,20014176,True,62,61,True,1,404,268.75409836065575,9.699291000000443,False,0,26.577624999999827,417.4737500000001
power_theta10_rho16,power,10.0,16.0,inf,69,20014189,True,17,16,False,0,,-1.0,3.8691249999995847,False,0,22.558625000000276,67.04954100000026
power_theta10_rho16,power,10.0,16.0,inf,59,20014179,True,47,46,False,0,,-1.0,7.3772080000003015,True,1,23.28154099999935,294.90149999999994
power_theta10_rho16,power,10.0,16.0,inf,64,20014184,True,41,40,False,0,,-1.0,5.2453749999994415,False,0,25.10545899999972,223.48466600000006
power_theta10_rho16,power,10.0,16.0,inf,67,20014187,True,25,24,False,0,,-1.0,5.73820899999955,False,0,23.60591600000017,112.1377920000004
power_theta10_rho16,power,10.0,16.0,inf,63,20014183,True,46,45,False,0,,-1.0,5.480540999999839,False,0,23.393915999999848,277.651208
power_theta10_rho16,power,10.0,16.0,inf,62,20014182,True,49,48,False,0,,-1.0,7.117625000000238,False,0,25.752209000000192,344.27249999999975
power_theta10_rho16,power,10.0,16.0,inf,65,20014185,True,43,42,False,0,,-1.0,5.003416999999288,False,0,22.634000000000043,298.27179099999944
power_theta10_rho16,power,10.0,16.0,inf,71,20014191,True,35,34,False,0,,-1.0,6.208165999999515,False,0,25.056874999999756,189.0624590000005
power_theta10_rho16,power,10.0,16.0,inf,66,20014186,True,47,46,False,0,,-1.0,6.092791999999569,False,0,26.30495899999996,264.69970900000027
power_theta10_rho16,power,10.0,16.0,inf,68,20014188,True,40,39,False,0,,-1.0,7.259834000000076,False,0,24.14308300000023,250.705666
power_theta10_rho16,power,10.0,16.0,inf,80,20014200,True,9,8,False,0,,-1.0,5.699583000000175,False,0,22.824958999999367,33.177000000000234
power_theta10_rho16,power,10.0,16.0,inf,70,20014190,True,46,45,False,0,,-1.0,3.6843329999998176,False,0,26.62691700000064,288.8959160000004
power_theta10_rho16,power,10.0,16.0,inf,72,20014192,True,43,42,False,0,,-1.0,5.47849999999972,False,0,22.62324999999965,268.6463329999995
power_theta10_rho16,power,10.0,16.0,inf,75,20014195,True,40,39,False,0,,-1.0,6.5094580000000235,False,0,23.06833300000033,223.24654200000003
power_theta10_rho16,power,10.0,16.0,inf,77,20014197,True,37,36,True,1,150,359.80555555555554,13.132582999999975,True,3,23.152416000000287,214.15975000000032
power_theta10_rho16,power,10.0,16.0,inf,76,20014196,True,51,50,False,0,,-1.0,7.835583000000312,False,0,24.70275000000033,274.77091699999966
power_theta10_rho16,power,10.0,16.0,inf,74,20014194,True,50,49,False,0,,-1.0,6.982124999999506,False,0,23.259540999999828,328.4293749999998
power_theta10_rho16,power,10.0,16.0,inf,82,20014202,True,37,36,False,0,,-1.0,5.053541999999744,False,0,23.244541000000396,182.00650000000084
power_theta10_rho16,power,10.0,16.0,inf,73,20014193,True,56,55,False,0,,-1.0,5.656958999999517,False,0,24.14229199999962,423.00687500000043
power_theta10_rho16,power,10.0,16.0,inf,79,20014199,True,50,49,False,0,,-1.0,5.312083000000634,False,0,28.388166000000048,318.40795800000075
power_theta10_rho16,power,10.0,16.0,inf,78,20014198,True,46,45,False,0,,-1.0,5.919707999999524,False,0,29.010999999999676,333.10766700000016
power_theta10_rho16,power,10.0,16.0,inf,86,20014206,True,32,31,False,0,,-1.0,3.6594579999995602,False,0,23.572125000000277,162.36145800000034
power_theta10_rho16,power,10.0,16.0,inf,85,20014205,True,42,41,False,0,,-1.0,5.311958000000061,False,0,24.736499999999495,248.0406670000006
power_theta10_rho16,power,10.0,16.0,inf,89,20014209,True,32,31,False,0,,-1.0,5.181417000000188,False,0,23.79466699999977,174.2539589999996
power_theta10_rho16,power,10.0,16.0,inf,87,20014207,True,47,46,False,0,,-1.0,6.651417000000492,False,0,24.723208000000163,259.85374999999954
power_theta10_rho16,power,10.0,16.0,inf,84,20014204,True,50,49,False,0,,-1.0,8.084000000000202,False,0,25.108334000000454,312.1992090000001
power_theta10_rho16,power,10.0,16.0,inf,90,20014210,True,35,34,False,0,,-1.0,5.007374999999925,True,1,29.887334000000543,187.16266699999994
power_theta10_rho16,power,10.0,16.0,inf,83,20014203,True,57,56,False,0,,-1.0,6.135042000000368,False,0,30.85550000000037,351.3262079999997
power_theta10_rho16,power,10.0,16.0,inf,81,20014201,True,60,59,False,0,,-1.0,6.029290999999937,False,0,25.98604200000043,437.21679200000005
power_theta10_rho16,power,10.0,16.0,inf,88,20014208,True,43,42,False,0,,-1.0,6.9811250000002545,False,0,26.511417000000037,259.584458
power_theta10_rho16,power,10.0,16.0,inf,91,20014211,True,36,35,False,0,,-1.0,4.933832999999943,False,0,23.641957999999796,190.5333330000003
power_theta10_rho16,power,10.0,16.0,inf,94,20014214,True,38,37,False,0,,-1.0,6.199290999999718,False,0,22.99966699999967,243.76841700000006
power_theta10_rho16,power,10.0,16.0,inf,93,20014213,True,44,43,True,1,602,279.09302325581393,9.763165999999934,False,0,26.166374999999853,285.54858399999983
power_theta10_rho16,power,10.0,16.0,inf,99,20014219,True,29,28,False,0,,-1.0,5.28995799999965,False,0,24.01591700000072,153.48262500000055
power_theta10_rho16,power,10.0,16.0,inf,97,20014217,True,44,43,False,0,,-1.0,6.264999999999965,False,0,24.730708000000767,246.31408400000066
power_theta10_rho16,power,10.0,16.0,inf,95,20014215,True,47,46,False,0,,-1.0,4.84920799999955,False,0,23.91670899999987,292.37670799999995
power_theta10_rho16,power,10.0,16.0,inf,92,20014212,True,63,62,True,2,500;800,182.5483870967742,16.07599999999998,False,0,33.08712499999977,473.09441600000036
power_theta10_rho16,power,10.0,16.0,inf,98,20014218,True,57,56,False,0,,-1.0,6.783541999999976,False,0,21.854083000000024,392.2266250000002
power_theta10_rho16,power,10.0,16.0,inf,96,20014216,True,64,63,False,0,,-1.0,6.298042000000059,False,0,24.12370900000038,497.63987499999996
power_theta10_rho64,power,10.0,64.0,inf,11,20015131,True,95,94,False,0,,-1.0,6.182750000000681,False,0,26.728332999999438,755.0651250000006
power_theta10_rho64,power,10.0,64.0,inf,4,20015124,True,149,148,False,0,,-1.0,5.1903750000006355,False,0,26.42204200000009,1515.4170420000003
power_theta10_rho64,power,10.0,64.0,inf,3,20015123,True,153,152,False,0,,-1.0,5.174041000000074,False,0,27.106790999999575,1820.9602090000008
power_theta10_rho64,power,10.0,64.0,inf,1,20015121,True,170,169,False,0,,-1.0,5.417040999999401,False,0,28.266667000000467,2165.0976669999995
power_theta10_rho64,power,10.0,64.0,inf,5,20015125,True,172,171,False,0,,-1.0,5.413917000000268,False,0,26.011041999998596,2043.9852920000003
power_theta10_rho64,power,10.0,64.0,inf,6,20015126,True,171,170,True,1,285,279.63529411764705,9.030750000000864,False,0,25.312666999999678,2181.147749999999
power_theta10_rho64,power,10.0,64.0,inf,10,20015130,True,169,168,False,0,,-1.0,5.828208999998807,False,0,27.698124999998797,1979.7835410000007
power_theta10_rho64,power,10.0,64.0,inf,0,20015120,True,173,172,False,0,,-1.0,6.66720899999973,False,0,29.776916999999514,2402.000374999999
power_theta10_rho64,power,10.0,64.0,inf,2,20015122,True,192,191,True,1,496,251.89528795811518,11.927875000001364,False,0,27.682792000000234,2667.6747920000007
power_theta10_rho64,power,10.0,64.0,inf,7,20015127,True,185,184,True,1,296,285.92934782608694,10.198041999998964,False,0,25.988082999999662,2598.7340000000004
power_theta10_rho64,power,10.0,64.0,inf,13,20015133,True,130,129,False,0,,-1.0,5.111291000000406,False,0,26.950124999999048,1400.8508750000005
power_theta10_rho64,power,10.0,64.0,inf,9,20015129,True,196,195,False,0,,-1.0,7.155166999998741,False,0,24.66808399999998,2744.6717089999993
power_theta10_rho64,power,10.0,64.0,inf,15,20015135,True,120,119,False,0,,-1.0,6.324917000000596,False,0,28.202000000000282,1231.6816250000002
power_theta10_rho64,power,10.0,64.0,inf,14,20015134,True,142,141,False,0,,-1.0,5.858749999999802,False,0,25.62912500000003,1692.6597910000005
power_theta10_rho64,power,10.0,64.0,inf,8,20015128,True,216,215,False,0,,-1.0,6.663916999999131,True,3,34.22787500000091,3446.4021669999997
power_theta10_rho64,power,10.0,64.0,inf,12,20015132,True,191,190,True,1,403,264.9684210526316,11.154083999999287,False,0,28.923541999999358,2763.707457999999
power_theta10_rho64,power,10.0,64.0,inf,19,20015139,True,165,164,False,0,,-1.0,5.70575000000062,False,0,25.090540999999078,1901.700374999999
power_theta10_rho64,power,10.0,64.0,inf,17,20015137,True,152,151,False,0,,-1.0,6.744832999999062,False,0,27.848957999999868,2056.2426249999994
power_theta10_rho64,power,10.0,64.0,inf,16,20015136,True,177,176,False,0,,-1.0,5.295457999999087,False,0,25.936791999999542,2392.6269579999994
power_theta10_rho64,power,10.0,64.0,inf,18,20015138,True,183,182,False,0,,-1.0,5.852917000000346,False,0,31.736207999999877,2621.2192079999995
power_theta10_rho64,power,10.0,64.0,inf,20,20015140,True,183,182,False,0,,-1.0,6.155083999999533,False,0,28.316833999999957,2411.7320830000003
power_theta10_rho64,power,10.0,64.0,inf,22,20015142,True,174,173,False,0,,-1.0,5.421999999999372,False,0,27.775249999999474,2090.9598749999996
power_theta10_rho64,power,10.0,64.0,inf,25,20015145,True,158,157,False,0,,-1.0,5.358750000000967,False,0,28.45375000000061,1696.0861670000006
power_theta10_rho64,power,10.0,64.0,inf,23,20015143,True,179,178,False,0,,-1.0,7.836499999999802,False,0,31.613708000000074,2303.414667
power_theta10_rho64,power,10.0,64.0,inf,21,20015141,True,173,172,False,0,,-1.0,5.625958000001319,False,0,28.084666999999897,2565.227041
power_theta10_rho64,power,10.0,64.0,inf,26,20015146,True,173,172,False,0,,-1.0,7.444500000000076,False,0,33.401459000000244,2135.291875
power_theta10_rho64,power,10.0,64.0,inf,24,20015144,True,177,176,False,0,,-1.0,6.2371249999984,False,0,34.9307500000009,2400.45675
power_theta10_rho64,power,10.0,64.0,inf,30,20015150,True,156,155,False,0,,-1.0,6.383540999999937,False,0,31.242167000000265,1939.3325420000008
power_theta10_rho64,power,10.0,64.0,inf,28,20015148,True,174,173,False,0,,-1.0,7.764249999999251,False,0,24.958084000001435,2265.655042000001
power_theta10_rho64,power,10.0,64.0,inf,29,20015149,True,174,173,False,0,,-1.0,5.608875000000069,False,0,38.84687499999906,2223.1227919999997
power_theta10_rho64,power,10.0,64.0,inf,33,20015153,True,144,143,False,0,,-1.0,5.568291999999531,False,0,24.883958000000206,1602.7680419999992
power_theta10_rho64,power,10.0,64.0,inf,32,20015152,True,155,154,False,0,,-1.0,6.953667000001218,False,0,25.154332999999696,1770.4963750000004
power_theta10_rho64,power,10.0,64.0,inf,27,20015147,True,197,196,False,0,,-1.0,8.202541000001062,True,2,25.75366699999826,2893.0198750000004
power_theta10_rho64,power,10.0,64.0,inf,31,20015151,True,163,162,False,0,,-1.0,5.996917000000934,False,0,27.748792000000577,2069.4777919999988
power_theta10_rho64,power,10.0,64.0,inf,36,20015156,True,149,148,False,0,,-1.0,7.118709000000223,False,0,24.756207999999447,1722.8896250000005
power_theta10_rho64,power,10.0,64.0,inf,35,20015155,True,177,176,False,0,,-1.0,6.704249999998524,False,0,26.23583299999943,2313.0358750000005
power_theta10_rho64,power,10.0,64.0,inf,38,20015158,True,151,150,False,0,,-1.0,4.5432499999993325,False,0,27.24641600000055,1930.0928330000015
power_theta10_rho64,power,10.0,64.0,inf,39,20015159,True,123,122,False,0,,-1.0,6.746665999999735,False,0,29.407499999999587,1277.7580830000002
power_theta10_rho64,power,10.0,64.0,inf,34,20015154,True,186,185,False,0,,-1.0,5.897291000000138,False,0,29.49179099999988,2719.1054999999997
power_theta10_rho64,power,10.0,64.0,inf,44,20015164,True,116,115,False,0,,-1.0,5.7570000000009,False,0,25.257415999998756,1244.0775830000011
power_theta10_rho64,power,10.0,64.0,inf,37,20015157,True,176,175,False,0,,-1.0,6.3459580000007065,False,0,25.86762500000006,2680.6666250000007
power_theta10_rho64,power,10.0,64.0,inf,40,20015160,True,170,169,False,0,,-1.0,6.4558330000004105,False,0,25.583416999999997,2189.5760840000003
power_theta10_rho64,power,10.0,64.0,inf,43,20015163,True,153,152,False,0,,-1.0,6.366874999999439,False,0,25.556457999998727,2022.1015410000014
power_theta10_rho64,power,10.0,64.0,inf,41,20015161,True,173,172,False,0,,-1.0,5.471458000000595,False,0,31.202624999998818,2447.3931669999997
power_theta10_rho64,power,10.0,64.0,inf,42,20015162,True,182,181,False,0,,-1.0,5.7059580000000665,False,0,25.22570800000068,2373.1342499999996
power_theta10_rho64,power,10.0,64.0,inf,45,20015165,True,185,184,False,0,,-1.0,6.940290999999377,False,0,27.566875000001545,2509.8537079999996
power_theta10_rho64,power,10.0,64.0,inf,49,20015169,True,152,151,False,0,,-1.0,7.223875000001101,False,0,29.616666999999097,1733.5587090000004
power_theta10_rho64,power,10.0,64.0,inf,46,20015166,True,171,170,False,0,,-1.0,7.311666999999744,False,0,26.450958999998164,2472.297750000001
power_theta10_rho64,power,10.0,64.0,inf,48,20015168,True,170,169,False,0,,-1.0,5.720334000002936,False,0,28.531500000003263,2059.038916999999
power_theta10_rho64,power,10.0,64.0,inf,51,20015171,True,143,142,False,0,,-1.0,6.749250000002149,False,0,24.38633300000248,1685.6338330000008
power_theta10_rho64,power,10.0,64.0,inf,47,20015167,True,158,157,False,0,,-1.0,6.165041999999232,False,0,26.646707999997687,2145.729875000001
power_theta10_rho64,power,10.0,64.0,inf,54,20015174,True,123,122,False,0,,-1.0,6.6062080000008905,False,0,26.58083399999711,1268.3600000000013
power_theta10_rho64,power,10.0,64.0,inf,50,20015170,True,172,171,False,0,,-1.0,6.406417000000886,False,0,31.222208000002638,2303.4927090000006
power_theta10_rho64,power,10.0,64.0,inf,52,20015172,True,155,154,False,0,,-1.0,7.086375000000089,False,0,27.297374999999846,2044.8422500000004
power_theta10_rho64,power,10.0,64.0,inf,56,20015176,True,140,139,False,0,,-1.0,6.440166999997388,False,0,28.68862499999736,1740.518624999998
power_theta10_rho64,power,10.0,64.0,inf,53,20015173,True,170,169,False,0,,-1.0,5.956167000000789,False,0,27.69195799999835,2269.9145000000003
power_theta10_rho64,power,10.0,64.0,inf,60,20015180,True,120,119,False,0,,-1.0,5.8956670000007705,False,0,29.52900000000014,1293.5234159999993
power_theta10_rho64,power,10.0,64.0,inf,55,20015175,True,158,157,True,1,313,275.64331210191085,13.444916000000973,True,1,28.430667000002074,2098.7920000000013
power_theta10_rho64,power,10.0,64.0,inf,58,20015178,True,148,147,False,0,,-1.0,6.286125000002585,False,0,28.297250000001384,1640.780207999999
power_theta10_rho64,power,10.0,64.0,inf,62,20015182,True,156,155,False,0,,-1.0,5.649207999997685,False,0,26.34508300000249,2048.8269159999995
power_theta10_rho64,power,10.0,64.0,inf,57,20015177,True,179,178,False,0,,-1.0,5.372541999999925,False,0,28.55891699999802,2458.9103749999986
power_theta10_rho64,power,10.0,64.0,inf,63,20015183,True,163,162,False,0,,-1.0,6.6242500000015525,False,0,26.778374999999244,2064.8188750000004
power_theta10_rho64,power,10.0,64.0,inf,65,20015185,True,145,144,False,0,,-1.0,6.199040999998573,False,0,28.41383400000197,1895.4546249999994
power_theta10_rho64,power,10.0,64.0,inf,61,20015181,True,189,188,False,0,,-1.0,7.444040999999402,False,0,26.26550000000094,2640.3159999999984
power_theta10_rho64,power,10.0,64.0,inf,59,20015179,True,204,203,False,0,,-1.0,7.014874999999421,False,0,31.513249999999715,3074.076124999998
power_theta10_rho64,power,10.0,64.0,inf,66,20015186,True,144,143,False,0,,-1.0,7.395583000000983,False,0,31.44608300000229,1770.5752500000003
power_theta10_rho64,power,10.0,64.0,inf,64,20015184,True,176,175,False,0,,-1.0,6.629708000001955,False,0,28.291333999998614,2472.8017499999987
power_theta10_rho64,power,10.0,64.0,inf,69,20015189,True,152,151,False,0,,-1.0,5.983542000002728,False,0,30.365875000001097,2020.8037919999988
power_theta10_rho64,power,10.0,64.0,inf,67,20015187,True,167,166,False,0,,-1.0,7.014292000000921,False,0,29.045999999997463,2458.3070829999974
power_theta10_rho64,power,10.0,64.0,inf,71,20015191,True,141,140,False,0,,-1.0,6.7243330000010815,False,0,28.27008299999889,1630.3536660000013
power_theta10_rho64,power,10.0,64.0,inf,68,20015188,True,182,181,False,0,,-1.0,7.0427500000000975,False,0,26.604082999998724,2535.9929160000015
power_theta10_rho64,power,10.0,64.0,inf,74,20015194,True,134,133,False,0,,-1.0,6.030709000000911,False,0,31.036249999999654,1583.2772920000018
power_theta10_rho64,power,10.0,64.0,inf,73,20015193,True,144,143,False,0,,-1.0,5.92608300000208,True,1,29.648667000000017,1962.4382920000016
power_theta10_rho64,power,10.0,64.0,inf,70,20015190,True,203,202,False,0,,-1.0,7.743500000000125,False,0,29.86237500000044,3157.305999999998
power_theta10_rho64,power,10.0,64.0,inf,76,20015196,True,164,163,False,0,,-1.0,7.2060839999998905,False,0,25.99829200000059,2260.305625000001
power_theta10_rho64,power,10.0,64.0,inf,77,20015197,True,169,168,True,2,308;538,159.8154761904762,11.024666000000849,False,0,28.806333000002127,2279.305666999999
power_theta10_rho64,power,10.0,64.0,inf,79,20015199,True,152,151,False,0,,-1.0,5.950750000000227,False,0,25.36320799999814,1802.2122919999965
power_theta10_rho64,power,10.0,64.0,inf,72,20015192,True,202,201,False,0,,-1.0,7.288042000002548,False,0,30.215790999999825,3087.152624999998
power_theta10_rho64,power,10.0,64.0,inf,75,20015195,True,190,189,False,0,,-1.0,7.353542000000601,False,0,32.74016599999996,2805.401
power_theta10_rho64,power,10.0,64.0,inf,82,20015202,True,144,143,False,0,,-1.0,6.980291999997945,False,0,27.28966600000149,1776.5668750000004
power_theta10_rho64,power,10.0,64.0,inf,80,20015200,True,162,161,False,0,,-1.0,6.107666000001899,True,1,26.138459000002,2192.881291999999
power_theta10_rho64,power,10.0,64.0,inf,78,20015198,True,209,208,False,0,,-1.0,6.818792000000684,False,0,29.526832999998476,3349.108791999999
power_theta10_rho64,power,10.0,64.0,inf,83,20015203,True,174,173,False,0,,-1.0,6.30066599999779,True,1,29.007624999998427,2657.9746670000013
power_theta10_rho64,power,10.0,64.0,inf,85,20015205,True,176,175,False,0,,-1.0,6.474666999999101,False,0,29.63749999999976,2471.575625
power_theta10_rho64,power,10.0,64.0,inf,81,20015201,True,206,205,False,0,,-1.0,7.251708999998385,True,1,30.0611669999995,3366.6875839999975
power_theta10_rho64,power,10.0,64.0,inf,91,20015211,True,138,137,False,0,,-1.0,5.940082999998708,False,0,26.59775000000053,1618.835292
power_theta10_rho64,power,10.0,64.0,inf,87,20015207,True,164,163,False,0,,-1.0,7.287500000000335,False,0,32.95079100000109,2185.1985000000022
power_theta10_rho64,power,10.0,64.0,inf,88,20015208,True,164,163,False,0,,-1.0,5.860083000001737,True,2,28.199292000000042,2185.345125000001
power_theta10_rho64,power,10.0,64.0,inf,90,20015210,True,156,155,False,0,,-1.0,6.737417000000079,False,0,26.457084000000464,1985.9314579999996
power_theta50_rho0,power,50.0,0.0,inf,0,20016120,False,1,0,False,0,,-1.0,8.055416999997789,False,0,29.304290999998983,2.7872080000008737
power_theta50_rho0,power,50.0,0.0,inf,1,20016121,False,1,0,False,0,,-1.0,7.761583000000627,False,0,26.92975000000075,2.6317500000025973
power_theta50_rho0,power,50.0,0.0,inf,2,20016122,False,1,0,False,0,,-1.0,7.696749999997365,False,0,27.97158300000291,2.7378749999975582
power_theta10_rho64,power,10.0,64.0,inf,84,20015204,True,205,204,False,0,,-1.0,7.144792000001843,False,0,30.27612500000032,3225.7772090000003
power_theta50_rho0,power,50.0,0.0,inf,3,20016123,False,1,0,False,0,,-1.0,8.991167000001354,False,0,29.40670799999978,2.6405419999981916
power_theta10_rho64,power,10.0,64.0,inf,92,20015212,True,139,138,False,0,,-1.0,6.40874999999852,False,0,25.85554099999854,1757.069832999999
power_theta50_rho0,power,50.0,0.0,inf,4,20016124,False,1,0,False,0,,-1.0,7.701167000000453,False,0,30.860832999998422,2.4502079999990656
power_theta50_rho0,power,50.0,0.0,inf,5,20016125,False,1,0,False,0,,-1.0,7.749167000000057,False,0,30.507624999998484,3.250167000000914
power_theta50_rho0,power,50.0,0.0,inf,6,20016126,False,1,0,False,0,,-1.0,7.543625000000276,False,0,28.289333000000028,2.919084000001959
power_theta50_rho0,power,50.0,0.0,inf,7,20016127,False,1,0,False,0,,-1.0,8.265749999999628,False,0,30.356499999999897,2.6601659999982985
power_theta50_rho0,power,50.0,0.0,inf,8,20016128,False,1,0,False,0,,-1.0,6.198958000002364,False,0,26.079458000001665,2.743750000000489
power_theta50_rho0,power,50.0,0.0,inf,9,20016129,False,1,0,False,0,,-1.0,8.400958999999375,False,0,29.735541999997395,3.070957999998569
power_theta50_rho0,power,50.0,0.0,inf,10,20016130,False,1,0,False,0,,-1.0,8.375250000000278,False,0,28.934707999997755,2.897959000002004
power_theta50_rho0,power,50.0,0.0,inf,11,20016131,False,1,0,False,0,,-1.0,8.795415999998113,False,0,29.355124999998594,2.632790999999912
power_theta50_rho0,power,50.0,0.0,inf,12,20016132,False,1,0,False,0,,-1.0,6.165375000001916,False,0,30.121416000000067,2.918582999999586
power_theta50_rho0,power,50.0,0.0,inf,13,20016133,False,1,0,False,0,,-1.0,9.003124999999557,False,0,36.471042000002285,2.954833000000434
power_theta50_rho0,power,50.0,0.0,inf,14,20016134,False,1,0,False,0,,-1.0,7.952207999998961,False,0,32.354249999997364,2.4857500000017296
power_theta50_rho0,power,50.0,0.0,inf,15,20016135,False,1,0,False,0,,-1.0,9.178500000000867,False,0,25.855332999999092,2.8380830000003243
power_theta10_rho64,power,10.0,64.0,inf,86,20015206,True,183,182,False,0,,-1.0,5.831749999998692,False,0,39.53279099999918,2726.5868330000026
power_theta50_rho0,power,50.0,0.0,inf,16,20016136,False,1,0,False,0,,-1.0,6.654084000000893,False,0,39.869207999998935,2.4573749999987626
power_theta50_rho0,power,50.0,0.0,inf,17,20016137,False,1,0,False,0,,-1.0,6.877708000001093,False,0,39.045916999999264,2.5564170000009767
power_theta50_rho0,power,50.0,0.0,inf,18,20016138,False,1,0,False,0,,-1.0,8.251707999999525,False,0,38.80662499999943,2.3238339999984703
power_theta50_rho0,power,50.0,0.0,inf,19,20016139,False,1,0,False,0,,-1.0,7.430333999998595,False,0,38.19441599999962,3.2576659999996593
power_theta50_rho0,power,50.0,0.0,inf,21,20016141,False,1,0,False,0,,-1.0,6.195291000000935,False,0,40.22829099999825,2.5733330000008436
power_theta50_rho0,power,50.0,0.0,inf,22,20016142,False,1,0,False,0,,-1.0,7.890665999997992,False,0,36.663708000002515,2.818500000000057
power_theta50_rho0,power,50.0,0.0,inf,20,20016140,False,1,0,False,0,,-1.0,8.816749999997597,False,0,37.975500000001716,3.1630420000006154
power_theta10_rho64,power,10.0,64.0,inf,89,20015209,True,179,178,False,0,,-1.0,6.447500000000161,False,0,36.80295799999911,2648.0364999999997
power_theta50_rho0,power,50.0,0.0,inf,23,20016143,False,1,0,False,0,,-1.0,5.9395000000002085,False,0,35.195666999999986,2.256666000000962
power_theta50_rho0,power,50.0,0.0,inf,26,20016146,False,1,0,False,0,,-1.0,7.390791999998925,False,0,35.51574999999829,2.8019580000027133
power_theta50_rho0,power,50.0,0.0,inf,24,20016144,False,1,0,False,0,,-1.0,5.780083999997743,False,0,39.234750000002094,2.6556669999990845
power_theta50_rho0,power,50.0,0.0,inf,25,20016145,False,1,0,False,0,,-1.0,7.6908749999979875,False,0,36.63608400000129,2.8988749999996344
power_theta50_rho0,power,50.0,0.0,inf,28,20016148,False,1,0,False,0,,-1.0,7.8702499999998565,False,0,37.9821249999992,3.6077500000004648
power_theta50_rho0,power,50.0,0.0,inf,27,20016147,False,1,0,False,0,,-1.0,6.197832999998099,False,0,41.52404199999893,3.505416999999511
power_theta50_rho0,power,50.0,0.0,inf,30,20016150,False,1,0,False,0,,-1.0,9.00233400000161,False,0,32.957124999999365,3.131959000000961
power_theta50_rho0,power,50.0,0.0,inf,31,20016151,False,1,0,False,0,,-1.0,5.999917000000465,False,0,35.857749999998134,2.5017920000003357
power_theta50_rho0,power,50.0,0.0,inf,29,20016149,False,1,0,False,0,,-1.0,6.213792000000495,False,0,36.39541700000137,2.5972500000008836
power_theta50_rho0,power,50.0,0.0,inf,32,20016152,False,1,0,False,0,,-1.0,6.238125000002981,False,0,36.95675000000165,2.7872499999972433
power_theta50_rho0,power,50.0,0.0,inf,33,20016153,False,1,0,False,0,,-1.0,6.051083999999207,False,0,38.24895900000058,2.3858330000017247
power_theta50_rho0,power,50.0,0.0,inf,34,20016154,False,1,0,False,0,,-1.0,5.880041999997587,False,0,36.344707999997894,2.356333999998128
power_theta50_rho0,power,50.0,0.0,inf,35,20016155,False,1,0,False,0,,-1.0,7.417542000002442,False,0,37.03341699999996,2.5631669999981455
power_theta50_rho0,power,50.0,0.0,inf,36,20016156,False,1,0,False,0,,-1.0,6.119208999997738,False,0,40.0874999999985,2.3207080000027247
power_theta50_rho0,power,50.0,0.0,inf,37,20016157,False,1,0,False,0,,-1.0,6.051916999997076,False,0,29.651624999999626,2.217624999996559
power_theta50_rho0,power,50.0,0.0,inf,38,20016158,False,1,0,False,0,,-1.0,6.5061250000013615,False,0,35.046042000001165,2.7674580000009996
power_theta50_rho0,power,50.0,0.0,inf,41,20016161,False,1,0,False,0,,-1.0,5.935083999997204,False,0,36.224666000002514,2.124708000000197
power_theta50_rho0,power,50.0,0.0,inf,39,20016159,False,1,0,False,0,,-1.0,5.923332999998365,False,0,37.71904199999909,2.2293340000025808
power_theta50_rho0,power,50.0,0.0,inf,40,20016160,False,1,0,False,0,,-1.0,7.805333000000303,False,0,34.63775000000169,2.955165999999565
power_theta50_rho0,power,50.0,0.0,inf,42,20016162,False,1,0,False,0,,-1.0,5.957208999998187,False,0,31.82579099999927,2.6909590000023798
power_theta50_rho0,power,50.0,0.0,inf,43,20016163,False,1,0,False,0,,-1.0,5.790209000000601,False,0,29.75391700000074,2.3054579999985947
power_theta50_rho0,power,50.0,0.0,inf,44,20016164,False,1,0,True,1,384,-1.0,13.198290999998363,False,0,32.44108299999837,3.132457999999616
power_theta50_rho0,power,50.0,0.0,inf,45,20016165,False,1,0,False,0,,-1.0,6.774832999997926,False,0,37.09970899999959,2.840542000001278
power_theta50_rho0,power,50.0,0.0,inf,46,20016166,False,1,0,False,0,,-1.0,8.19450000000188,False,0,35.35579200000072,2.8779589999992083
power_theta50_rho0,power,50.0,0.0,inf,47,20016167,False,1,0,False,0,,-1.0,10.425916000002644,False,0,31.144040999997458,2.4246669999996584
power_theta50_rho0,power,50.0,0.0,inf,48,20016168,False,1,0,False,0,,-1.0,6.7910829999995315,False,0,30.006707999998383,3.548416999997528
power_theta50_rho0,power,50.0,0.0,inf,51,20016171,False,1,0,False,0,,-1.0,6.04395799999935,False,0,35.25525000000229,3.2122919999970634
power_theta50_rho0,power,50.0,0.0,inf,50,20016170,False,1,0,False,0,,-1.0,6.062874999997803,False,0,38.34741700000066,3.1013330000000394
power_theta50_rho0,power,50.0,0.0,inf,49,20016169,False,1,0,False,0,,-1.0,8.851792000001524,False,0,36.18529200000253,2.8840829999978723
power_theta50_rho0,power,50.0,0.0,inf,52,20016172,False,1,0,False,0,,-1.0,8.021000000002942,False,0,30.51529200000047,2.5919999999999277
power_theta50_rho0,power,50.0,0.0,inf,53,20016173,False,1,0,False,0,,-1.0,8.705165999998599,False,0,27.40133300000025,2.8221660000014026
power_theta10_rho64,power,10.0,64.0,inf,93,20015213,True,155,154,False,0,,-1.0,6.513124999997899,False,0,148.50895900000083,1938.4859999999976
power_theta50_rho0,power,50.0,0.0,inf,54,20016174,False,1,0,False,0,,-1.0,7.3261659999985795,False,0,147.64483300000109,3.2746249999995314
power_theta50_rho0,power,50.0,0.0,inf,55,20016175,False,1,0,False,0,,-1.0,9.05458300000106,False,0,143.74412500000133,2.8781660000021247
power_theta50_rho0,power,50.0,0.0,inf,56,20016176,False,1,0,False,0,,-1.0,7.326041999998978,False,0,145.48379200000028,2.730166999999284
power_theta50_rho0,power,50.0,0.0,inf,58,20016178,False,1,0,False,0,,-1.0,8.858249999999401,False,0,127.22354099999933,2.803375000002717
power_theta50_rho0,power,50.0,0.0,inf,57,20016177,False,1,0,False,0,,-1.0,8.08929200000108,False,0,148.5592500000017,3.0032079999990913
power_theta50_rho0,power,50.0,0.0,inf,60,20016180,False,1,0,False,0,,-1.0,7.740125000001541,False,0,34.39020799999781,2.2177919999997187
power_theta50_rho0,power,50.0,0.0,inf,59,20016179,False,1,0,False,0,,-1.0,6.3137080000004175,False,0,41.802084000000406,2.260792000001288
power_theta50_rho0,power,50.0,0.0,inf,61,20016181,False,1,0,False,0,,-1.0,7.503834000001319,False,0,37.908750000003266,2.7720829999999808
power_theta50_rho0,power,50.0,0.0,inf,62,20016182,False,1,0,False,0,,-1.0,6.820958000002264,False,0,38.65329199999934,2.4476660000019024
power_theta50_rho0,power,50.0,0.0,inf,63,20016183,False,1,0,False,0,,-1.0,7.7995830000006094,False,0,33.530583000001,3.029209000001032
power_theta50_rho0,power,50.0,0.0,inf,64,20016184,False,1,0,False,0,,-1.0,9.210291000002258,False,0,27.03574999999958,3.350874999998865
power_theta50_rho0,power,50.0,0.0,inf,65,20016185,False,1,0,False,0,,-1.0,6.03416700000281,False,0,32.75116700000069,2.8351250000007155
power_theta50_rho0,power,50.0,0.0,inf,67,20016187,False,1,0,False,0,,-1.0,6.597792000000879,False,0,38.09958300000105,2.603084000000422
power_theta50_rho0,power,50.0,0.0,inf,66,20016186,False,1,0,False,0,,-1.0,7.55579200000156,False,0,39.42329099999853,2.881166999998186
power_theta50_rho0,power,50.0,0.0,inf,68,20016188,False,1,0,False,0,,-1.0,8.348333000000707,False,0,41.07512499999899,2.5699579999987066
power_theta50_rho0,power,50.0,0.0,inf,69,20016189,False,1,0,False,0,,-1.0,6.364041000001208,False,0,40.403749999999405,2.7428339999993057
power_theta50_rho0,power,50.0,0.0,inf,70,20016190,False,1,0,False,0,,-1.0,6.1938750000010145,False,0,35.04270899999895,2.4461249999987444
power_theta50_rho0,power,50.0,0.0,inf,71,20016191,False,1,0,False,0,,-1.0,8.698333000001668,False,0,26.836082999999178,2.909625000000915
power_theta50_rho0,power,50.0,0.0,inf,72,20016192,False,1,0,False,0,,-1.0,6.901749999997264,False,0,30.77766599999876,2.739499999997008
power_theta50_rho0,power,50.0,0.0,inf,73,20016193,False,1,0,False,0,,-1.0,7.98087500000122,False,0,32.885582999998775,3.733125000000115
power_theta50_rho0,power,50.0,0.0,inf,75,20016195,False,1,0,False,0,,-1.0,6.927041000000855,False,0,40.11354200000028,2.1620409999982826
power_theta50_rho0,power,50.0,0.0,inf,76,20016196,False,1,0,False,0,,-1.0,9.517875000000231,False,0,34.50816699999848,2.645375000000172
power_theta50_rho0,power,50.0,0.0,inf,74,20016194,False,1,0,False,0,,-1.0,7.154541999998543,False,0,40.79275000000138,2.1627909999999417
power_theta50_rho0,power,50.0,0.0,inf,77,20016197,False,1,0,False,0,,-1.0,9.473624999998265,False,0,29.32512499999973,3.2878749999980528
power_theta50_rho0,power,50.0,0.0,inf,78,20016198,False,1,0,False,0,,-1.0,7.601000000001079,False,0,31.22695799999775,3.339458999999323
power_theta50_rho0,power,50.0,0.0,inf,79,20016199,False,1,0,False,0,,-1.0,7.875625000000497,False,0,30.731416999998373,2.4286670000002175
power_theta50_rho0,power,50.0,0.0,inf,81,20016201,False,1,0,False,0,,-1.0,7.738792000001382,False,0,37.57254199999949,2.9434580000007315
power_theta50_rho0,power,50.0,0.0,inf,80,20016200,False,1,0,False,0,,-1.0,5.863916999999219,False,0,40.706666999998475,2.5632910000013
power_theta50_rho0,power,50.0,0.0,inf,82,20016202,False,1,0,True,1,456,-1.0,12.818708000001067,False,0,33.07004199999852,2.963041999997529
power_theta50_rho0,power,50.0,0.0,inf,83,20016203,False,1,0,False,0,,-1.0,8.049124999999435,False,0,33.39112500000141,2.6616249999982244
power_theta50_rho0,power,50.0,0.0,inf,84,20016204,False,1,0,False,0,,-1.0,9.296750000000742,False,0,29.10804100000064,2.9420829999970977
power_theta50_rho0,power,50.0,0.0,inf,85,20016205,False,1,0,False,0,,-1.0,9.799334000000215,False,0,29.971750000001407,3.294249999999721
power_theta50_rho0,power,50.0,0.0,inf,86,20016206,False,1,0,False,0,,-1.0,10.21695900000097,False,0,38.99083399999981,2.779292000003153
power_theta50_rho0,power,50.0,0.0,inf,87,20016207,False,1,0,False,0,,-1.0,8.0844589999991,False,0,40.72562500000032,2.6801250000012544
power_theta50_rho0,power,50.0,0.0,inf,88,20016208,False,1,0,False,0,,-1.0,8.165500000000492,False,0,39.69441699999976,2.9362080000012725
power_theta50_rho0,power,50.0,0.0,inf,89,20016209,False,1,0,False,0,,-1.0,7.045958000002628,False,0,31.78379199999881,3.0702920000003076
power_theta50_rho0,power,50.0,0.0,inf,90,20016210,False,1,0,False,0,,-1.0,8.97449999999722,False,0,27.230917000000687,3.034874999997328
power_theta50_rho0,power,50.0,0.0,inf,91,20016211,False,1,0,False,0,,-1.0,7.757749999999675,False,0,32.24349999999987,2.5251249999982406
power_theta10_rho64,power,10.0,64.0,inf,96,20015216,True,133,132,False,0,,-1.0,7.637041999998928,False,0,28.630624999998133,1534.7848749999998
power_theta50_rho0,power,50.0,0.0,inf,94,20016214,False,1,0,False,0,,-1.0,5.93095800000043,False,0,31.279459000000287,3.073792000002129
power_theta50_rho0,power,50.0,0.0,inf,92,20016212,False,1,0,False,0,,-1.0,8.309749999998672,False,0,40.797333000000435,2.489208000000076
power_theta50_rho0,power,50.0,0.0,inf,93,20016213,False,1,0,False,0,,-1.0,8.680790999999743,False,0,41.02074999999772,2.7916250000004084
power_theta50_rho0,power,50.0,0.0,inf,95,20016215,False,1,0,False,0,,-1.0,5.9360840000017845,False,0,42.221459000000294,2.238916999999674
power_theta50_rho0,power,50.0,0.0,inf,96,20016216,False,1,0,False,0,,-1.0,8.679416999999745,False,0,33.528791999998475,2.578082999999509
power_theta50_rho0,power,50.0,0.0,inf,97,20016217,False,1,0,False,0,,-1.0,8.384709000001322,False,0,32.910500000003395,3.2655830000010155
power_theta50_rho0,power,50.0,0.0,inf,98,20016218,False,1,0,False,0,,-1.0,10.444958000000781,False,0,33.30366700000198,2.278708000002183
power_theta50_rho0,power,50.0,0.0,inf,99,20016219,False,1,0,False,0,,-1.0,6.518374999998855,False,0,31.00154099999841,3.3356250000018406
power_theta50_rho1,power,50.0,1.0,inf,0,20017120,False,1,0,False,0,,-1.0,6.379541000001154,False,0,28.645832999998788,10.752624999998517
power_theta50_rho1,power,50.0,1.0,inf,2,20017122,True,3,2,False,0,,-1.0,7.33258300000017,False,0,36.023458000002506,16.160125000002523
power_theta50_rho1,power,50.0,1.0,inf,1,20017121,True,3,2,False,0,,-1.0,8.186208999998001,False,0,37.66637499999703,16.29158400000108
power_theta50_rho1,power,50.0,1.0,inf,3,20017123,True,4,3,False,0,,-1.0,6.809541999999169,False,0,31.51554199999751,22.317417000000006
power_theta50_rho1,power,50.0,1.0,inf,4,20017124,True,3,2,False,0,,-1.0,7.996792000000141,True,1,33.480957999998395,19.248958000002148
power_theta50_rho1,power,50.0,1.0,inf,6,20017126,False,1,0,False,0,,-1.0,6.895292000002939,False,0,28.741458999999026,11.416665999998798
power_theta50_rho1,power,50.0,1.0,inf,5,20017125,True,8,7,False,0,,-1.0,7.227457999999132,True,2,37.62299999999996,41.00333400000267
power_theta50_rho1,power,50.0,1.0,inf,7,20017127,True,5,4,True,1,406,185.25,16.119500000002063,True,5,45.72995800000257,26.74166699999958
power_theta50_rho1,power,50.0,1.0,inf,10,20017130,True,2,1,True,2,692;692,41.0,13.342666999999864,True,1,43.036707999998924,14.589167000000458
power_theta50_rho1,power,50.0,1.0,inf,11,20017131,True,2,1,False,0,,-1.0,8.252208000001815,False,0,42.310042000000436,14.000167000002506
power_theta50_rho1,power,50.0,1.0,inf,8,20017128,True,4,3,True,2,642;622,183.33333333333334,11.654208000003052,True,6,42.86245800000188,22.263124999998496
power_theta50_rho1,power,50.0,1.0,inf,9,20017129,True,6,5,False,0,,-1.0,7.7498750000017935,True,1,38.88141699999892,28.857667000000475
power_theta50_rho1,power,50.0,1.0,inf,12,20017132,True,9,8,False,0,,-1.0,10.05666700000063,False,0,30.8327499999983,45.78250000000139
power_theta50_rho1,power,50.0,1.0,inf,13,20017133,True,3,2,False,0,,-1.0,8.225666999997827,False,0,30.958417000000793,19.581166999998345
power_theta50_rho1,power,50.0,1.0,inf,17,20017137,True,2,1,False,0,,-1.0,8.776874999998796,False,0,34.56895899999779,15.111334000000198
power_theta50_rho1,power,50.0,1.0,inf,15,20017135,True,2,1,True,1,417,13.0,13.666834000002126,False,0,38.91445800000071,12.895958000001428
power_theta50_rho1,power,50.0,1.0,inf,16,20017136,True,4,3,False,0,,-1.0,8.702874999997334,False,0,37.85591699999813,19.40699999999751
power_theta50_rho1,power,50.0,1.0,inf,18,20017138,True,4,3,False,0,,-1.0,9.727874999999386,False,0,35.03741599999799,20.820209000000034
power_theta50_rho1,power,50.0,1.0,inf,14,20017134,True,5,4,False,0,,-1.0,8.102083999997234,False,0,42.81116699999998,23.52658299999888
power_theta50_rho1,power,50.0,1.0,inf,19,20017139,True,2,1,False,0,,-1.0,8.331000000001865,True,2,36.05212500000121,14.274667000002239
power_theta50_rho1,power,50.0,1.0,inf,20,20017140,True,5,4,False,0,,-1.0,8.552125000001354,True,6,30.28020800000064,24.02200000000221
power_theta50_rho1,power,50.0,1.0,inf,21,20017141,True,2,1,True,1,422,106.0,13.754124999998396,False,0,35.12454099999829,13.494458000000265
power_theta50_rho1,power,50.0,1.0,inf,23,20017143,False,1,0,False,0,,-1.0,7.497374999999806,False,0,35.818750000000676,11.356208000002255
power_theta50_rho1,power,50.0,1.0,inf,25,20017145,True,3,2,False,0,,-1.0,8.632916999999907,False,0,38.62000000000165,16.986542000001492
power_theta10_rho64,power,10.0,64.0,inf,94,20015214,True,155,154,False,0,,-1.0,6.503084000001991,False,0,36.67462499999985,2037.3735830000007
power_theta50_rho1,power,50.0,1.0,inf,24,20017144,True,2,1,False,0,,-1.0,8.446625000001262,False,0,41.91520899999901,13.610958000001006
power_theta50_rho1,power,50.0,1.0,inf,22,20017142,True,5,4,True,4,342;342;546;342,116.25,12.869332999997596,True,3,34.33679200000128,25.89837499999703
power_theta50_rho1,power,50.0,1.0,inf,26,20017146,True,5,4,False,0,,-1.0,9.263791999998716,False,0,33.35033299999779,25.20150000000143
power_theta50_rho1,power,50.0,1.0,inf,27,20017147,True,3,2,False,0,,-1.0,8.771500000001708,False,0,33.327291999999176,17.903249999999815
power_theta50_rho1,power,50.0,1.0,inf,28,20017148,False,1,0,False,0,,-1.0,8.13587500000068,False,0,35.30033400000221,10.290874999999033
power_theta50_rho1,power,50.0,1.0,inf,29,20017149,True,2,1,False,0,,-1.0,7.917875000000407,True,2,33.41391700000074,13.922666999999223
power_theta50_rho1,power,50.0,1.0,inf,31,20017151,True,3,2,False,0,,-1.0,9.630500000000097,False,0,37.46179099999836,17.091374999999687
power_theta50_rho1,power,50.0,1.0,inf,30,20017150,True,4,3,False,0,,-1.0,9.67983299999986,False,0,36.73116699999923,19.40054099999955
power_theta50_rho1,power,50.0,1.0,inf,33,20017153,True,2,1,False,0,,-1.0,9.241125000002626,False,0,35.849666000000724,14.176208999998607
power_theta50_rho1,power,50.0,1.0,inf,35,20017155,True,4,3,False,0,,-1.0,9.015208000000996,False,0,33.871125000001,18.890000000002516
power_theta50_rho1,power,50.0,1.0,inf,34,20017154,True,7,6,False,0,,-1.0,9.330000000002059,False,0,32.11862500000251,31.706583000001842
power_theta50_rho1,power,50.0,1.0,inf,32,20017152,True,13,12,False,0,,-1.0,6.341708000000779,True,4,32.667374999999055,66.74495800000102
power_theta50_rho1,power,50.0,1.0,inf,36,20017156,True,5,4,False,0,,-1.0,7.11870800000014,False,0,30.391749999999718,27.84329200000002
power_theta50_rho1,power,50.0,1.0,inf,38,20017158,True,2,1,False,0,,-1.0,8.243666000002037,False,0,28.211291999998167,14.359542000001113
power_theta50_rho1,power,50.0,1.0,inf,40,20017160,True,2,1,False,0,,-1.0,8.647666000001664,False,0,29.792249999999854,15.302042000001848
power_theta50_rho1,power,50.0,1.0,inf,39,20017159,True,6,5,False,0,,-1.0,6.043999999999272,True,2,27.267207999997822,27.837708999999933
power_theta50_rho1,power,50.0,1.0,inf,41,20017161,True,2,1,False,0,,-1.0,7.217291999999986,False,0,28.185457999999386,11.827000000000254
power_theta50_rho1,power,50.0,1.0,inf,42,20017162,True,2,1,False,0,,-1.0,9.37954200000135,False,0,30.571874999999693,13.654291000001706
power_theta50_rho1,power,50.0,1.0,inf,37,20017157,True,4,3,False,0,,-1.0,7.786750000001064,False,0,30.557915999999352,66.88250000000195
power_theta50_rho1,power,50.0,1.0,inf,45,20017165,True,4,3,False,0,,-1.0,8.2706669999979,False,0,38.580750000001274,21.041916000001493
power_theta50_rho1,power,50.0,1.0,inf,46,20017166,True,3,2,False,0,,-1.0,6.685416999999916,False,0,38.73808399999845,17.37445800000259
power_theta50_rho1,power,50.0,1.0,inf,48,20017168,True,2,1,False,0,,-1.0,7.8902920000025745,False,0,41.00779200000204,15.395458000000417
power_theta50_rho1,power,50.0,1.0,inf,43,20017163,True,8,7,True,2,396;394,280.85714285714283,14.388499999999027,True,1,44.74970800000122,34.65375000000037
power_theta50_rho1,power,50.0,1.0,inf,44,20017164,True,7,6,True,2,678;678,249.66666666666666,13.800291999999104,True,3,43.505083000003,31.46470800000145
power_theta50_rho1,power,50.0,1.0,inf,47,20017167,True,6,5,False,0,,-1.0,6.282500000001079,False,0,39.33020800000264,28.125583000001342
power_theta50_rho1,power,50.0,1.0,inf,49,20017169,True,4,3,False,0,,-1.0,6.854957999998135,False,0,32.87754200000137,18.700124999998735
power_theta50_rho1,power,50.0,1.0,inf,50,20017170,True,2,1,False,0,,-1.0,9.729124999999783,False,0,35.3172079999986,14.404415999997866
power_theta50_rho1,power,50.0,1.0,inf,51,20017171,True,5,4,False,0,,-1.0,7.383750000002465,False,0,39.220041000000094,23.966333000000617
power_theta10_rho64,power,10.0,64.0,inf,95,20015215,True,159,158,False,0,,-1.0,8.876875000002116,True,1,36.748208000002336,2160.567499999999
power_theta50_rho1,power,50.0,1.0,inf,55,20017175,False,1,0,False,0,,-1.0,8.934790999997944,False,0,37.5577079999978,9.813749999999288
power_theta50_rho1,power,50.0,1.0,inf,52,20017172,True,5,4,False,0,,-1.0,7.258207999999655,True,1,40.86124999999896,26.884083000002335
power_theta50_rho1,power,50.0,1.0,inf,56,20017176,True,3,2,False,0,,-1.0,10.082291999999882,False,0,37.02791699999963,17.597250000001452
power_theta50_rho1,power,50.0,1.0,inf,54,20017174,True,4,3,False,0,,-1.0,9.18283400000064,True,3,39.66874999999703,22.201750000000686
power_theta50_rho1,power,50.0,1.0,inf,57,20017177,True,5,4,False,0,,-1.0,8.946542000000335,False,0,34.709750000001094,22.94874999999763
power_theta50_rho1,power,50.0,1.0,inf,58,20017178,True,7,6,False,0,,-1.0,6.389291000001407,True,2,31.962750000001705,36.7010410000006
power_theta50_rho1,power,50.0,1.0,inf,53,20017173,True,12,11,True,1,480,201.36363636363637,11.636500000001604,True,7,30.652457999998717,61.74408299999712
power_theta50_rho1,power,50.0,1.0,inf,60,20017180,True,5,4,False,0,,-1.0,8.728665999999663,False,0,42.192166000003084,26.17783299999843
power_theta50_rho1,power,50.0,1.0,inf,61,20017181,True,5,4,False,0,,-1.0,8.557833999997655,False,0,42.27129200000235,25.143500000002206
power_theta50_rho1,power,50.0,1.0,inf,64,20017184,True,2,1,False,0,,-1.0,6.794374999998354,False,0,43.21191700000071,15.09774999999891
power_theta50_rho1,power,50.0,1.0,inf,59,20017179,True,5,4,True,2,212;713,97.0,16.368708999998205,True,4,44.33616700000087,23.329207999999824
power_theta50_rho1,power,50.0,1.0,inf,62,20017182,True,4,3,True,2,205;582,139.66666666666666,17.04837500000167,True,3,42.825249999999926,22.62125000000026
power_theta50_rho1,power,50.0,1.0,inf,63,20017183,True,4,3,False,0,,-1.0,6.596584000000405,False,0,49.41191700000047,21.666792000001323
power_theta50_rho1,power,50.0,1.0,inf,65,20017185,True,4,3,True,1,536,154.33333333333334,11.64266600000019,True,3,38.26570799999729,21.287333000000075
power_theta50_rho1,power,50.0,1.0,inf,67,20017187,False,1,0,False,0,,-1.0,9.148916000000895,False,0,38.910375000000386,11.379625000000004
power_theta50_rho1,power,50.0,1.0,inf,66,20017186,True,4,3,True,2,643;643,94.33333333333333,14.449499999997784,True,6,37.772834000001865,22.33587499999956
power_theta50_rho1,power,50.0,1.0,inf,69,20017189,True,3,2,False,0,,-1.0,6.544833999999611,False,0,41.726000000000596,16.140624999998465
power_theta50_rho1,power,50.0,1.0,inf,70,20017190,True,2,1,False,0,,-1.0,8.603833999998756,False,0,38.768333000000155,12.626499999999652
power_theta50_rho1,power,50.0,1.0,inf,68,20017188,True,3,2,False,0,,-1.0,6.154041000002053,True,6,41.793332999997546,18.533250000000834
power_theta50_rho1,power,50.0,1.0,inf,71,20017191,True,2,1,False,0,,-1.0,8.020250000001283,False,0,42.32412500000038,13.401375000000826
power_theta50_rho1,power,50.0,1.0,inf,73,20017193,True,3,2,False,0,,-1.0,10.097000000001799,True,4,34.677750000000174,18.222624999999937
power_theta50_rho1,power,50.0,1.0,inf,72,20017192,True,5,4,True,1,404,73.25,14.479999999998938,True,1,28.386457999999948,26.32412500000214
power_theta50_rho1,power,50.0,1.0,inf,74,20017194,True,7,6,False,0,,-1.0,6.998291999998685,True,6,34.258375000000285,36.03995900000001
power_theta50_rho1,power,50.0,1.0,inf,76,20017196,True,3,2,False,0,,-1.0,9.036625000000242,False,0,37.749291000000795,18.44045799999705
power_theta50_rho1,power,50.0,1.0,inf,75,20017195,True,4,3,True,2,245;245,228.66666666666666,13.855291999998798,True,1,35.68641700000086,20.263542000002133
power_theta50_rho1,power,50.0,1.0,inf,78,20017198,True,2,1,False,0,,-1.0,8.322083999999563,False,0,29.11208300000112,13.917416999998267
power_theta10_rho64,power,10.0,64.0,inf,99,20015219,True,149,148,False,0,,-1.0,8.104374999998498,False,0,35.79304199999811,1996.6683750000022
power_theta50_rho1,power,50.0,1.0,inf,77,20017197,True,5,4,False,0,,-1.0,7.977583999998927,False,0,41.85925000000168,25.773707999999118
power_theta50_rho1,power,50.0,1.0,inf,81,20017201,True,4,3,False,0,,-1.0,8.223707999999164,False,0,43.49274999999864,21.261832999996955
power_theta50_rho1,power,50.0,1.0,inf,80,20017200,True,4,3,False,0,,-1.0,8.75866699999861,False,0,43.30470900000094,24.174999999999613
power_theta50_rho1,power,50.0,1.0,inf,79,20017199,True,5,4,True,1,274,122.0,14.161958000002528,True,2,43.200582999997295,26.05216699999957
power_theta50_rho1,power,50.0,1.0,inf,83,20017203,True,3,2,False,0,,-1.0,7.792625000000442,False,0,38.17254100000156,17.136332999999837
power_theta50_rho1,power,50.0,1.0,inf,82,20017202,True,2,1,False,0,,-1.0,7.902458000000223,False,0,49.17683399999717,14.971124999998864
power_theta50_rho1,power,50.0,1.0,inf,84,20017204,False,1,0,False,0,,-1.0,9.226583000000232,False,0,36.11666599999808,9.497333000002328
power_theta50_rho1,power,50.0,1.0,inf,85,20017205,True,4,3,False,0,,-1.0,9.67920900000152,False,0,28.97800000000217,20.310166999998103
power_theta50_rho1,power,50.0,1.0,inf,86,20017206,True,3,2,False,0,,-1.0,9.12541599999983,False,0,33.036125000002414,21.59329200000215
power_theta50_rho1,power,50.0,1.0,inf,90,20017210,True,2,1,False,0,,-1.0,8.380959000000132,False,0,28.14004200000042,14.536082999999422
power_theta50_rho1,power,50.0,1.0,inf,91,20017211,True,2,1,False,0,,-1.0,9.339749999998759,False,0,31.23512500000203,14.581124999999417
power_theta50_rho1,power,50.0,1.0,inf,89,20017209,True,6,5,False,0,,-1.0,6.941624999999618,True,6,30.343333999997668,27.16754200000082
power_theta50_rho1,power,50.0,1.0,inf,94,20017214,True,4,3,True,2,446;526,153.66666666666666,14.506332999999927,True,3,34.54395800000043,20.208332999999357
power_theta50_rho1,power,50.0,1.0,inf,93,20017213,True,4,3,True,4,286;286;466;258,97.33333333333333,14.96666699999949,True,3,38.04854200000207,22.468374999998986
power_theta50_rho1,power,50.0,1.0,inf,88,20017208,True,9,8,True,3,490;483;248,163.0,14.165000000001982,True,10,37.667708000000744,42.110707999999164
power_theta50_rho1,power,50.0,1.0,inf,92,20017212,True,10,9,False,0,,-1.0,8.17599999999885,True,3,33.20079199999881,46.27808300000069
power_theta50_rho1,power,50.0,1.0,inf,87,20017207,True,8,7,True,2,466;466,176.0,13.600875000001622,True,10,36.99420799999942,78.78320800000083
power_theta50_rho1,power,50.0,1.0,inf,97,20017217,True,4,3,False,0,,-1.0,7.021457999996983,False,0,36.360500000000684,21.673958000000937
power_theta50_rho1,power,50.0,1.0,inf,95,20017215,True,4,3,False,0,,-1.0,8.026333000000108,False,0,35.26824999999789,68.40795800000166
power_theta50_rho1,power,50.0,1.0,inf,96,20017216,True,8,7,True,2,694;694,224.57142857142858,16.649707999999208,True,4,40.729291000001666,36.34137499999923
power_theta50_rho1,power,50.0,1.0,inf,99,20017219,True,5,4,False,0,,-1.0,6.981541000001812,False,0,33.616500000000826,25.45816599999995
power_theta50_rho1,power,50.0,1.0,inf,98,20017218,True,7,6,False,0,,-1.0,7.435166000000493,True,2,34.73733300000248,32.74795800000163
power_theta50_rho4,power,50.0,4.0,inf,0,20018120,True,13,12,False,0,,-1.0,8.017165999998355,True,1,36.51912500000165,64.92974999999745
power_theta50_rho4,power,50.0,4.0,inf,1,20018121,True,10,9,True,1,546,296.22222222222223,14.222791999998208,True,2,39.689499999997935,47.546957999998085
power_theta50_rho4,power,50.0,4.0,inf,6,20018126,True,6,5,False,0,,-1.0,7.475625000001429,True,2,31.7046660000031,28.415958000000074
power_theta50_rho4,power,50.0,4.0,inf,4,20018124,True,10,9,True,1,202,495.1111111111111,11.778124999999307,True,5,30.83949999999902,42.19870900000089
power_theta50_rho4,power,50.0,4.0,inf,5,20018125,True,11,10,True,2,636;636,227.9,13.478417000001741,True,8,32.70020799999784,48.87150000000062
power_theta50_rho4,power,50.0,4.0,inf,7,20018127,True,10,9,False,0,,-1.0,9.609291000000297,False,0,33.46433400000137,44.728957999996766
power_theta50_rho4,power,50.0,4.0,inf,9,20018129,True,9,8,False,0,,-1.0,10.144791000001874,True,2,31.813125000002884,39.56799999999916
power_theta50_rho4,power,50.0,4.0,inf,2,20018122,True,17,16,True,2,389;606,134.875,13.262000000000995,True,8,31.41837500000122,91.8656250000005
power_theta50_rho4,power,50.0,4.0,inf,3,20018123,True,20,19,True,1,790,239.8421052631579,12.626916999998627,True,2,30.689250000001778,103.84208299999997
power_theta50_rho4,power,50.0,4.0,inf,8,20018128,True,18,17,False,0,,-1.0,7.765542000001346,True,1,31.840542000001193,89.69704200000095
power_theta50_rho4,power,50.0,4.0,inf,11,20018131,True,8,7,True,1,313,309.42857142857144,14.981041999998723,True,1,32.29120800000018,39.85779199999939
power_theta50_rho4,power,50.0,4.0,inf,12,20018132,True,10,9,False,0,,-1.0,6.636084000000153,False,0,31.656999999999158,46.2935420000008
power_theta50_rho4,power,50.0,4.0,inf,15,20018135,True,10,9,False,0,,-1.0,8.241290999997375,False,0,38.10799999999759,49.36316699999921
power_theta50_rho4,power,50.0,4.0,inf,14,20018134,True,11,10,True,1,606,273.3,11.533749999998122,True,8,36.55949999999919,50.86137500000021
power_theta50_rho4,power,50.0,4.0,inf,17,20018137,True,9,8,True,1,333,176.125,13.815000000001021,True,9,33.475167000002415,41.41858300000223
power_theta10_rho64,power,10.0,64.0,inf,98,20015218,True,166,165,False,0,,-1.0,5.289832999999078,False,0,57.55295799999871,2541.5085410000024
power_theta10_rho64,power,10.0,64.0,inf,97,20015217,True,173,172,False,0,,-1.0,8.467040999999398,False,0,131.24324999999715,2531.9765829999988
power_theta50_rho4,power,50.0,4.0,inf,19,20018139,True,11,10,True,2,266;676,79.3,16.296583999999115,True,10,123.36995800000139,47.65683299999779
power_theta50_rho4,power,50.0,4.0,inf,16,20018136,True,14,13,True,2,635;369,206.92307692307693,16.90579100000278,True,3,152.6678749999988,64.44629099999943
power_theta50_rho4,power,50.0,4.0,inf,23,20018143,True,11,10,True,2,288;741,115.7,13.473041999997548,True,1,76.40620899999817,49.151374999997444
power_theta50_rho4,power,50.0,4.0,inf,10,20018130,True,17,16,True,3,188;638;382,83.5625,17.485791999998668,True,8,168.4535000000018,84.46370900000133
power_theta50_rho4,power,50.0,4.0,inf,21,20018141,True,8,7,False,0,,-1.0,6.666958000000278,True,2,133.75283299999907,34.46837499999944
power_theta50_rho4,power,50.0,4.0,inf,22,20018142,True,23,22,True,1,445,247.3181818181818,8.888666000000711,True,3,36.39812500000161,104.60933300000264
power_theta50_rho4,power,50.0,4.0,inf,13,20018133,True,17,16,True,2,278;662,126.3125,11.007958000000428,True,2,166.8137079999994,84.38270899999978
power_theta50_rho4,power,50.0,4.0,inf,24,20018144,True,10,9,False,0,,-1.0,5.802834000000701,True,6,91.68004199999658,43.28916600000099
power_theta50_rho4,power,50.0,4.0,inf,20,20018140,True,6,5,True,1,364,134.0,14.780957999999345,True,2,130.09587499999853,30.011500000000524
power_theta50_rho4,power,50.0,4.0,inf,18,20018138,True,17,16,True,2,779;676,207.1875,15.097250000000173,True,10,137.6337499999991,79.28604199999967
power_theta50_rho4,power,50.0,4.0,inf,35,20018155,True,3,2,False,0,,-1.0,6.650125000000173,False,0,35.23749999999737,16.176999999998998
power_theta50_rho4,power,50.0,4.0,inf,26,20018146,True,4,3,False,0,,-1.0,7.272041999996759,False,0,36.42545800000008,20.78604199999745
power_theta50_rho4,power,50.0,4.0,inf,32,20018152,True,5,4,False,0,,-1.0,6.20724999999922,False,0,33.05033299999849,24.147625000001227
power_theta50_rho4,power,50.0,4.0,inf,29,20018149,True,7,6,False,0,,-1.0,6.6581250000012915,True,3,33.97658300000117,28.311291999997934
power_theta50_rho4,power,50.0,4.0,inf,30,20018150,True,13,12,False,0,,-1.0,8.87649999999951,False,0,31.394542000001024,53.949166000002435
power_theta50_rho4,power,50.0,4.0,inf,36,20018156,True,10,9,False,0,,-1.0,7.868167000001591,False,0,34.65866599999856,47.2742910000008
power_theta50_rho4,power,50.0,4.0,inf,25,20018145,True,14,13,False,0,,-1.0,8.120833000003103,True,3,34.02600000000078,61.53045800000001
power_theta50_rho4,power,50.0,4.0,inf,33,20018153,True,11,10,True,2,246;280,270.6,18.474458000000027,True,3,40.923417000001905,48.31324999999964
power_theta50_rho4,power,50.0,4.0,inf,28,20018148,True,13,12,False,0,,-1.0,8.653666000000726,False,0,40.13774999999953,64.61929199999972
power_theta50_rho4,power,50.0,4.0,inf,31,20018151,True,15,14,False,0,,-1.0,8.562208000000737,True,9,35.66495800000169,64.7295000000021
power_theta50_rho4,power,50.0,4.0,inf,27,20018147,True,7,6,False,0,,-1.0,8.525082999998546,False,0,34.604083000001395,83.53491700000149
power_theta50_rho4,power,50.0,4.0,inf,34,20018154,True,16,15,False,0,,-1.0,9.271791999999834,True,5,37.01516699999985,92.00129199999907
power_theta50_rho4,power,50.0,4.0,inf,37,20018157,True,7,6,True,1,568,129.83333333333334,17.398082999999787,True,4,30.998541000002433,29.17820800000115
power_theta50_rho4,power,50.0,4.0,inf,43,20018163,True,9,8,False,0,,-1.0,7.63116699999955,True,5,30.20204200000265,33.826083000001006
power_theta50_rho4,power,50.0,4.0,inf,39,20018159,True,13,12,True,2,772;419,109.41666666666667,18.90620900000073,True,4,33.8497079999982,61.74116599999735
power_theta50_rho4,power,50.0,4.0,inf,42,20018162,True,10,9,True,1,683,214.55555555555554,13.518665999999513,True,1,30.500375000002578,49.01016600000219
power_theta50_rho4,power,50.0,4.0,inf,40,20018160,True,15,14,True,2,358;710,133.0,16.510999999997722,True,5,33.2402089999988,76.80554099999881
power_theta50_rho4,power,50.0,4.0,inf,38,20018158,True,18,17,True,2,780;780,348.11764705882354,11.300250000001455,True,1,31.419292000002486,96.83341599999906
power_theta50_rho4,power,50.0,4.0,inf,46,20018166,True,11,10,False,0,,-1.0,9.274082999997546,True,4,38.704457999998,44.55845800000091
power_theta50_rho4,power,50.0,4.0,inf,45,20018165,True,10,9,True,1,594,181.0,12.451833000000079,True,7,39.0340000000009,45.69174999999959
power_theta50_rho4,power,50.0,4.0,inf,44,20018164,True,16,15,False,0,,-1.0,6.97500000000062,True,7,29.610916999999404,81.00591599999873
power_theta50_rho4,power,50.0,4.0,inf,47,20018167,True,17,16,False,0,,-1.0,9.45116699999815,True,1,37.06733399999962,82.5811659999971
power_theta50_rho4,power,50.0,4.0,inf,41,20018161,True,22,21,True,3,712;272;708,108.52380952380952,13.421249999996832,True,10,39.33862499999918,115.52970799999684
power_theta50_rho4,power,50.0,4.0,inf,49,20018169,True,14,13,True,4,878;523;840;506,129.69230769230768,15.57929199999819,True,9,35.540250000000384,74.44629200000108
power_theta50_rho4,power,50.0,4.0,inf,50,20018170,True,9,8,True,2,592;633,205.75,13.388458000001435,True,3,36.67812500000167,41.26550000000151
power_theta50_rho4,power,50.0,4.0,inf,48,20018168,True,19,18,True,1,742,397.22222222222223,13.492291999998685,True,7,34.23908399999931,91.21887499999914
power_theta50_rho4,power,50.0,4.0,inf,55,20018175,True,11,10,False,0,,-1.0,7.091500000001361,True,2,43.83562499999982,47.451917000000066
power_theta50_rho4,power,50.0,4.0,inf,54,20018174,True,10,9,False,0,,-1.0,8.524125000000993,False,0,42.5930000000001,50.817458000000926
power_theta50_rho4,power,50.0,4.0,inf,52,20018172,True,13,12,True,2,532;520,246.25,16.006957999998406,True,1,39.93558299999833,69.1528340000005
power_theta50_rho4,power,50.0,4.0,inf,57,20018177,True,8,7,False,0,,-1.0,7.7548329999999055,False,0,42.40766599999901,36.311125000001
power_theta50_rho4,power,50.0,4.0,inf,53,20018173,True,14,13,True,3,728;526;516,174.30769230769232,12.881833999998094,True,7,32.128667000002054,77.97245900000149
power_theta50_rho4,power,50.0,4.0,inf,51,20018171,True,16,15,True,2,664;664,223.93333333333334,13.087292000001582,True,2,43.911209000000895,83.76204200000004
power_theta50_rho4,power,50.0,4.0,inf,58,20018178,True,5,4,False,0,,-1.0,7.013292000003446,True,2,39.86474999999956,25.390250000000947
power_theta50_rho4,power,50.0,4.0,inf,56,20018176,True,18,17,False,0,,-1.0,8.181249999999807,True,9,42.182249999999755,100.85270900000154
power_theta50_rho4,power,50.0,4.0,inf,61,20018181,True,7,6,False,0,,-1.0,9.525041999999928,True,1,44.6725420000007,36.23970800000009
power_theta50_rho4,power,50.0,4.0,inf,59,20018179,True,11,10,True,1,313,201.5,12.205333000000707,True,1,40.333249999999765,47.65824999999779
power_theta50_rho4,power,50.0,4.0,inf,60,20018180,True,10,9,True,1,276,272.44444444444446,13.104125000001687,True,3,36.4489170000013,48.99279199999995
power_theta50_rho4,power,50.0,4.0,inf,64,20018184,True,10,9,False,0,,-1.0,6.989332999999931,False,0,31.67612500000061,43.835958999999036
power_theta50_rho4,power,50.0,4.0,inf,66,20018186,True,9,8,False,0,,-1.0,7.124499999999756,False,0,47.82758300000012,40.4593329999976
power_theta50_rho4,power,50.0,4.0,inf,67,20018187,True,8,7,True,1,326,188.71428571428572,13.87420800000072,False,0,41.04974999999911,33.248790999998334
power_theta50_rho4,power,50.0,4.0,inf,65,20018185,True,9,8,False,0,,-1.0,7.349957999998935,True,2,49.288291999999956,42.58645899999891
power_theta50_rho4,power,50.0,4.0,inf,62,20018182,True,15,14,True,2,669;466,172.07142857142858,19.680167000000637,True,1,48.01495799999955,65.2643750000017
power_theta50_rho4,power,50.0,4.0,inf,63,20018183,True,10,9,True,2,181;430,102.55555555555556,19.831625000001907,True,2,46.54599999999931,45.599083000002594
power_theta50_rho4,power,50.0,4.0,inf,68,20018188,True,15,14,True,1,684,211.71428571428572,16.626249999998066,True,4,31.440040999999752,64.69375
power_theta50_rho4,power,50.0,4.0,inf,70,20018190,True,8,7,True,2,502;502,139.0,16.01187500000023,True,1,33.08362499999973,34.53099999999765
power_theta50_rho4,power,50.0,4.0,inf,72,20018192,True,7,6,False,0,,-1.0,7.053375000001694,True,4,36.00774999999956,36.236750000000484
power_theta50_rho4,power,50.0,4.0,inf,69,20018189,True,22,21,False,0,,-1.0,6.581415999999507,True,10,33.06216600000056,114.94383300000166
power_theta50_rho4,power,50.0,4.0,inf,79,20018199,True,6,5,False,0,,-1.0,6.435500000002037,False,0,37.36504199999757,27.05729199999851
power_theta50_rho4,power,50.0,4.0,inf,75,20018195,True,7,6,True,1,355,107.66666666666667,12.668500000000193,True,2,39.86070799999908,30.467542000000236
power_theta50_rho4,power,50.0,4.0,inf,73,20018193,True,15,14,True,3,514;410;786,89.5,14.730875000001475,True,8,42.21516600000186,71.29158300000071
power_theta50_rho4,power,50.0,4.0,inf,74,20018194,True,14,13,False,0,,-1.0,8.53129200000069,False,0,38.96245800000031,70.23354099999679
power_theta50_rho4,power,50.0,4.0,inf,71,20018191,True,18,17,True,1,502,278.11764705882354,11.756542000000536,True,9,43.197624999997686,91.29120800000123
power_theta50_rho4,power,50.0,4.0,inf,82,20018202,True,4,3,False,0,,-1.0,7.348332999999485,True,3,37.82958400000069,19.127624999999426
power_theta50_rho4,power,50.0,4.0,inf,77,20018197,True,12,11,False,0,,-1.0,10.212833000000643,False,0,38.739250000002556,53.660292
power_theta50_rho4,power,50.0,4.0,inf,78,20018198,True,15,14,True,2,294;294,274.85714285714283,11.192084000001046,True,9,33.37204199999988,73.4241250000025
power_theta50_rho4,power,50.0,4.0,inf,81,20018201,True,12,11,False,0,,-1.0,6.660416999999086,True,1,33.02833399999727,55.641000000001384
power_theta50_rho4,power,50.0,4.0,inf,76,20018196,True,12,11,True,3,476;570;570,141.54545454545453,12.964249999999566,True,10,28.64612499999808,100.00891700000025
power_theta50_rho4,power,50.0,4.0,inf,83,20018203,True,10,9,True,3,818;719;286,66.77777777777777,14.849749999999773,True,4,42.63512500000033,48.22458399999974
power_theta50_rho4,power,50.0,4.0,inf,90,20018210,True,6,5,False,0,,-1.0,7.063458000001077,False,0,38.381208000000555,26.05649999999926
power_theta50_rho4,power,50.0,4.0,inf,80,20018200,True,21,20,True,2,897;779,241.05,13.313499999998868,True,5,43.26312499999929,105.3345830000012
power_theta50_rho4,power,50.0,4.0,inf,84,20018204,True,12,11,False,0,,-1.0,6.846165999998988,True,8,32.25591700000052,57.222584000001575
power_theta50_rho4,power,50.0,4.0,inf,88,20018208,True,9,8,False,0,,-1.0,7.134083999996932,True,2,44.26037500000035,42.221082999997606
power_theta50_rho4,power,50.0,4.0,inf,91,20018211,True,6,5,False,0,,-1.0,8.29383299999975,False,0,44.03720800000244,27.781000000000944
power_theta50_rho4,power,50.0,4.0,inf,89,20018209,True,8,7,True,2,618;380,41.857142857142854,15.50074999999751,True,4,47.79437499999872,33.887165999999525
power_theta50_rho4,power,50.0,4.0,inf,92,20018212,True,6,5,False,0,,-1.0,7.262541999999428,False,0,48.76325000000037,30.310249999999428
power_theta50_rho4,power,50.0,4.0,inf,86,20018206,True,10,9,True,1,392,335.8888888888889,16.05975000000015,True,1,42.67337499999968,47.87466700000209
power_theta50_rho4,power,50.0,4.0,inf,85,20018205,True,16,15,False,0,,-1.0,10.122375000001682,True,10,45.802291000001105,74.07949999999985
power_theta50_rho4,power,50.0,4.0,inf,87,20018207,True,17,16,False,0,,-1.0,8.236040999999972,True,3,33.32904100000178,85.96166599999933
power_theta50_rho4,power,50.0,4.0,inf,93,20018213,True,13,12,False,0,,-1.0,6.147165999998094,False,0,27.728999999997228,58.14870800000094
power_theta50_rho4,power,50.0,4.0,inf,99,20018219,True,6,5,True,1,764,395.4,14.721500000000276,False,0,36.599290999998146,28.44379200000091
power_theta50_rho4,power,50.0,4.0,inf,98,20018218,True,5,4,True,1,668,320.5,13.943750000002808,True,1,39.43104200000036,24.138832999998527
power_theta50_rho4,power,50.0,4.0,inf,96,20018216,True,9,8,True,2,574;655,243.625,12.003583999998568,True,3,38.649207999998936,39.12375000000168
power_theta50_rho4,power,50.0,4.0,inf,94,20018214,True,11,10,True,2,330;179,204.9,13.69183299999932,True,1,39.19125000000179,50.30212500000175
power_theta50_rho4,power,50.0,4.0,inf,97,20018217,True,14,13,False,0,,-1.0,8.012042000000719,True,3,30.516582999997155,61.53412500000144
power_theta50_rho4,power,50.0,4.0,inf,95,20018215,True,12,11,True,3,866;370;716,61.63636363636363,16.224958000002232,True,8,28.712834000000242,102.91145799999768
power_theta50_rho16,power,50.0,16.0,inf,3,20019123,True,17,16,False,0,,-1.0,6.97766700000102,False,0,27.518457999999413,89.83225000000061
power_theta50_rho16,power,50.0,16.0,inf,5,20019125,True,23,22,False,0,,-1.0,6.8620000000017,True,7,29.139416999999668,110.67841599999895
power_theta50_rho16,power,50.0,16.0,inf,4,20019124,True,23,22,True,1,743,245.54545454545453,13.71866699999913,True,9,32.258958999999976,121.87337499999984
power_theta50_rho16,power,50.0,16.0,inf,2,20019122,True,29,28,False,0,,-1.0,7.482040999999384,True,1,29.58333300000149,199.3192910000019
power_theta50_rho16,power,50.0,16.0,inf,0,20019120,True,44,43,False,0,,-1.0,6.371416000000352,True,8,29.446833999998034,264.466291999998
power_theta50_rho16,power,50.0,16.0,inf,1,20019121,True,41,40,True,5,886;691;691;598;548,106.275,14.657500000001988,True,6,28.565791999998424,276.8880409999994
power_theta50_rho16,power,50.0,16.0,inf,10,20019130,True,37,36,False,0,,-1.0,8.077124999999796,True,8,29.47958300000053,228.87866700000004
power_theta50_rho16,power,50.0,16.0,inf,7,20019127,True,45,44,True,3,456;734;773,111.45454545454545,13.136125000002608,True,10,30.19516699999869,288.7759169999988
power_theta50_rho16,power,50.0,16.0,inf,13,20019133,True,34,33,True,3,288;861;646,85.03030303030303,16.417167000000177,True,6,29.429291999999663,202.91737500000195
power_theta50_rho16,power,50.0,16.0,inf,15,20019135,True,32,31,False,0,,-1.0,6.626583999999269,True,6,29.212582999999626,186.14570800000152
power_theta50_rho16,power,50.0,16.0,inf,11,20019131,True,45,44,False,0,,-1.0,6.545833000000556,True,7,30.288457999997576,325.01208300000076
power_theta50_rho16,power,50.0,16.0,inf,6,20019126,True,49,48,True,5,822;668;554;317;150,55.520833333333336,18.78691599999982,True,9,33.00437500000086,376.44470800000107
power_theta50_rho16,power,50.0,16.0,inf,16,20019136,True,29,28,True,3,664;827;436,92.35714285714286,16.521917000002162,True,10,33.87783299999825,156.35745799999867
power_theta50_rho16,power,50.0,16.0,inf,18,20019138,True,23,22,False,0,,-1.0,9.892625000002653,False,0,30.472082999999373,113.42891600000016
power_theta50_rho16,power,50.0,16.0,inf,19,20019139,True,21,20,False,0,,-1.0,6.702125000000336,False,0,28.66675000000285,107.65099999999705
power_theta50_rho16,power,50.0,16.0,inf,9,20019129,True,57,56,True,4,364;639;824;463,100.67857142857143,16.75600000000088,True,10,31.75012499999852,444.9515410000018
power_theta50_rho16,power,50.0,16.0,inf,12,20019132,True,51,50,True,1,336,250.8,13.950499999999977,True,10,29.514375000001536,420.630083999999
power_theta50_rho16,power,50.0,16.0,inf,8,20019128,True,62,61,True,1,602,262.26229508196724,12.278083000001772,True,7,33.45216700000009,504.2386249999993
power_theta50_rho16,power,50.0,16.0,inf,20,20019140,True,35,34,True,1,603,366.52941176470586,14.099958000002744,True,7,28.28312500000152,213.3274159999985
power_theta50_rho16,power,50.0,16.0,inf,17,20019137,True,49,48,False,0,,-1.0,6.752083999998604,True,9,31.950167000001528,394.56162500000147
power_theta50_rho16,power,50.0,16.0,inf,21,20019141,True,42,41,True,2,472;356,118.41463414634147,11.55595899999895,True,10,30.15458299999807,267.8275410000026
power_theta50_rho16,power,50.0,16.0,inf,22,20019142,True,47,46,True,3,722;563;250,81.80434782608695,15.370208000000218,True,9,30.834833000000117,295.39254199999834
power_theta50_rho16,power,50.0,16.0,inf,26,20019146,True,42,41,False,0,,-1.0,6.31304099999852,True,9,31.01574999999812,255.03991700000128
power_theta50_rho16,power,50.0,16.0,inf,23,20019143,True,44,43,True,1,660,273.6046511627907,13.25970899999973,True,10,32.871750000001754,378.2182089999999
power_theta50_rho16,power,50.0,16.0,inf,28,20019148,True,47,46,False,0,,-1.0,6.190624999998562,True,7,29.889416999999696,326.66724999999985
power_theta50_rho16,power,50.0,16.0,inf,31,20019151,True,30,29,False,0,,-1.0,8.403625000003245,True,4,32.44062500000311,178.63033299999742
power_theta50_rho16,power,50.0,16.0,inf,25,20019145,True,60,59,True,1,112,431.91525423728814,11.435792000000333,True,10,38.609333000000134,419.84854100000035
power_theta50_rho16,power,50.0,16.0,inf,34,20019154,True,20,19,False,0,,-1.0,6.267916999998846,False,0,29.49025000000205,101.37899999999789
power_theta50_rho16,power,50.0,16.0,inf,24,20019144,True,56,55,True,4,700;106;191;304,82.89090909090909,23.344749999999692,True,8,34.67012500000166,437.9912089999998
power_theta50_rho16,power,50.0,16.0,inf,30,20019150,True,41,40,True,3,116;431;738,83.025,14.60758300000009,True,9,32.57120899999677,302.428250000002
power_theta50_rho16,power,50.0,16.0,inf,27,20019147,True,51,50,True,2,212;783,103.62,11.825208999997727,True,10,36.91483300000087,423.0988329999974
power_theta50_rho16,power,50.0,16.0,inf,14,20019134,True,84,83,True,4,190;190;667;445,106.04819277108433,13.911292000003073,True,10,31.59891700000017,822.0996669999998
power_theta50_rho16,power,50.0,16.0,inf,33,20019153,True,41,40,True,1,783,333.075,14.379333000000827,True,8,39.0864999999998,278.70312499999983
power_theta50_rho16,power,50.0,16.0,inf,36,20019156,True,37,36,True,1,714,316.1111111111111,11.322582999998332,True,7,28.315665999997464,223.75316599999806
power_theta50_rho16,power,50.0,16.0,inf,43,20019163,True,32,31,False,0,,-1.0,6.104999999998029,False,0,39.409540999997716,151.9468340000003
power_theta50_rho16,power,50.0,16.0,inf,29,20019149,True,64,63,True,4,763;638;258;258,93.92063492063492,20.11208300000078,True,10,37.83279199999967,588.7410829999986
power_theta50_rho16,power,50.0,16.0,inf,39,20019159,True,38,37,True,4,660;361;244;690,93.64864864864865,20.780790999999965,True,5,33.15487500000103,234.21054199999958
power_theta50_rho16,power,50.0,16.0,inf,40,20019160,True,41,40,True,4,614;498;350;674,110.3,14.526541000002169,True,9,37.0491250000029,244.79087499999963
power_theta50_rho16,power,50.0,16.0,inf,38,20019158,True,41,40,True,3,496;708;496,171.125,13.31191699999934,True,6,32.56500000000173,269.44233400000076
power_theta50_rho16,power,50.0,16.0,inf,35,20019155,True,53,52,True,3,702;298;702,108.17307692307692,12.130040999998926,True,4,32.09049999999891,379.6294589999967
power_theta50_rho16,power,50.0,16.0,inf,41,20019161,True,43,42,True,3,864;460;426,91.85714285714286,16.108916000000306,True,9,37.057083000000546,270.0120420000012
power_theta50_rho16,power,50.0,16.0,inf,37,20019157,True,50,49,True,3,682;742;538,179.9591836734694,14.903624999998755,True,9,36.663790999998724,332.8840409999998
power_theta50_rho16,power,50.0,16.0,inf,32,20019152,True,68,67,True,3,714;261;586,101.86567164179104,18.73354100000313,True,10,33.06487500000088,584.0947499999984
power_theta50_rho16,power,50.0,16.0,inf,44,20019164,True,39,38,False,0,,-1.0,6.98141700000221,True,7,39.01429100000087,261.79629199999965
power_theta50_rho16,power,50.0,16.0,inf,46,20019166,True,39,38,True,2,270;302,268.2894736842105,14.346290999998956,True,6,39.58020800000028,243.3242920000005
power_theta50_rho16,power,50.0,16.0,inf,45,20019165,True,44,43,True,2,493;865,138.62790697674419,14.821375000000359,True,7,41.30104200000062,251.25283300000234
power_theta50_rho16,power,50.0,16.0,inf,47,20019167,True,38,37,True,3,738;272;350,70.75675675675676,15.80975000000251,True,10,47.42070900000073,227.1017079999993
power_theta50_rho16,power,50.0,16.0,inf,48,20019168,True,38,37,True,1,716,304.2972972972973,15.360291999996889,True,8,31.4875420000007,240.22791699999857
power_theta50_rho16,power,50.0,16.0,inf,52,20019172,True,38,37,False,0,,-1.0,6.499915999999217,True,5,45.104084000001876,216.9161250000009
power_theta50_rho16,power,50.0,16.0,inf,50,20019170,True,42,41,True,2,616;349,135.390243902439,18.035375000000187,True,9,39.99687499999993,300.9544999999996
power_theta50_rho16,power,50.0,16.0,inf,42,20019162,True,68,67,True,3,714;520;110,92.19402985074628,14.3498330000007,True,10,35.04249999999942,582.3075830000022
power_theta50_rho16,power,50.0,16.0,inf,51,20019171,True,56,55,True,6,580;148;553;382;338;710,69.30909090909091,14.189499999996968,True,10,51.13766600000247,448.1058749999995
power_theta50_rho16,power,50.0,16.0,inf,54,20019174,True,52,51,True,3,396;750;396,106.6078431372549,13.39024999999694,True,10,45.84400000000244,398.3879580000007
power_theta50_rho16,power,50.0,16.0,inf,55,20019175,True,48,47,False,0,,-1.0,6.880249999998256,True,10,51.70104100000117,339.4365420000014
power_theta50_rho16,power,50.0,16.0,inf,56,20019176,True,41,40,True,3,418;336;249,154.85,11.491332999998605,True,6,40.61991699999723,266.0189580000001
power_theta50_rho16,power,50.0,16.0,inf,58,20019178,True,42,41,True,1,480,262.8780487804878,12.137583000001229,True,8,38.92562500000096,259.4770840000002
power_theta50_rho16,power,50.0,16.0,inf,59,20019179,True,42,41,True,1,292,227.46341463414635,14.778457999998551,True,7,43.02549999999883,256.1028749999998
power_theta50_rho16,power,50.0,16.0,inf,61,20019181,True,29,28,True,2,710;710,166.85714285714286,13.867084000001029,True,10,41.63062499999981,159.08237500000055
power_theta50_rho16,power,50.0,16.0,inf,49,20019169,True,59,58,True,6,132;249;422;513;746;662,63.3448275862069,17.418416000001713,True,10,37.73758299999841,543.6621670000009
power_theta50_rho16,power,50.0,16.0,inf,60,20019180,True,39,38,True,1,520,239.5,12.806832999999074,True,3,37.27308299999876,279.3052920000001
power_theta50_rho16,power,50.0,16.0,inf,57,20019177,True,55,54,True,5,530;530;693;820;818,193.38888888888889,16.06341700000158,True,10,54.42499999999839,427.3710410000007
power_theta50_rho16,power,50.0,16.0,inf,53,20019173,True,73,72,True,3,514;533;754,154.55555555555554,18.41187499999819,True,10,46.571875000001484,613.6251670000022
power_theta50_rho16,power,50.0,16.0,inf,67,20019187,True,30,29,True,1,386,310.3448275862069,13.12145800000053,True,9,44.39412500000017,196.63308399999835
power_theta50_rho16,power,50.0,16.0,inf,64,20019184,True,36,35,True,5,576;432;248;860;773,74.82857142857142,18.172374999998908,True,9,41.81216600000326,248.5327080000026
power_theta50_rho16,power,50.0,16.0,inf,70,20019190,True,38,37,True,2,443;661,150.51351351351352,18.220916000000642,True,9,34.977915999999,257.375917000001
power_theta50_rho16,power,50.0,16.0,inf,65,20019185,True,49,48,True,3,753;872;370,103.97916666666667,14.945167000000481,True,7,41.80983299999852,333.32437500000015
power_theta50_rho16,power,50.0,16.0,inf,69,20019189,True,44,43,True,3,360;716;293,106.86046511627907,18.71024999999804,True,7,31.488792000001098,322.1192500000001
power_theta50_rho16,power,50.0,16.0,inf,62,20019182,True,63,62,True,4,598;754;372;270,74.83870967741936,13.662291999999354,True,9,37.19254199999966,564.9630420000022
power_theta50_rho16,power,50.0,16.0,inf,72,20019192,True,35,34,False,0,,-1.0,7.635791999998531,True,2,35.91779199999934,203.49208400000052
power_theta50_rho16,power,50.0,16.0,inf,68,20019188,True,56,55,True,2,718;806,273.4,15.815333999999126,True,7,35.439584000002355,383.7769590000022
power_theta50_rho16,power,50.0,16.0,inf,66,20019186,True,60,59,True,4,628;394;872;837,117.57627118644068,20.294541000001942,True,10,45.05008399999966,489.7597499999975
power_theta50_rho16,power,50.0,16.0,inf,63,20019183,True,60,59,False,0,,-1.0,6.774540999998635,True,10,47.11370800000125,514.3066669999996
power_theta50_rho16,power,50.0,16.0,inf,71,20019191,True,50,49,True,7,479;230;616;92;282;800;796,56.142857142857146,15.558834000000132,True,10,41.88933400000039,412.25162499999965
power_theta50_rho16,power,50.0,16.0,inf,74,20019194,True,45,44,True,2,428;435,254.5,13.419583000001012,True,3,34.41695900000141,310.77133300000173
power_theta50_rho16,power,50.0,16.0,inf,75,20019195,True,46,45,False,0,,-1.0,8.275209000000672,True,1,35.998125000002545,290.5338750000013
power_theta50_rho16,power,50.0,16.0,inf,76,20019196,True,41,40,True,3,128;463;154,195.95,12.474000000000984,True,5,36.22570799999991,265.00566700000047
power_theta50_rho16,power,50.0,16.0,inf,77,20019197,True,37,36,True,1,600,228.05555555555554,12.871000000000521,True,7,32.81887500000025,222.82066700000058
power_theta50_rho16,power,50.0,16.0,inf,83,20019203,True,24,23,False,0,,-1.0,6.9705419999976925,False,0,40.485000000000326,113.05483299999963
power_theta50_rho16,power,50.0,16.0,inf,84,20019204,True,25,24,True,2,540;190,165.58333333333334,15.606375000000838,True,10,36.05370800000074,137.53670799999895
power_theta50_rho16,power,50.0,16.0,inf,79,20019199,True,44,43,True,3,456;688;290,102.74418604651163,14.27804199999727,True,6,35.721666000000596,316.31129199999816
power_theta50_rho16,power,50.0,16.0,inf,80,20019200,True,44,43,True,2,791;350,125.27906976744185,14.999207999998987,True,8,44.05916600000026,325.51166700000067
power_theta50_rho16,power,50.0,16.0,inf,78,20019198,True,52,51,True,4,720;242;398;620,78.84313725490196,15.050250000001597,True,10,40.06279200000051,371.3479160000013
power_theta50_rho16,power,50.0,16.0,inf,81,20019201,True,47,46,True,4,548;267;639;804,83.52173913043478,15.961125000000465,True,8,35.571499999999645,319.80762499999923
power_theta50_rho16,power,50.0,16.0,inf,73,20019193,True,73,72,True,4,735;418;580;226,82.5,12.629916000001629,True,10,42.17000000000226,705.3458329999991
power_theta50_rho16,power,50.0,16.0,inf,88,20019208,True,49,48,True,5,790;366;522;182;369,72.64583333333333,15.145207999999855,True,7,42.0591669999979,318.868166999998
power_theta50_rho16,power,50.0,16.0,inf,85,20019205,True,50,49,True,4,158;797;710;404,67.6734693877551,19.461625000001703,True,10,32.969500000000096,356.0998750000017
power_theta50_rho16,power,50.0,16.0,inf,92,20019212,True,40,39,True,2,614;718,252.12820512820514,13.058000000000902,True,4,43.53920799999855,265.9718340000019
power_theta50_rho16,power,50.0,16.0,inf,82,20019202,True,62,61,True,2,188;284,331.4918032786885,14.693000000001177,True,10,47.07091699999921,522.1149579999995
power_theta50_rho16,power,50.0,16.0,inf,89,20019209,True,48,47,True,4,208;428;398;726,88.7872340425532,16.162042000001264,True,10,46.206999999999,342.64908300000127
power_theta50_rho16,power,50.0,16.0,inf,91,20019211,True,46,45,True,1,642,254.17777777777778,12.027499999998525,True,6,42.94800000000265,321.437416000002
power_theta50_rho16,power,50.0,16.0,inf,86,20019206,True,55,54,True,4,459;696;696;500,160.75925925925927,13.589667000001526,True,9,43.50549999999842,461.6952919999982
power_theta50_rho16,power,50.0,16.0,inf,95,20019215,True,39,38,True,4,604;802;491;722,139.3684210526316,14.901332999997408,True,10,38.871624999998744,242.77179099999913
power_theta50_rho16,power,50.0,16.0,inf,90,20019210,True,54,53,True,5,670;106;368;202;727,82.09433962264151,16.24187499999863,True,10,39.57095899999885,448.12399999999997
power_theta50_rho16,power,50.0,16.0,inf,87,20019207,True,65,64,True,4,810;577;740;372,117.609375,14.17733300000279,True,10,38.28341599999874,588.9654580000006
power_theta50_rho16,power,50.0,16.0,inf,97,20019217,True,33,32,True,4,349;482;816;668,87.0625,16.651332999998658,True,9,34.7412920000032,192.9006659999999
power_theta50_rho16,power,50.0,16.0,inf,94,20019214,True,55,54,True,4,860;275;701;494,60.31481481481482,17.864917000000702,True,10,37.7087920000001,429.30624999999975
power_theta50_rho16,power,50.0,16.0,inf,96,20019216,True,44,43,True,2,300;558,139.2325581395349,14.335292000001942,True,10,38.920792000002535,288.96775000000116
power_theta50_rho16,power,50.0,16.0,inf,93,20019213,True,62,61,True,3,476;316;408,208.40983606557376,15.597916000000822,True,10,36.45933300000337,513.7245419999986
power_theta50_rho16,power,50.0,16.0,inf,98,20019218,True,35,34,True,2,492;706,198.05882352941177,13.105333000002162,True,8,45.88016699999997,204.7872919999989
power_theta50_rho16,power,50.0,16.0,inf,99,20019219,True,46,45,True,1,822,395.5777777777778,10.901582999998993,True,10,36.032583000000784,289.0675000000016
power_theta50_rho64,power,50.0,64.0,inf,0,20020120,True,124,123,True,2,531;392,185.9268292682927,13.23045799999889,True,7,31.407583000000017,1457.2468750000028
power_theta50_rho64,power,50.0,64.0,inf,11,20020131,True,123,122,True,4,221;650;800;632,97.05737704918033,15.280833999998578,True,10,36.36275000000211,1460.8673329999995
power_theta50_rho64,power,50.0,64.0,inf,1,20020121,True,151,150,True,1,295,282.16,13.471333000001806,True,5,31.315541000001446,1877.8236250000014
power_theta50_rho64,power,50.0,64.0,inf,9,20020129,True,144,143,True,3,416;853;176,79.23776223776224,18.146500000000287,True,8,27.686625000001186,1685.106375
power_theta50_rho64,power,50.0,64.0,inf,7,20020127,True,140,139,True,3,326;762;326,144.59712230215828,14.929166000001715,True,6,32.43858300000113,1838.5504580000002
power_theta50_rho64,power,50.0,64.0,inf,10,20020130,True,151,150,True,1,591,237.89333333333335,11.273625000001175,True,10,39.526166999998225,2169.4961669999984
power_theta50_rho64,power,50.0,64.0,inf,8,20020128,True,175,174,True,2,811;655,235.10344827586206,15.814625000004412,True,9,33.98416699999984,2306.7438329999986
power_theta50_rho64,power,50.0,64.0,inf,6,20020126,True,169,168,True,2,406;332,247.70833333333334,13.672416999995107,True,8,31.415416000001528,2428.3549160000034
power_theta50_rho64,power,50.0,64.0,inf,5,20020125,True,184,183,True,2,591;746,235.72131147540983,11.684042000005945,True,10,30.536124999997583,2884.2621670000026
power_theta50_rho64,power,50.0,64.0,inf,4,20020124,True,189,188,True,3,189;346;509,128.0212765957447,14.241374999997447,True,9,29.0392089999969,3201.5668329999976
power_theta50_rho64,power,50.0,64.0,inf,12,20020132,True,144,143,True,1,750,286.8181818181818,12.32029100000176,True,7,29.203457999997795,1990.484207999998
power_theta50_rho64,power,50.0,64.0,inf,3,20020123,True,201,200,True,4,606;376;790;220,70.52,15.039749999999685,True,8,29.506124999997496,3410.3274999999976
power_theta50_rho64,power,50.0,64.0,inf,13,20020133,True,138,137,True,2,391;210,265.3211678832117,13.321042000001171,True,9,30.00937500000589,1838.0378329999978
power_theta50_rho64,power,50.0,64.0,inf,16,20020136,True,136,135,True,4,910;733;518;645,134.4814814814815,14.291083000003368,True,8,33.086750000002496,1613.030000000002
power_theta50_rho64,power,50.0,64.0,inf,2,20020122,True,201,200,True,5,392;789;414;844;544,93.89,15.107832999994741,True,9,31.00391700000671,3775.403666999999
power_theta50_rho64,power,50.0,64.0,inf,17,20020137,True,151,150,True,4,503;102;550;262,73.8,17.12145900000195,True,10,28.05087500000525,2126.672915999997
power_theta50_rho64,power,50.0,64.0,inf,24,20020144,True,104,103,True,3,305;259;686,147.6893203883495,16.114041999998108,True,9,27.78441600000292,997.6014579999983
power_theta50_rho64,power,50.0,64.0,inf,25,20020145,True,127,126,False,0,,-1.0,7.282666000001825,True,8,29.22808299999957,1405.7111669999997
power_theta50_rho64,power,50.0,64.0,inf,15,20020135,True,189,188,True,1,221,321.97340425531917,11.716916999993998,True,9,28.938499999995315,3213.851125000005
power_theta50_rho64,power,50.0,64.0,inf,18,20020138,True,176,175,True,2,660;399,168.70285714285714,15.729708000002063,True,9,28.4239169999978,2621.389583000003
power_theta50_rho64,power,50.0,64.0,inf,23,20020143,True,149,148,False,0,,-1.0,7.173500000000388,True,5,31.497000000001663,1802.0997500000035
power_theta50_rho64,power,50.0,64.0,inf,21,20020141,True,147,146,False,0,,-1.0,8.175457999996638,True,8,27.228083000004233,2014.5924580000028
power_theta50_rho64,power,50.0,64.0,inf,14,20020134,True,199,198,True,5,269;804;366;677;494,71.56060606060606,14.63391699999761,True,10,28.986000000003287,3666.7603749999953
power_theta50_rho64,power,50.0,64.0,inf,26,20020146,True,166,165,True,1,756,295.1393939393939,17.61954199999849,True,9,77.78458299999613,2147.483416
power_theta50_rho64,power,50.0,64.0,inf,22,20020142,True,170,169,True,4,582;432;757;284,88.42603550295858,14.979166999999904,True,10,71.642666999999,2499.6814579999977
power_theta50_rho64,power,50.0,64.0,inf,19,20020139,True,200,199,True,3,336;710;894,92.59798994974874,16.29679199999856,True,10,141.02033300000016,3482.6282910000045
power_theta50_rho64,power,50.0,64.0,inf,20,20020140,True,197,196,True,2,610;270,141.75510204081633,16.382083000003433,True,10,61.624083000005214,3304.8487080000014
power_theta50_rho64,power,50.0,64.0,inf,27,20020147,True,170,169,True,4,321;803;306;766,119.61538461538461,12.873582999993971,True,10,31.976000000000226,2580.9397499999986
power_theta50_rho64,power,50.0,64.0,inf,29,20020149,True,157,156,True,3,641;494;641,192.05769230769232,14.254333000003783,True,10,37.54958300000055,2361.1947499999956
power_theta50_rho64,power,50.0,64.0,inf,37,20020157,True,118,117,True,4,408;514;408;714,133.92307692307693,15.999457999996025,True,9,29.659416999997745,1452.686
power_theta50_rho64,power,50.0,64.0,inf,31,20020151,True,172,171,True,3,324;826;836,118.13450292397661,19.0673329999953,True,10,32.736291999995615,2641.3725000000027
power_theta50_rho64,power,50.0,64.0,inf,28,20020148,True,191,190,True,3,558;832;350,100.52105263157895,19.380540999996754,True,7,31.15858299999985,3209.404540999998
power_theta50_rho64,power,50.0,64.0,inf,32,20020152,True,166,165,True,3,84;355;751,86.04242424242425,17.851415999999176,True,9,31.369374999997035,2683.221916000001
power_theta50_rho64,power,50.0,64.0,inf,33,20020153,True,171,170,True,3,440;594;274,150.41176470588235,14.344915999998875,True,9,29.200375000002055,2734.9677499999957
power_theta50_rho64,power,50.0,64.0,inf,35,20020155,True,151,150,False,0,,-1.0,8.109541999999692,True,5,30.130042000003243,2132.9871249999997
power_theta50_rho64,power,50.0,64.0,inf,34,20020154,True,173,172,True,3,644;476;740,157.5,17.845834000006278,True,8,30.702374999997062,2807.2523339999975
power_theta50_rho64,power,50.0,64.0,inf,30,20020150,True,197,196,True,2,219;755,124.13775510204081,16.96175000000011,True,10,29.945749999995996,3332.288415999997
power_theta50_rho64,power,50.0,64.0,inf,36,20020156,True,159,158,True,3,292;716;551,109.75316455696202,14.7888750000007,True,7,34.666417000003946,2511.0943749999988
power_theta50_rho64,power,50.0,64.0,inf,39,20020159,True,132,131,True,5,323;812;162;730;534,56.19083969465649,17.334874999995975,True,10,28.59774999999587,1770.2853329999969
power_theta50_rho64,power,50.0,64.0,inf,42,20020162,True,136,135,False,0,,-1.0,7.7958749999993415,True,8,29.961792000001708,1863.2169999999987
power_theta50_rho64,power,50.0,64.0,inf,41,20020161,True,155,154,True,2,388;345,237.01298701298703,13.620541000001651,True,9,35.11191599999819,2028.1782500000033
power_theta50_rho64,power,50.0,64.0,inf,43,20020163,True,170,169,True,1,742,308.4437869822485,16.696207999999046,True,9,29.444249999997396,2343.1159579999985
power_theta50_rho64,power,50.0,64.0,inf,40,20020160,True,180,179,True,3,225;546;726,93.49162011173185,13.628499999995825,True,10,29.05499999999961,2883.771957999997
power_theta50_rho64,power,50.0,64.0,inf,38,20020158,True,214,213,True,1,362,252.07042253521126,13.726333999997564,True,10,30.81816699999962,4007.772541999998
power_theta50_rho64,power,50.0,64.0,inf,48,20020168,True,150,149,True,3,766;890;520,146.90604026845637,15.898165999999492,True,9,29.208416000003012,1911.7607089999992
power_theta50_rho64,power,50.0,64.0,inf,47,20020167,True,149,148,True,2,114;263,291.9121621621622,13.961999999999364,True,7,29.95149999999569,2040.3834159999974
power_theta50_rho64,power,50.0,64.0,inf,46,20020166,True,164,163,True,4,535;695;252;378,98.87730061349693,14.829790999996817,True,9,32.097000000000264,2488.3196660000026
power_theta50_rho64,power,50.0,64.0,inf,45,20020165,True,197,196,True,3,491;722;284,100.53061224489795,13.574957999999526,True,10,32.545290999998144,3393.8104580000045
power_theta50_rho64,power,50.0,64.0,inf,50,20020170,True,168,167,True,6,636;372;372;226;736;562,78.04790419161677,17.676999999999055,True,8,29.070208999996794,2618.553124999998
power_theta50_rho64,power,50.0,64.0,inf,49,20020169,True,189,188,True,6,367;252;490;130;525;810,55.70744680851064,18.94374999999826,True,10,30.230041000002927,3046.840416000002
power_theta50_rho64,power,50.0,64.0,inf,44,20020164,True,203,202,True,4,588;175;548;256,142.9257425742574,15.196416000001989,True,7,37.60591600000396,3720.552208000001
power_theta50_rho64,power,50.0,64.0,inf,51,20020171,True,158,157,True,4,590;348;813;494,98.89808917197452,12.748166999998034,True,10,28.363875000003702,2247.897583000004
power_theta50_rho64,power,50.0,64.0,inf,53,20020173,True,135,134,True,1,682,285.4179104477612,12.422415999999714,True,4,30.99774999999738,1764.222624999995
power_theta50_rho64,power,50.0,64.0,inf,55,20020175,True,149,148,True,3,402;578;310,155.79054054054055,13.111834000000044,True,10,30.88537500000399,2001.6238330000035
power_theta50_rho64,power,50.0,64.0,inf,58,20020178,True,139,138,True,2,602;503,199.57971014492753,16.910500000001605,True,7,37.92220800000479,1831.6525000000042
power_theta50_rho64,power,50.0,64.0,inf,54,20020174,True,148,147,True,4,238;568;752;130,80.10884353741497,13.10933300000272,True,9,38.063540999999645,2123.42125
power_theta50_rho64,power,50.0,64.0,inf,56,20020176,True,165,164,True,3,459;684;858,127.32317073170732,14.242499999994607,True,10,30.519791999999768,2439.0818339999996
power_theta50_rho64,power,50.0,64.0,inf,61,20020181,True,122,121,True,3,754;754;815,325.3471074380165,14.050208000000453,True,8,27.52812499999635,1518.4567910000055
power_theta50_rho64,power,50.0,64.0,inf,52,20020172,True,209,208,False,0,,-1.0,6.567415999995774,True,10,33.09404200000188,3506.891666999998
power_theta50_rho64,power,50.0,64.0,inf,57,20020177,True,172,171,True,1,676,289.4561403508772,14.088582999995936,True,5,28.941957999997214,2878.2477919999965
power_theta50_rho64,power,50.0,64.0,inf,60,20020180,True,155,154,True,1,484,258.40909090909093,13.48641700000286,True,8,29.407209000005707,2061.0396250000067
power_theta50_rho64,power,50.0,64.0,inf,59,20020179,True,157,156,True,5,902;635;337;796;442,82.65384615384616,18.811832999993783,True,10,29.22316699999783,2361.2508329999996
power_theta50_rho64,power,50.0,64.0,inf,62,20020182,True,175,174,True,4,686;557;492;380,115.66666666666667,14.37229200000445,True,10,31.154000000000792,2677.852874999999
power_theta50_rho64,power,50.0,64.0,inf,71,20020191,True,116,115,True,5,732;350;228;493;656,62.573913043478264,15.663416999998958,True,9,33.556791000002306,1374.6454170000036
power_theta50_rho64,power,50.0,64.0,inf,65,20020185,True,166,165,True,4,400;778;654;179,75.35151515151514,17.54783299999474,True,9,35.46654099999813,2448.7740420000036
power_theta50_rho64,power,50.0,64.0,inf,63,20020183,True,191,190,False,0,,-1.0,6.9362919999989,True,9,35.174916000002554,2938.146707999998
power_theta50_rho64,power,50.0,64.0,inf,64,20020184,True,180,179,True,3,306;367;516,130.91620111731842,17.1116249999983,True,10,36.718333999999686,2932.558500000006
power_theta50_rho64,power,50.0,64.0,inf,72,20020192,True,117,116,True,4,560;664;810;278,80.53448275862068,16.846874999998818,True,10,32.75137500000369,1432.4823330000029
power_theta50_rho64,power,50.0,64.0,inf,66,20020186,True,169,168,True,1,781,350.4761904761905,15.476917000000867,True,7,33.35229099999992,2617.4592919999996
power_theta50_rho64,power,50.0,64.0,inf,68,20020188,True,160,159,True,3,155;484;320,151.20754716981133,15.006542000001843,True,10,30.90358299999707,2445.8742079999993
power_theta50_rho64,power,50.0,64.0,inf,69,20020189,True,155,154,True,3,356;452;776,118.72077922077922,17.23187500000023,True,9,29.99362500000302,2234.210707999999
power_theta50_rho64,power,50.0,64.0,inf,67,20020187,True,192,191,True,1,794,344.80104712041884,14.106458000000544,True,10,31.020459000004053,2968.518334000002
power_theta50_rho64,power,50.0,64.0,inf,70,20020190,True,158,157,True,3,342;618;414,143.10828025477707,15.423667000000307,True,7,29.44804199999851,2218.3112920000026
power_theta50_rho64,power,50.0,64.0,inf,73,20020193,True,176,175,True,4,498;632;273;363,120.62285714285714,16.94375000000292,True,7,29.119917000002715,2627.1617499999993
power_theta50_rho64,power,50.0,64.0,inf,79,20020199,True,144,143,True,1,409,225.05594405594405,13.0343749999966,True,9,29.61162500000114,2022.2271669999968
power_theta50_rho64,power,50.0,64.0,inf,81,20020201,True,144,143,True,2,430;731,131.3846153846154,14.208584000002134,True,9,37.77258399999539,1892.9690000000007
power_theta50_rho64,power,50.0,64.0,inf,78,20020198,True,162,161,True,2,170;468,187.91925465838509,17.719957999993596,True,6,33.75804200000232,2250.8814589999984
power_theta50_rho64,power,50.0,64.0,inf,77,20020197,True,164,163,True,4,749;211;302;450,78.15950920245399,14.177584000002241,True,10,29.676542000004247,2378.709332999996
power_theta50_rho64,power,50.0,64.0,inf,74,20020194,True,196,195,True,5,139;677;269;472;478,71.93846153846154,12.919332999999256,True,10,29.34458299999676,3033.308749999996
power_theta50_rho64,power,50.0,64.0,inf,83,20020203,True,151,150,True,4,114;275;685;476,78.42666666666666,16.78795800000188,True,10,31.14779199999873,2028.0267500000023
power_theta50_rho64,power,50.0,64.0,inf,80,20020200,True,176,175,True,4,594;410;194;679,104.96,12.455541999997877,True,9,32.61191699999699,2491.464209
power_theta50_rho64,power,50.0,64.0,inf,75,20020195,True,201,200,True,5,348;746;656;470;518,95.07,14.306417000000238,True,10,29.91266600000131,3220.267458000002
power_theta50_rho64,power,50.0,64.0,inf,76,20020196,True,211,210,True,4,868;208;710;384,71.68571428571428,19.57649999999944,True,10,35.53666700000235,3499.1944169999983
power_theta50_rho64,power,50.0,64.0,inf,82,20020202,True,186,185,True,6,107;618;780;858;332;113,53.70810810810811,17.929792000003886,True,8,35.71795899999586,3035.0073339999994
power_theta50_rho64,power,50.0,64.0,inf,89,20020209,True,129,128,False,0,,-1.0,7.452500000006523,True,9,30.126957999996762,1493.522042000002
power_theta50_rho64,power,50.0,64.0,inf,84,20020204,True,214,213,True,6,696;136;446;294;886;525,45.54929577464789,17.17341700000219,True,9,34.703707999995004,3735.8635840000006
power_theta50_rho64,power,50.0,64.0,inf,88,20020208,True,149,148,True,3,688;844;344,106.39864864864865,20.358959000006394,True,8,34.050958999998215,1976.0080000000003
power_theta50_rho64,power,50.0,64.0,inf,86,20020206,True,167,166,True,3,306;736;486,99.24096385542168,15.901499999998236,True,10,29.317541999994035,2420.8479170000032
power_theta50_rho64,power,50.0,64.0,inf,91,20020211,True,156,155,True,3,475;270;604,132.09677419354838,12.096790999997609,True,6,27.977999999997394,2194.326375000003
power_theta100_rho0,power,100.0,0.0,inf,0,20021120,False,1,0,False,0,,-1.0,8.698166000002061,False,0,31.668374999995308,2.5396249999971587
power_theta100_rho0,power,100.0,0.0,inf,1,20021121,False,1,0,False,0,,-1.0,9.64599999999649,False,0,31.04495800000251,3.019582999996828
power_theta100_rho0,power,100.0,0.0,inf,2,20021122,False,1,0,False,0,,-1.0,6.876250000004802,False,0,33.53833300000275,3.0404160000045977
power_theta100_rho0,power,100.0,0.0,inf,3,20021123,False,1,0,False,0,,-1.0,7.862249999995186,False,0,32.32020800000157,2.7684159999949998
power_theta100_rho0,power,100.0,0.0,inf,4,20021124,False,1,0,False,0,,-1.0,7.214083999997456,False,0,31.033041000000594,2.5846249999972315
power_theta100_rho0,power,100.0,0.0,inf,5,20021125,False,1,0,False,0,,-1.0,8.009207999997159,False,0,31.117541000000415,2.77162499999406
power_theta100_rho0,power,100.0,0.0,inf,6,20021126,False,1,0,False,0,,-1.0,7.808541000002833,False,0,30.212625000004323,2.5237499999946067
power_theta100_rho0,power,100.0,0.0,inf,7,20021127,False,1,0,False,0,,-1.0,6.971667000001958,False,0,30.94187500000345,3.0929169999964756
power_theta50_rho64,power,50.0,64.0,inf,85,20020205,True,204,203,True,5,280;763;422;692;555,79.55665024630542,15.45662499999878,True,10,30.831707999993796,3640.2385829999985
power_theta100_rho0,power,100.0,0.0,inf,8,20021128,False,1,0,False,0,,-1.0,7.65941600000275,False,0,30.63245900000311,2.8135000000020227
power_theta100_rho0,power,100.0,0.0,inf,9,20021129,False,1,0,False,0,,-1.0,8.84154199999898,False,0,31.4631670000054,3.2185000000026776
power_theta100_rho0,power,100.0,0.0,inf,10,20021130,False,1,0,False,0,,-1.0,7.131125000000793,False,0,30.240791999993633,2.7735419999999067
power_theta100_rho0,power,100.0,0.0,inf,11,20021131,False,1,0,False,0,,-1.0,7.373041999997554,False,0,31.38450000000148,3.0556660000016223
power_theta100_rho0,power,100.0,0.0,inf,12,20021132,False,1,0,False,0,,-1.0,6.8956249999985175,False,0,33.9625419999976,2.6567499999998745
power_theta100_rho0,power,100.0,0.0,inf,13,20021133,False,1,0,False,0,,-1.0,9.406124999998156,False,0,35.05729199999763,2.9643340000049534
power_theta100_rho0,power,100.0,0.0,inf,14,20021134,False,1,0,False,0,,-1.0,7.154374999998936,False,0,29.50750000000113,2.5278330000020333
power_theta100_rho0,power,100.0,0.0,inf,15,20021135,False,1,0,False,0,,-1.0,9.286541999998121,False,0,29.6565419999979,2.828458000003309
power_theta100_rho0,power,100.0,0.0,inf,16,20021136,False,1,0,False,0,,-1.0,7.938916999997048,False,0,30.136499999997568,2.7894169999953533
power_theta100_rho0,power,100.0,0.0,inf,17,20021137,False,1,0,False,0,,-1.0,8.513082999996868,False,0,35.24958300000236,3.1071670000031304
power_theta100_rho0,power,100.0,0.0,inf,18,20021138,False,1,0,False,0,,-1.0,8.099459000000309,False,0,28.99616699999541,2.917416000002504
power_theta100_rho0,power,100.0,0.0,inf,19,20021139,False,1,0,False,0,,-1.0,7.873624999994888,False,0,32.075249999998334,3.3067909999999756
power_theta100_rho0,power,100.0,0.0,inf,20,20021140,False,1,0,False,0,,-1.0,7.917417000001592,False,0,30.230083999995827,3.2566249999987917
power_theta50_rho64,power,50.0,64.0,inf,90,20020210,True,181,180,True,4,685;520;462;264,92.56666666666666,15.807040999995081,True,9,28.714332999996373,2985.4905830000007
power_theta100_rho0,power,100.0,0.0,inf,21,20021141,False,1,0,False,0,,-1.0,8.024042000002396,False,0,35.953291999994974,2.881999999999607
power_theta100_rho0,power,100.0,0.0,inf,22,20021142,False,1,0,False,0,,-1.0,7.4977499999988595,False,0,37.06045899999566,2.831165999999996
power_theta50_rho64,power,50.0,64.0,inf,95,20020215,True,149,148,True,3,414;537;292,159.19594594594594,12.707249999998282,True,7,30.62579200000215,1981.537333999995
power_theta100_rho0,power,100.0,0.0,inf,23,20021143,False,1,0,False,0,,-1.0,8.343665999994698,False,0,29.208291000003328,2.943416999997339
power_theta100_rho0,power,100.0,0.0,inf,24,20021144,False,1,0,False,0,,-1.0,6.45533299999812,False,0,33.414999999997974,2.8700000000014825
power_theta100_rho0,power,100.0,0.0,inf,25,20021145,False,1,0,False,0,,-1.0,6.631166000005351,False,0,36.65600000000069,2.3900419999947076
power_theta100_rho0,power,100.0,0.0,inf,26,20021146,False,1,0,False,0,,-1.0,9.073708000002512,False,0,35.23458399999413,2.8667500000025825
power_theta50_rho64,power,50.0,64.0,inf,92,20020212,True,177,176,True,4,318;436;742;492,88.46022727272727,14.610250000004044,True,8,35.399624999996604,2846.682041000001
power_theta100_rho0,power,100.0,0.0,inf,27,20021147,False,1,0,False,0,,-1.0,8.071457999996312,False,0,33.39387500000157,2.875291000002278
power_theta100_rho0,power,100.0,0.0,inf,28,20021148,False,1,0,False,0,,-1.0,7.584958000002473,True,2,29.88333300000079,3.271499999996763
power_theta100_rho0,power,100.0,0.0,inf,29,20021149,False,1,0,False,0,,-1.0,6.770916999997212,False,0,32.27529099999771,3.2447500000003515
power_theta100_rho0,power,100.0,0.0,inf,30,20021150,False,1,0,False,0,,-1.0,9.058416000002012,False,0,29.406958999999233,3.1165830000006167
power_theta100_rho0,power,100.0,0.0,inf,31,20021151,False,1,0,False,0,,-1.0,9.979915999998923,False,0,31.83487500000126,2.938708000002066
power_theta100_rho0,power,100.0,0.0,inf,32,20021152,False,1,0,False,0,,-1.0,8.238667000000532,False,0,33.812957999998616,3.0789579999961347
power_theta50_rho64,power,50.0,64.0,inf,93,20020213,True,173,172,False,0,,-1.0,8.838165999996761,True,9,29.641458000000398,2623.520124999999
power_theta100_rho0,power,100.0,0.0,inf,33,20021153,False,1,0,False,0,,-1.0,9.585167000004446,False,0,33.98687499999653,4.081208999998864
power_theta100_rho0,power,100.0,0.0,inf,34,20021154,False,1,0,False,0,,-1.0,6.959375000000989,False,0,40.69383299999885,3.7900830000054953
power_theta100_rho0,power,100.0,0.0,inf,35,20021155,False,1,0,False,0,,-1.0,7.888292000004071,False,0,39.375167000002875,3.1960420000061163
power_theta100_rho0,power,100.0,0.0,inf,36,20021156,False,1,0,False,0,,-1.0,7.175667000005603,False,0,32.50675000000314,3.0197499999999877
power_theta100_rho0,power,100.0,0.0,inf,37,20021157,False,1,0,False,0,,-1.0,11.008332999999482,False,0,28.750209000001803,3.1389580000009687
power_theta100_rho0,power,100.0,0.0,inf,38,20021158,False,1,0,False,0,,-1.0,8.828041999997538,False,0,29.216250000004607,2.617833999998709
power_theta100_rho0,power,100.0,0.0,inf,39,20021159,False,1,0,False,0,,-1.0,8.647916000001032,False,0,28.035500000001434,3.160082999997371
power_theta100_rho0,power,100.0,0.0,inf,40,20021160,False,1,0,False,0,,-1.0,8.57354100000407,False,0,34.19366699999671,3.147792000000038
power_theta100_rho0,power,100.0,0.0,inf,41,20021161,False,1,0,False,0,,-1.0,9.198040999997659,False,0,33.608125000000655,2.586499999999603
power_theta100_rho0,power,100.0,0.0,inf,42,20021162,False,1,0,False,0,,-1.0,6.49345800000134,False,0,36.73341700000066,2.54804099999717
power_theta100_rho0,power,100.0,0.0,inf,43,20021163,False,1,0,False,0,,-1.0,9.498958000001778,False,0,29.703750000003026,3.242499999998927
power_theta100_rho0,power,100.0,0.0,inf,44,20021164,False,1,0,False,0,,-1.0,8.760791999996798,False,0,28.287624999997263,2.5492920000047548
power_theta100_rho0,power,100.0,0.0,inf,45,20021165,False,1,0,False,0,,-1.0,8.82087499999784,False,0,32.46883300000292,2.92470799999478
power_theta100_rho0,power,100.0,0.0,inf,47,20021167,False,1,0,False,0,,-1.0,6.4720840000020985,False,0,40.23999999999717,2.812124999998389
power_theta100_rho0,power,100.0,0.0,inf,46,20021166,False,1,0,False,0,,-1.0,8.162458000001038,False,0,42.94016699999759,2.851790999997661
power_theta100_rho0,power,100.0,0.0,inf,48,20021168,False,1,0,False,0,,-1.0,9.563999999997463,False,0,43.9115000000001,3.1741249999939214
power_theta100_rho0,power,100.0,0.0,inf,49,20021169,False,1,0,False,0,,-1.0,8.692082999999684,False,0,41.764458000002946,3.347083000001305
power_theta100_rho0,power,100.0,0.0,inf,50,20021170,False,1,0,False,0,,-1.0,9.017542000002265,False,0,32.26104099999816,2.599499999995203
power_theta100_rho0,power,100.0,0.0,inf,51,20021171,False,1,0,False,0,,-1.0,7.942624999998316,False,0,29.20437499999906,3.01708399999967
power_theta100_rho0,power,100.0,0.0,inf,52,20021172,False,1,0,False,0,,-1.0,7.488083999994899,False,0,31.58399999999517,3.170791999998812
power_theta100_rho0,power,100.0,0.0,inf,54,20021174,False,1,0,False,0,,-1.0,9.022833000003061,False,0,48.693749999998204,2.5491250000015953
power_theta50_rho64,power,50.0,64.0,inf,96,20020216,True,145,144,True,5,582;846;307;384;682,82.38888888888889,18.123541999997883,True,9,49.438207999997985,1915.7053749999945
power_theta100_rho0,power,100.0,0.0,inf,53,20021173,False,1,0,True,1,246,-1.0,12.66241700000137,False,0,48.94737499999735,2.599125000003255
power_theta100_rho0,power,100.0,0.0,inf,55,20021175,False,1,0,False,0,,-1.0,7.2002499999967995,False,0,53.53070800000381,3.0089580000023375
power_theta100_rho0,power,100.0,0.0,inf,56,20021176,False,1,0,False,0,,-1.0,8.253625000001819,False,0,52.273165999999094,2.5692500000005225
power_theta100_rho0,power,100.0,0.0,inf,57,20021177,False,1,0,False,0,,-1.0,7.046291999998289,False,0,45.96362499999884,2.6399579999960565
power_theta50_rho64,power,50.0,64.0,inf,87,20020207,True,207,206,True,3,748;472;375,118.30582524271844,15.102957999999944,True,8,38.22275000000275,3531.0690000000022
power_theta100_rho0,power,100.0,0.0,inf,58,20021178,False,1,0,False,0,,-1.0,8.158291000000872,False,0,34.54870800000265,3.452207999998791
power_theta100_rho0,power,100.0,0.0,inf,61,20021181,False,1,0,False,0,,-1.0,7.317333000003146,False,0,56.27345799999972,2.5192499999988627
power_theta100_rho0,power,100.0,0.0,inf,59,20021179,False,1,0,False,0,,-1.0,8.42145799999372,False,0,54.66812499999918,2.6237080000015567
power_theta100_rho0,power,100.0,0.0,inf,60,20021180,False,1,0,False,0,,-1.0,8.66145800000595,False,0,59.70683400000354,2.780999999998812
power_theta100_rho0,power,100.0,0.0,inf,63,20021183,False,1,0,False,0,,-1.0,7.375374999995188,False,0,58.107667000001584,2.9080000000050177
power_theta100_rho0,power,100.0,0.0,inf,64,20021184,False,1,0,False,0,,-1.0,8.941458000002456,False,0,54.44779199999772,2.894749999995838
power_theta100_rho0,power,100.0,0.0,inf,62,20021182,False,1,0,False,0,,-1.0,7.831416999998453,False,0,60.604500000003725,2.781708000000549
power_theta100_rho0,power,100.0,0.0,inf,65,20021185,False,1,0,False,0,,-1.0,10.263334000001123,False,0,53.64154200000115,3.3168329999995194
power_theta50_rho64,power,50.0,64.0,inf,94,20020214,True,162,161,True,2,398;136,184.8198757763975,18.92537500000202,True,6,53.41554200000331,2447.994375
power_theta100_rho0,power,100.0,0.0,inf,66,20021186,False,1,0,False,0,,-1.0,8.161416000000088,False,0,46.20570799999513,2.5419170000020586
power_theta100_rho0,power,100.0,0.0,inf,68,20021188,False,1,0,False,0,,-1.0,8.426583000002097,True,1,43.16812500000111,3.247582999996723
power_theta100_rho0,power,100.0,0.0,inf,67,20021187,False,1,0,False,0,,-1.0,9.189334000005545,False,0,46.74887499999869,2.7910829999981956
power_theta100_rho0,power,100.0,0.0,inf,69,20021189,False,1,0,False,0,,-1.0,9.234958000000404,False,0,58.93816599999724,2.714832999998862
power_theta100_rho0,power,100.0,0.0,inf,72,20021192,False,1,0,False,0,,-1.0,8.834749999998337,False,0,56.48058399999911,3.879541999999958
power_theta100_rho0,power,100.0,0.0,inf,73,20021193,False,1,0,False,0,,-1.0,8.818625000003522,False,0,55.96387500000333,2.7535409999970284
power_theta100_rho0,power,100.0,0.0,inf,70,20021190,False,1,0,False,0,,-1.0,8.660542000001215,False,0,62.00133400000141,3.066915999994535
power_theta100_rho0,power,100.0,0.0,inf,75,20021195,False,1,0,False,0,,-1.0,9.597999999996887,False,0,53.621249999999065,2.6004170000035742
power_theta100_rho0,power,100.0,0.0,inf,71,20021191,False,1,0,False,0,,-1.0,8.93816699999661,False,0,60.385042000000055,4.189457999999036
power_theta100_rho0,power,100.0,0.0,inf,74,20021194,False,1,0,False,0,,-1.0,8.842958000002454,False,0,59.644499999997436,3.278125000001353
power_theta100_rho0,power,100.0,0.0,inf,76,20021196,False,1,0,False,0,,-1.0,6.756332999998449,False,0,31.272458000003667,3.090708999998526
power_theta100_rho0,power,100.0,0.0,inf,77,20021197,False,1,0,False,0,,-1.0,8.564792000001376,False,0,28.412416000001883,2.6869590000018206
power_theta100_rho0,power,100.0,0.0,inf,79,20021199,False,1,0,False,0,,-1.0,9.113333999998474,False,0,53.815540999998746,2.4700000000024147
power_theta100_rho0,power,100.0,0.0,inf,78,20021198,False,1,0,False,0,,-1.0,8.002583999996205,False,0,56.55562500000144,3.0341670000026966
power_theta100_rho0,power,100.0,0.0,inf,80,20021200,False,1,0,False,0,,-1.0,7.993458999997927,False,0,56.38508399999864,3.2868339999936325
power_theta100_rho0,power,100.0,0.0,inf,82,20021202,False,1,0,False,0,,-1.0,7.2120839999954,False,0,57.11812500000235,2.8317910000055235
power_theta100_rho0,power,100.0,0.0,inf,81,20021201,False,1,0,False,0,,-1.0,9.37687500000095,False,0,58.179875000000436,2.8602080000013075
power_theta100_rho0,power,100.0,0.0,inf,84,20021204,False,1,0,False,0,,-1.0,8.68854199999447,False,0,54.644332999998824,3.419084000000794
power_theta100_rho0,power,100.0,0.0,inf,83,20021203,False,1,0,False,0,,-1.0,8.792333000002373,False,0,60.726999999999975,2.492959000001349
power_theta100_rho0,power,100.0,0.0,inf,86,20021206,False,1,0,False,0,,-1.0,9.051665999997738,False,0,40.39662499999963,3.0649169999961146
power_theta100_rho0,power,100.0,0.0,inf,85,20021205,False,1,0,False,0,,-1.0,6.120416999998213,False,0,50.31504200000114,2.408500000001368
power_theta100_rho0,power,100.0,0.0,inf,88,20021208,False,1,0,False,0,,-1.0,6.52062500000028,False,0,45.594874999999035,3.0780000000021346
power_theta100_rho0,power,100.0,0.0,inf,87,20021207,False,1,0,False,0,,-1.0,8.498249999995267,False,0,45.74937499999976,2.322542000001704
power_theta100_rho0,power,100.0,0.0,inf,93,20021213,False,1,0,False,0,,-1.0,8.444292000000075,False,0,51.65904100000063,2.3748329999975226
power_theta100_rho0,power,100.0,0.0,inf,91,20021211,False,1,0,False,0,,-1.0,6.503874999999937,False,0,56.56854199999373,2.272707999999568
power_theta100_rho0,power,100.0,0.0,inf,95,20021215,False,1,0,False,0,,-1.0,8.059666000001187,False,0,51.135333000004835,2.507708999999636
power_theta100_rho0,power,100.0,0.0,inf,94,20021214,False,1,0,False,0,,-1.0,6.996999999998366,False,0,53.863415999998665,2.2278339999957097
power_theta100_rho0,power,100.0,0.0,inf,89,20021209,False,1,0,False,0,,-1.0,10.049207999998089,False,0,58.596332999997,2.926834000000156
power_theta100_rho0,power,100.0,0.0,inf,90,20021210,False,1,0,False,0,,-1.0,6.989250000003722,False,0,59.57058399999937,2.8886249999970914
power_theta100_rho0,power,100.0,0.0,inf,92,20021212,False,1,0,False,0,,-1.0,6.832291999998574,False,0,56.862125000002095,2.97466600000007
power_theta100_rho0,power,100.0,0.0,inf,96,20021216,False,1,0,False,0,,-1.0,6.358250000005228,False,0,43.036999999998216,2.2495839999976397
power_theta100_rho0,power,100.0,0.0,inf,97,20021217,False,1,0,False,0,,-1.0,8.286542000000452,False,0,39.166875000006485,2.6493330000008086
power_theta100_rho0,power,100.0,0.0,inf,99,20021219,False,1,0,False,0,,-1.0,6.78229200000402,False,0,32.31595799999809,2.7870839999977193
power_theta100_rho0,power,100.0,0.0,inf,98,20021218,False,1,0,False,0,,-1.0,9.413709000000381,False,0,32.55358399999864,2.6904170000037197
power_theta100_rho1,power,100.0,1.0,inf,3,20022123,False,1,0,False,0,,-1.0,8.46383300000042,False,0,38.947708000002024,12.866584000001069
power_theta100_rho1,power,100.0,1.0,inf,2,20022122,True,2,1,False,0,,-1.0,8.121040999995444,False,0,39.22145900000373,14.44691700000078
power_theta100_rho1,power,100.0,1.0,inf,1,20022121,True,5,4,False,0,,-1.0,9.235791000001825,False,0,37.49995900000158,25.4705830000006
power_theta100_rho1,power,100.0,1.0,inf,0,20022120,True,4,3,False,0,,-1.0,8.702833000000965,True,2,40.37216700000101,22.621042000004365
power_theta100_rho1,power,100.0,1.0,inf,5,20022125,False,1,0,False,0,,-1.0,6.282667000000686,False,0,31.68895800000371,11.822291999997958
power_theta100_rho1,power,100.0,1.0,inf,4,20022124,True,6,5,True,2,476;461,100.8,15.163000000001148,True,6,36.87049999999914,30.831499999997902
power_theta100_rho1,power,100.0,1.0,inf,8,20022128,False,1,0,False,0,,-1.0,9.718167000002609,False,0,33.58762499999557,12.021375000003331
power_theta100_rho1,power,100.0,1.0,inf,7,20022127,True,4,3,False,0,,-1.0,9.02937499999723,True,7,35.057166999997946,21.242833000002292
power_theta100_rho1,power,100.0,1.0,inf,9,20022129,True,3,2,False,0,,-1.0,7.7893329999980665,True,8,39.61025000000262,16.241166000000362
power_theta100_rho1,power,100.0,1.0,inf,6,20022126,True,8,7,True,2,894;894,140.85714285714286,14.483208000001468,True,4,45.82033300000177,35.15804199999906
power_theta100_rho1,power,100.0,1.0,inf,12,20022132,False,1,0,False,0,,-1.0,7.551792000001001,False,0,39.393459000002906,11.600999999998862
power_theta100_rho1,power,100.0,1.0,inf,10,20022130,True,3,2,True,1,335,312.5,14.015000000000555,False,0,43.509624999998664,16.899999999999693
power_theta100_rho1,power,100.0,1.0,inf,11,20022131,True,5,4,False,0,,-1.0,8.203625000000159,True,2,36.027833999995096,27.094958000006386
power_theta100_rho1,power,100.0,1.0,inf,13,20022133,True,3,2,False,0,,-1.0,9.181916999999373,False,0,35.4468749999981,19.919624999999996
power_theta100_rho1,power,100.0,1.0,inf,15,20022135,True,2,1,False,0,,-1.0,8.179709000003754,False,0,34.42625000000277,15.49908300000169
power_theta100_rho1,power,100.0,1.0,inf,16,20022136,True,4,3,True,1,838,262.6666666666667,13.503917000001309,True,1,35.73595800000362,25.229666000001316
power_theta100_rho1,power,100.0,1.0,inf,17,20022137,True,3,2,False,0,,-1.0,7.040000000003488,False,0,36.36933299999612,18.226333999997735
power_theta100_rho1,power,100.0,1.0,inf,19,20022139,True,2,1,False,0,,-1.0,8.711208000001136,False,0,34.368958000001726,14.124000000002468
power_theta100_rho1,power,100.0,1.0,inf,21,20022141,True,2,1,False,0,,-1.0,7.306917000001079,False,0,44.11825000000391,13.411709000003214
power_theta100_rho1,power,100.0,1.0,inf,14,20022134,True,4,3,True,2,314;314,305.3333333333333,16.19929200000314,True,1,46.3686249999995,66.4614169999993
power_theta100_rho1,power,100.0,1.0,inf,22,20022142,True,3,2,False,0,,-1.0,8.353999999997086,False,0,43.92458299999902,17.62770899999566
power_theta100_rho1,power,100.0,1.0,inf,18,20022138,True,5,4,True,1,466,217.25,15.938249999997822,True,2,44.92358299999921,26.59016700000194
power_theta50_rho64,power,50.0,64.0,inf,97,20020217,True,151,150,True,4,482;372;664;119,76.66,15.882916999998997,True,4,32.882000000000744,2034.228665999997
power_theta100_rho1,power,100.0,1.0,inf,23,20022143,True,4,3,True,2,455;791,58.0,17.125291999995795,True,2,29.161625000000413,24.552999999997382
power_theta100_rho1,power,100.0,1.0,inf,26,20022146,False,1,0,False,0,,-1.0,8.375125000000594,False,0,38.615040999999906,11.887332999997113
power_theta100_rho1,power,100.0,1.0,inf,24,20022144,True,5,4,False,0,,-1.0,9.874957999997491,False,0,39.775416999994206,23.836082999999064
power_theta100_rho1,power,100.0,1.0,inf,20,20022140,True,5,4,True,1,172,259.75,14.015541999995662,True,2,44.430167000001575,68.7074590000023
power_theta100_rho1,power,100.0,1.0,inf,27,20022147,True,2,1,False,0,,-1.0,6.9245410000036145,False,0,36.152666999996086,15.595582999999635
power_theta100_rho1,power,100.0,1.0,inf,25,20022145,True,4,3,True,1,689,137.0,16.865375000001848,True,1,38.98583299999814,21.853874999997913
power_theta100_rho1,power,100.0,1.0,inf,29,20022149,True,2,1,False,0,,-1.0,9.922624999994412,False,0,32.37550000000056,14.74875000000253
power_theta100_rho1,power,100.0,1.0,inf,31,20022151,True,3,2,False,0,,-1.0,8.18287500000281,False,0,36.76283400000102,19.173332999997683
power_theta100_rho1,power,100.0,1.0,inf,28,20022148,True,6,5,True,1,688,201.6,14.339915999997288,True,7,39.84470799999684,27.8417919999967
power_theta100_rho1,power,100.0,1.0,inf,32,20022152,True,4,3,False,0,,-1.0,7.304124999997441,True,3,39.08024999999782,22.8741250000013
power_theta100_rho1,power,100.0,1.0,inf,33,20022153,True,2,1,False,0,,-1.0,6.534917000003304,False,0,36.69341700000217,15.56099999999816
power_theta100_rho1,power,100.0,1.0,inf,30,20022150,True,9,8,True,4,650;868;650;338,52.25,12.800207999994484,True,10,38.74808300000154,44.521334000002355
power_theta100_rho1,power,100.0,1.0,inf,35,20022155,True,2,1,True,2,554;568,1.0,13.321167000000855,True,2,36.51074999999793,14.172582999997019
power_theta100_rho1,power,100.0,1.0,inf,36,20022156,True,3,2,False,0,,-1.0,7.811500000002525,True,1,38.00108399999402,17.248666000000412
power_theta100_rho1,power,100.0,1.0,inf,34,20022154,True,6,5,False,0,,-1.0,6.69000000000608,True,1,39.77662499999468,28.057291999999734
power_theta100_rho1,power,100.0,1.0,inf,37,20022157,True,6,5,False,0,,-1.0,6.560125000000028,True,1,37.975958000004084,29.722792000001164
power_theta100_rho1,power,100.0,1.0,inf,38,20022158,True,4,3,True,1,223,495.3333333333333,12.940874999998186,True,1,35.467749999995135,21.015832999999873
power_theta100_rho1,power,100.0,1.0,inf,39,20022159,True,4,3,False,0,,-1.0,7.526375000004748,False,0,34.25362499999807,23.162708000000976
power_theta100_rho1,power,100.0,1.0,inf,40,20022160,True,4,3,True,2,680;680,112.66666666666667,15.50454099999854,True,3,34.85958299999936,20.578207999996323
power_theta100_rho1,power,100.0,1.0,inf,42,20022162,True,4,3,False,0,,-1.0,8.383500000000765,True,6,32.545166000005565,20.36579199999977
power_theta100_rho1,power,100.0,1.0,inf,44,20022164,False,1,0,False,0,,-1.0,7.347040999995613,False,0,36.862874999997075,11.588540999994734
power_theta100_rho1,power,100.0,1.0,inf,41,20022161,True,7,6,True,3,615;615;618,187.33333333333334,13.684041999994179,True,2,37.35437499999961,35.059832999998264
power_theta100_rho1,power,100.0,1.0,inf,45,20022165,True,4,3,False,0,,-1.0,8.955167000003428,False,0,35.63241700000219,19.72774999999416
power_theta100_rho1,power,100.0,1.0,inf,43,20022163,True,9,8,False,0,,-1.0,9.16087499999918,False,0,37.46804200000042,40.7956670000047
power_theta100_rho1,power,100.0,1.0,inf,48,20022168,True,3,2,False,0,,-1.0,7.269166000000382,False,0,36.169417000003534,17.096375000001274
power_theta100_rho1,power,100.0,1.0,inf,49,20022169,False,1,0,False,0,,-1.0,8.790458000000001,False,0,39.17183400000113,12.354792000003556
power_theta100_rho1,power,100.0,1.0,inf,46,20022166,True,5,4,True,2,826;536,33.0,17.93450000000263,True,1,39.91862500000565,24.32016699999906
power_theta100_rho1,power,100.0,1.0,inf,47,20022167,True,3,2,True,2,792;772,40.0,17.629667000001348,True,4,38.09570800000017,19.066291999997986
power_theta100_rho1,power,100.0,1.0,inf,51,20022171,True,3,2,False,0,,-1.0,6.901416999994581,False,0,31.08529200000021,18.49029200000274
power_theta100_rho1,power,100.0,1.0,inf,52,20022172,True,2,1,False,0,,-1.0,8.48879200000141,False,0,28.55733300000196,14.598333000002128
power_theta100_rho1,power,100.0,1.0,inf,53,20022173,True,2,1,False,0,,-1.0,7.491166999997745,False,0,29.56862499999602,17.64425000000358
power_theta100_rho1,power,100.0,1.0,inf,55,20022175,True,3,2,False,0,,-1.0,6.14808299999936,False,0,30.77870799999971,18.848000000005527
power_theta100_rho1,power,100.0,1.0,inf,56,20022176,True,4,3,True,1,812,224.66666666666666,11.69583300000454,False,0,44.50333300000153,20.453082999999594
power_theta100_rho1,power,100.0,1.0,inf,57,20022177,True,3,2,False,0,,-1.0,8.685790999997778,False,0,42.60779199999831,17.470792000004565
power_theta100_rho1,power,100.0,1.0,inf,54,20022174,True,4,3,True,3,476;476;88,72.0,16.424499999999398,True,8,44.76420900000022,22.42483300000231
power_theta100_rho1,power,100.0,1.0,inf,50,20022170,True,12,11,False,0,,-1.0,7.31637500000204,True,4,52.60337499999679,61.72058300000316
power_theta100_rho1,power,100.0,1.0,inf,58,20022178,True,3,2,True,1,462,242.0,15.297875000001682,True,4,38.99995800000511,18.56566599999354
power_theta100_rho1,power,100.0,1.0,inf,61,20022181,True,3,2,False,0,,-1.0,7.619999999995741,False,0,38.9269160000012,17.4553329999938
power_theta100_rho1,power,100.0,1.0,inf,62,20022182,False,1,0,False,0,,-1.0,8.30558399999859,False,0,37.3902500000014,11.470709000001023
power_theta100_rho1,power,100.0,1.0,inf,59,20022179,True,7,6,False,0,,-1.0,7.356417000004001,True,5,40.13599999999684,30.336208000001363
power_theta100_rho1,power,100.0,1.0,inf,63,20022183,True,3,2,False,0,,-1.0,7.374916999999925,False,0,32.73037499999987,15.908416999998565
power_theta100_rho1,power,100.0,1.0,inf,60,20022180,True,8,7,True,2,292;294,342.57142857142856,10.909208000001058,True,10,37.495583999998416,39.7211249999998
power_theta100_rho1,power,100.0,1.0,inf,67,20022187,False,1,0,False,0,,-1.0,6.921041000005346,False,0,34.911000000001025,11.272167000001332
power_theta100_rho1,power,100.0,1.0,inf,64,20022184,True,3,2,False,0,,-1.0,8.627165999996578,False,0,37.761666999998056,17.090250000002527
power_theta100_rho1,power,100.0,1.0,inf,66,20022186,True,3,2,False,0,,-1.0,8.432083000002422,False,0,37.4476660000056,17.084834000002047
power_theta100_rho1,power,100.0,1.0,inf,69,20022189,True,4,3,False,0,,-1.0,7.361541000001637,False,0,34.68708399999798,20.996375000002843
power_theta100_rho1,power,100.0,1.0,inf,71,20022191,True,3,2,False,0,,-1.0,8.974915999999666,True,4,46.10124999999954,18.020583999998507
power_theta100_rho1,power,100.0,1.0,inf,68,20022188,True,5,4,True,1,708,222.5,15.513957999999661,True,8,46.82174999999944,22.957249999997487
power_theta100_rho1,power,100.0,1.0,inf,65,20022185,True,7,6,True,2,682;682,279.1666666666667,14.213875000002929,True,4,49.870540999997104,35.670583999994676
power_theta100_rho1,power,100.0,1.0,inf,73,20022193,True,2,1,False,0,,-1.0,8.071458000003418,True,5,47.319915999999296,14.531791999999655
power_theta100_rho1,power,100.0,1.0,inf,72,20022192,True,3,2,False,0,,-1.0,7.248875000001931,True,2,46.92133300000023,19.609625000001074
power_theta100_rho1,power,100.0,1.0,inf,70,20022190,True,8,7,False,0,,-1.0,8.634792000002278,True,7,45.865667000001054,36.344207999995604
power_theta100_rho1,power,100.0,1.0,inf,74,20022194,True,3,2,False,0,,-1.0,6.19470799999533,True,8,35.75662500000476,17.942624999996326
power_theta100_rho1,power,100.0,1.0,inf,75,20022195,True,4,3,False,0,,-1.0,8.396958999995263,True,7,34.46000000000282,23.046458999999686
power_theta100_rho1,power,100.0,1.0,inf,76,20022196,True,6,5,False,0,,-1.0,7.552750000002106,False,0,33.840374999996925,27.67895800000275
power_theta100_rho1,power,100.0,1.0,inf,78,20022198,True,2,1,False,0,,-1.0,8.580707999996662,True,8,31.60533399999821,15.079667000001962
power_theta100_rho1,power,100.0,1.0,inf,77,20022197,True,9,8,False,0,,-1.0,8.083708999997441,True,5,34.644708000001856,40.435958999999855
power_theta100_rho1,power,100.0,1.0,inf,83,20022203,True,2,1,False,0,,-1.0,8.124582999997187,False,0,42.23008299999975,15.457709000003206
power_theta100_rho1,power,100.0,1.0,inf,79,20022199,True,4,3,True,1,878,404.6666666666667,14.494958999996754,True,2,47.69895800000512,20.40099999999967
power_theta100_rho1,power,100.0,1.0,inf,82,20022202,True,4,3,False,0,,-1.0,7.70708299999967,False,0,48.2490419999948,23.000499999994872
power_theta100_rho1,power,100.0,1.0,inf,81,20022201,True,5,4,False,0,,-1.0,7.9828329999998004,False,0,53.10000000000059,26.857249999999055
power_theta100_rho1,power,100.0,1.0,inf,80,20022200,True,7,6,False,0,,-1.0,6.054374999997947,False,0,52.128666999998075,32.996666000002506
power_theta100_rho1,power,100.0,1.0,inf,84,20022204,True,2,1,False,0,,-1.0,6.62816700000235,True,1,51.08370800000017,14.227584000003901
power_theta100_rho1,power,100.0,1.0,inf,85,20022205,True,3,2,False,0,,-1.0,6.5636249999982965,False,0,40.46729200000243,17.91012500000022
power_theta100_rho1,power,100.0,1.0,inf,87,20022207,True,3,2,False,0,,-1.0,9.193832999997653,False,0,32.7920000000006,16.97874999999982
power_theta100_rho1,power,100.0,1.0,inf,86,20022206,True,6,5,True,1,400,205.2,15.822917000001269,True,5,37.77954099999903,30.34925000000044
power_theta100_rho1,power,100.0,1.0,inf,88,20022208,True,3,2,False,0,,-1.0,7.393333999999641,False,0,32.707166999998094,18.747709000003
power_theta100_rho1,power,100.0,1.0,inf,89,20022209,True,2,1,False,0,,-1.0,9.255541000001699,False,0,33.74595800000435,14.086249999998302
power_theta100_rho1,power,100.0,1.0,inf,91,20022211,True,2,1,False,0,,-1.0,8.748541999999304,False,0,31.306333999999936,13.819292000000871
power_theta100_rho1,power,100.0,1.0,inf,92,20022212,True,3,2,False,0,,-1.0,7.928875000004609,False,0,39.16724999999843,17.193333000001587
power_theta100_rho1,power,100.0,1.0,inf,94,20022214,True,3,2,False,0,,-1.0,8.77345800000029,False,0,41.504165999995735,17.45320800000627
power_theta100_rho1,power,100.0,1.0,inf,90,20022210,True,4,3,True,1,608,228.66666666666666,16.4580830000034,True,2,40.921042000000796,20.19808300000392
power_theta100_rho1,power,100.0,1.0,inf,95,20022215,True,4,3,False,0,,-1.0,6.9753750000032255,False,0,44.53749999999701,21.609999999995466
power_theta100_rho1,power,100.0,1.0,inf,96,20022216,True,2,1,False,0,,-1.0,7.8027500000033,False,0,36.017499999999814,17.704500000000678
power_theta100_rho1,power,100.0,1.0,inf,93,20022213,True,6,5,True,2,742;478,71.2,17.482540999999685,True,4,40.44341699999876,30.765707999997005
power_theta100_rho1,power,100.0,1.0,inf,97,20022217,True,3,2,False,0,,-1.0,8.25087499999455,True,1,33.46862499999759,20.301500000002193
power_theta100_rho1,power,100.0,1.0,inf,98,20022218,True,5,4,True,2,812;812,234.0,14.086333000001616,True,1,31.327500000003283,25.94233300000326
power_theta100_rho1,power,100.0,1.0,inf,99,20022219,True,5,4,False,0,,-1.0,9.940709000005654,False,0,29.500542000000962,25.737915999997085
power_theta100_rho4,power,100.0,4.0,inf,0,20023120,True,12,11,False,0,,-1.0,8.087957999997286,True,9,32.66954200000072,57.007875000003594
power_theta100_rho4,power,100.0,4.0,inf,3,20023123,True,8,7,False,0,,-1.0,6.882666999999287,True,1,34.84233399999681,36.49037499999963
power_theta100_rho4,power,100.0,4.0,inf,5,20023125,True,10,9,False,0,,-1.0,8.129042000000197,True,6,32.8847499999938,45.20704200000125
power_theta100_rho4,power,100.0,4.0,inf,4,20023124,True,11,10,True,3,191;565;565,81.1,14.304624999994076,True,10,34.75150000000582,46.129333000003214
power_theta100_rho4,power,100.0,4.0,inf,9,20023129,True,10,9,False,0,,-1.0,9.95454199999557,False,0,30.665417000001582,43.50891699999693
power_theta100_rho4,power,100.0,4.0,inf,6,20023126,True,14,13,False,0,,-1.0,9.388457999996547,True,2,36.27279199999833,69.43874999999622
power_theta100_rho4,power,100.0,4.0,inf,7,20023127,True,14,13,True,1,757,361.53846153846155,14.929584000000773,True,10,42.446666000003574,66.2222499999956
power_theta100_rho4,power,100.0,4.0,inf,8,20023128,True,13,12,True,3,507;552;858,101.66666666666667,15.138125000000002,True,10,40.849749999999574,63.6656670000022
power_theta100_rho4,power,100.0,4.0,inf,2,20023122,True,18,17,True,1,393,307.94117647058823,13.728125000000091,True,7,37.78845899999794,98.41791699999902
power_theta100_rho4,power,100.0,4.0,inf,1,20023121,True,18,17,True,3,505;734;296,108.11764705882354,18.32812500000358,True,10,39.11683300000135,111.6432500000002
power_theta100_rho4,power,100.0,4.0,inf,11,20023131,True,10,9,False,0,,-1.0,8.142584000005115,True,8,31.107249999998032,46.56741700000566
power_theta100_rho4,power,100.0,4.0,inf,14,20023134,True,6,5,False,0,,-1.0,8.171332999999947,True,5,31.53050000000235,31.412583000005156
power_theta100_rho4,power,100.0,4.0,inf,12,20023132,True,12,11,True,2,433;686,119.81818181818181,13.621041999996919,True,10,35.087750000002416,56.8950839999971
power_theta100_rho4,power,100.0,4.0,inf,13,20023133,True,12,11,True,1,566,292.45454545454544,12.37233299999474,True,8,34.44566599999632,55.62208300000293
power_theta100_rho4,power,100.0,4.0,inf,10,20023130,True,17,16,True,2,729;540,190.75,13.048875000002624,True,5,37.85883300000137,95.41945800000207
power_theta100_rho4,power,100.0,4.0,inf,15,20023135,True,8,7,False,0,,-1.0,8.492416999999364,False,0,42.01404199999814,45.222791999997014
power_theta100_rho4,power,100.0,4.0,inf,19,20023139,True,4,3,False,0,,-1.0,10.261584000005541,True,4,38.27900000000284,26.135957999997572
power_theta100_rho4,power,100.0,4.0,inf,20,20023140,True,6,5,False,0,,-1.0,8.764999999996803,False,0,30.83279199999822,30.35325000000455
power_theta100_rho4,power,100.0,4.0,inf,17,20023137,True,11,10,True,1,279,402.9,11.79358299999933,True,7,30.695416999996894,53.05508299999673
power_theta100_rho4,power,100.0,4.0,inf,21,20023141,True,6,5,False,0,,-1.0,8.820792000001632,False,0,29.091790999999034,30.191708000003814
power_theta100_rho4,power,100.0,4.0,inf,16,20023136,True,18,17,True,2,604;532,200.05882352941177,12.497416999998734,True,10,33.67866700000377,103.6884580000006
power_theta100_rho4,power,100.0,4.0,inf,25,20023145,True,5,4,True,1,300,190.25,14.45033300000631,True,8,34.5138750000018,24.96312499999931
power_theta100_rho4,power,100.0,4.0,inf,26,20023146,True,6,5,False,0,,-1.0,8.4259589999931,True,9,36.972500000004516,29.596499999996695
power_theta100_rho4,power,100.0,4.0,inf,23,20023143,True,13,12,True,1,266,315.1666666666667,12.06629100000356,True,6,37.81566700000383,63.995124999998154
power_theta100_rho4,power,100.0,4.0,inf,22,20023142,True,16,15,False,0,,-1.0,8.513041000000499,True,10,33.42770900000147,81.38970799999612
power_theta100_rho4,power,100.0,4.0,inf,24,20023144,True,17,16,True,2,687;234,132.5,14.654917000001433,True,6,35.09304100000321,92.71562499999675
power_theta100_rho4,power,100.0,4.0,inf,18,20023138,True,29,28,False,0,,-1.0,7.6258329999987495,True,7,39.12283400000405,167.71162499999548
power_theta100_rho4,power,100.0,4.0,inf,27,20023147,True,18,17,True,2,483;160,182.58823529411765,13.373624999999834,True,6,31.746875000003172,99.12691699999954
power_theta100_rho4,power,100.0,4.0,inf,32,20023152,True,9,8,True,2,750;582,48.25,18.320041999999148,True,5,36.95654199999865,41.31900000000144
power_theta100_rho4,power,100.0,4.0,inf,29,20023149,True,18,17,False,0,,-1.0,6.913125000004072,True,10,46.137791999996125,104.63145799999296
power_theta100_rho4,power,100.0,4.0,inf,28,20023148,True,21,20,True,4,439;848;645;840,128.05,14.994667000003403,True,9,46.89208399999956,126.90312499999834
power_theta100_rho4,power,100.0,4.0,inf,30,20023150,True,17,16,True,1,290,189.9375,11.876000000000886,True,10,54.66320800000091,88.5012500000002
power_theta100_rho4,power,100.0,4.0,inf,33,20023153,True,15,14,False,0,,-1.0,7.318333000000621,True,3,45.0171250000011,77.56262499999877
power_theta100_rho4,power,100.0,4.0,inf,31,20023151,True,17,16,True,1,431,242.0,13.627542000001824,True,2,48.411000000001536,85.56841700000462
power_theta100_rho4,power,100.0,4.0,inf,34,20023154,True,16,15,True,4,750;332;84;878,77.73333333333333,17.268583000003446,True,10,45.304291000000774,74.52533300000397
power_theta100_rho4,power,100.0,4.0,inf,37,20023157,True,6,5,False,0,,-1.0,6.083750000001942,True,1,43.382125000000826,29.30416699999938
power_theta100_rho4,power,100.0,4.0,inf,35,20023155,True,11,10,True,1,672,217.7,11.511499999997454,True,3,41.05750000000086,52.99049999999994
power_theta100_rho4,power,100.0,4.0,inf,36,20023156,True,9,8,False,0,,-1.0,9.907375000004492,True,1,46.097666999997955,41.411750000001746
power_theta100_rho4,power,100.0,4.0,inf,38,20023158,True,12,11,False,0,,-1.0,8.167207999996151,True,3,33.96095800000154,55.29687499999625
power_theta100_rho4,power,100.0,4.0,inf,39,20023159,True,13,12,True,2,740;498,146.91666666666666,12.279874999997276,True,4,39.76450000000398,60.334125000004235
power_theta50_rho64,power,50.0,64.0,inf,98,20020218,True,190,189,True,3,164;454;682,107.34391534391534,16.32350000000571,True,5,35.744541999996216,3110.1477919999993
power_theta100_rho4,power,100.0,4.0,inf,41,20023161,True,13,12,False,0,,-1.0,7.212750000000767,False,0,37.781667000004404,59.18687500000175
power_theta100_rho4,power,100.0,4.0,inf,42,20023162,True,12,11,True,3,874;750;709,190.27272727272728,13.870958999994798,True,10,42.10291700000113,51.85145800000157
power_theta100_rho4,power,100.0,4.0,inf,46,20023166,True,7,6,True,2,412;412,211.0,14.191374999995787,True,6,41.03575000000603,31.470249999998146
power_theta100_rho4,power,100.0,4.0,inf,43,20023163,True,13,12,True,1,649,177.08333333333334,12.298041999997622,True,5,39.756040999996856,62.623583000004146
power_theta100_rho4,power,100.0,4.0,inf,44,20023164,True,13,12,True,3,288;604;604,124.16666666666667,17.26333300000249,True,10,46.321458000001314,59.10187500000319
power_theta100_rho4,power,100.0,4.0,inf,47,20023167,True,12,11,True,4,360;481;317;481,170.63636363636363,13.231916999998816,True,9,45.21341700000647,55.15595800000028
power_theta100_rho4,power,100.0,4.0,inf,45,20023165,True,15,14,False,0,,-1.0,8.075249999997425,True,9,49.72179100000318,69.1716669999991
power_theta100_rho4,power,100.0,4.0,inf,48,20023168,True,8,7,False,0,,-1.0,7.925874999997973,True,2,37.20333300000078,37.164875000001985
power_theta100_rho4,power,100.0,4.0,inf,40,20023160,True,23,22,True,2,454;821,170.36363636363637,16.151999999998168,True,10,41.68241700000408,123.96650000000164
power_theta100_rho4,power,100.0,4.0,inf,51,20023171,True,4,3,False,0,,-1.0,8.676000000001238,False,0,36.7446249999972,20.122708000002376
power_theta100_rho4,power,100.0,4.0,inf,49,20023169,True,7,6,True,1,691,231.66666666666666,11.949457999996582,True,4,39.21749999999946,33.333208999998476
power_theta100_rho4,power,100.0,4.0,inf,50,20023170,True,12,11,False,0,,-1.0,8.601375000004907,True,10,38.49629100000129,63.075583999996354
power_theta100_rho4,power,100.0,4.0,inf,54,20023174,True,8,7,True,1,564,258.42857142857144,11.98587500000059,True,6,38.48258299999685,37.899916999997174
power_theta100_rho4,power,100.0,4.0,inf,56,20023176,True,10,9,False,0,,-1.0,8.395832999994468,False,0,41.11383400000079,38.610957999999584
power_theta100_rho4,power,100.0,4.0,inf,57,20023177,True,8,7,False,0,,-1.0,7.832208000003504,True,6,50.46362500000612,40.14208299999922
power_theta100_rho4,power,100.0,4.0,inf,52,20023172,True,13,12,True,2,268;732,146.0,14.210000000005607,True,8,47.66575000000017,63.69962499999815
power_theta100_rho4,power,100.0,4.0,inf,58,20023178,True,8,7,False,0,,-1.0,8.519541999994829,True,9,45.91133299999939,40.728292000004274
power_theta100_rho4,power,100.0,4.0,inf,53,20023173,True,16,15,True,3,472;666;464,126.46666666666667,17.39937500000366,True,7,44.341125000002535,81.5502079999959
power_theta100_rho4,power,100.0,4.0,inf,61,20023181,True,6,5,True,4,427;815;300;432,39.4,13.099375000003022,True,5,65.43624999999764,30.247791000000745
power_theta100_rho4,power,100.0,4.0,inf,55,20023175,True,13,12,True,4,314;806;320;453,92.33333333333333,19.221291999997447,True,8,72.27337499999464,65.21895899999919
power_theta100_rho4,power,100.0,4.0,inf,60,20023180,True,8,7,True,1,515,214.14285714285714,15.800166999994758,True,10,56.94833300000113,37.670875000003434
power_theta100_rho4,power,100.0,4.0,inf,59,20023179,True,13,12,True,1,614,198.66666666666666,14.902040999999144,True,7,64.52229199999948,61.657374999995795
power_theta100_rho4,power,100.0,4.0,inf,64,20023184,True,2,1,False,0,,-1.0,10.433542000001239,False,0,88.8815830000027,14.088207999996882
power_theta100_rho4,power,100.0,4.0,inf,65,20023185,True,6,5,False,0,,-1.0,6.7032079999975736,False,0,61.578375000003405,36.8799580000001
power_theta100_rho4,power,100.0,4.0,inf,62,20023182,True,12,11,True,1,740,299.54545454545456,17.829167000002144,True,6,73.61037499999412,61.45512500000194
power_theta100_rho4,power,100.0,4.0,inf,63,20023183,True,16,15,True,2,462;630,178.86666666666667,11.96537500000261,True,10,49.540125000000046,84.51050000000038
power_theta100_rho4,power,100.0,4.0,inf,69,20023189,True,5,4,False,0,,-1.0,7.8427919999981555,False,0,84.26258400000108,26.58520900000383
power_theta100_rho4,power,100.0,4.0,inf,68,20023188,True,12,11,False,0,,-1.0,7.557959000003223,False,0,55.89891700000038,55.249957999997434
power_theta100_rho4,power,100.0,4.0,inf,66,20023186,True,17,16,True,3,396;279;396,235.6875,13.16366600000407,True,9,193.96962500000114,82.63691700000209
power_theta100_rho4,power,100.0,4.0,inf,67,20023187,True,15,14,True,4,828;496;568;723,198.28571428571428,15.628209000006166,True,5,240.52091600000125,80.56954099999558
power_theta100_rho4,power,100.0,4.0,inf,72,20023192,True,18,17,True,2,323;334,267.88235294117646,25.10949999999923,True,4,182.50179099999997,96.82445800000039
power_theta100_rho4,power,100.0,4.0,inf,70,20023190,True,8,7,True,5,562;562;302;557;334,160.71428571428572,14.64012499999967,True,3,286.6980840000011,36.91787500000032
power_theta100_rho4,power,100.0,4.0,inf,75,20023195,True,8,7,False,0,,-1.0,7.954583000000071,False,0,256.6420830000027,32.44845800000462
power_theta100_rho4,power,100.0,4.0,inf,74,20023194,True,16,15,False,0,,-1.0,5.898334000001171,True,5,211.40708299999744,79.92991700000118
power_theta100_rho4,power,100.0,4.0,inf,71,20023191,True,22,21,True,3,344;508;356,226.61904761904762,16.954374999997412,True,8,185.11166699999393,141.17920900000058
power_theta100_rho4,power,100.0,4.0,inf,76,20023196,True,11,10,True,2,348;554,115.2,9.715291999995657,True,7,189.03033299999805,42.30487499999924
power_theta100_rho4,power,100.0,4.0,inf,73,20023193,True,12,11,False,0,,-1.0,5.024250000005281,True,4,244.83020799999622,61.52812499999527
power_theta100_rho4,power,100.0,4.0,inf,77,20023197,True,9,8,False,0,,-1.0,5.332708000004516,True,10,68.01491699999929,32.1632919999999
power_theta100_rho4,power,100.0,4.0,inf,78,20023198,True,10,9,False,0,,-1.0,5.6369590000002745,True,4,43.00708300000622,36.00616599999995
power_theta100_rho4,power,100.0,4.0,inf,79,20023199,True,7,6,False,0,,-1.0,7.200292000000275,False,0,37.54079200000149,27.348166999999535
power_theta100_rho4,power,100.0,4.0,inf,80,20023200,True,13,12,False,0,,-1.0,7.748624999997844,True,10,45.34150000000636,58.08383300000486
power_theta100_rho4,power,100.0,4.0,inf,83,20023203,True,7,6,True,1,277,201.5,13.75875000000093,True,7,44.984208999999,34.61954099999787
power_theta100_rho4,power,100.0,4.0,inf,85,20023205,True,4,3,True,2,442;467,242.0,13.47654199999937,True,5,48.440333999998586,21.946499999998537
power_theta100_rho4,power,100.0,4.0,inf,84,20023204,True,11,10,True,2,544;717,111.0,11.815749999996683,True,10,48.65841699999862,49.54974999999706
power_theta100_rho4,power,100.0,4.0,inf,82,20023202,True,12,11,True,1,254,326.8181818181818,11.2823750000004,True,5,48.92212499999715,59.15654199999665
power_theta100_rho4,power,100.0,4.0,inf,87,20023207,True,12,11,True,1,466,215.0909090909091,12.140332999997838,True,9,47.173749999998904,53.97354200000137
power_theta100_rho4,power,100.0,4.0,inf,90,20023210,True,11,10,False,0,,-1.0,6.609208000000422,False,0,41.74774999999897,41.49799999999715
power_theta100_rho4,power,100.0,4.0,inf,86,20023206,True,12,11,True,5,613;613;370;370;468,164.36363636363637,13.635125000000414,True,3,51.164499999998725,56.314582999995366
power_theta100_rho4,power,100.0,4.0,inf,88,20023208,True,15,14,True,3,660;660;396,126.42857142857143,11.762791999998967,True,10,49.00133299999965,76.20404200000053
power_theta100_rho4,power,100.0,4.0,inf,89,20023209,True,14,13,True,3,588;484;473,178.07692307692307,21.560792000002493,True,10,42.23370800000481,72.40616699999691
power_theta100_rho4,power,100.0,4.0,inf,81,20023201,True,21,20,True,2,130;640,175.8,16.275124999999946,True,10,46.592458999995756,114.63812499999904
power_theta100_rho4,power,100.0,4.0,inf,93,20023213,True,8,7,False,0,,-1.0,8.84066700000119,False,0,52.224249999994754,33.454084000005935
power_theta100_rho4,power,100.0,4.0,inf,94,20023214,True,12,11,True,3,610;664;226,105.36363636363636,15.492874999999628,True,10,54.1876250000044,59.666708000001734
power_theta100_rho4,power,100.0,4.0,inf,92,20023212,True,17,16,False,0,,-1.0,7.610333000002356,True,9,79.67387499999745,83.43275000000006
power_theta100_rho4,power,100.0,4.0,inf,98,20023218,True,10,9,True,2,344;129,212.0,15.06254099999893,True,10,70.42720900000177,43.71512500000563
power_theta100_rho4,power,100.0,4.0,inf,91,20023211,True,20,19,True,3,163;163;429,207.1578947368421,18.022207999997875,True,10,60.202416999999286,100.98670900000428
power_theta100_rho4,power,100.0,4.0,inf,95,20023215,True,14,13,False,0,,-1.0,8.616792000005091,True,2,71.13837500000386,66.30020800000125
power_theta100_rho4,power,100.0,4.0,inf,99,20023219,True,15,14,True,2,394;653,149.42857142857142,19.44695899999971,True,9,55.84595799999903,65.09916699999962
power_theta100_rho4,power,100.0,4.0,inf,97,20023217,True,15,14,False,0,,-1.0,6.978124999996282,False,0,53.07904200000024,109.93820800000265
power_theta100_rho4,power,100.0,4.0,inf,96,20023216,True,20,19,True,3,214;150;720,93.78947368421052,19.40291700000074,True,10,51.9452919999992,109.14733299999568
power_theta100_rho16,power,100.0,16.0,inf,7,20024127,True,31,30,True,3,790;706;370,106.93333333333334,15.580249999999296,True,8,45.97116599999396,180.4813749999994
power_theta100_rho16,power,100.0,16.0,inf,5,20024125,True,35,34,True,2,774;338,119.52941176470588,13.184125000002211,True,10,47.989166999997224,218.07258399999796
power_theta100_rho16,power,100.0,16.0,inf,1,20024121,True,46,45,True,3,180;565;416,141.55555555555554,15.132540999999833,True,10,43.86608300000461,342.9508329999962
power_theta100_rho16,power,100.0,16.0,inf,8,20024128,True,34,33,True,3,332;725;597,115.0,14.30599999999771,True,10,47.36491599999937,214.93462499999794
power_theta100_rho16,power,100.0,16.0,inf,0,20024120,True,45,44,True,5,754;567;371;516;144,69.47727272727273,14.357707999998581,True,7,50.339166999997076,368.8552919999992
power_theta100_rho16,power,100.0,16.0,inf,6,20024126,True,41,40,True,2,770;374,165.9,14.616500000002475,True,10,42.33033399999897,276.7153329999985
power_theta100_rho16,power,100.0,16.0,inf,9,20024129,True,37,36,False,0,,-1.0,8.453166999998984,True,5,34.07479199999841,256.56962499999736
power_theta50_rho64,power,50.0,64.0,inf,99,20020219,True,230,229,True,3,692;774;705,274.6026200873362,17.86045799999414,True,10,44.495124999997415,3996.2840839999953
power_theta100_rho16,power,100.0,16.0,inf,4,20024124,True,52,51,True,4,480;103;388;662,104.07843137254902,14.517957999998998,True,10,40.95825000000275,382.8646250000034
power_theta100_rho16,power,100.0,16.0,inf,2,20024122,True,58,57,True,4,530;530;148;160,148.19298245614036,18.177874999999233,True,10,35.72333299999997,448.48812499999724
power_theta100_rho16,power,100.0,16.0,inf,3,20024123,True,53,52,True,6,133;450;756;556;362;880,41.65384615384615,16.553250000001185,True,10,39.14916699999793,464.29895800000054
power_theta100_rho16,power,100.0,16.0,inf,10,20024130,True,55,54,True,2,258;486,169.90740740740742,15.714959000000306,True,9,37.82970899999327,430.12945899999977
power_theta100_rho16,power,100.0,16.0,inf,18,20024138,True,28,27,False,0,,-1.0,8.371957999997903,True,10,31.81333300000233,158.40320800000285
power_theta100_rho16,power,100.0,16.0,inf,12,20024132,True,43,42,True,2,548;218,104.73809523809524,17.228624999994224,True,9,37.73916699999802,302.4169999999984
power_theta100_rho16,power,100.0,16.0,inf,17,20024137,True,48,47,True,5,189;333;60;593;464,77.87234042553192,13.61737499999549,True,10,34.77354099999985,334.66529199999684
power_theta100_rho16,power,100.0,16.0,inf,11,20024131,True,55,54,True,3,182;555;654,110.96296296296296,15.61745899999778,True,10,35.735250000001884,439.7014580000018
power_theta100_rho16,power,100.0,16.0,inf,23,20024143,True,28,27,True,2,662;562,197.14814814814815,13.49050000000318,True,10,45.41220799999479,158.09991600000473
power_theta100_rho16,power,100.0,16.0,inf,16,20024136,True,50,49,True,5,774;678;296;678;434,80.6938775510204,13.022916000004159,True,10,41.27258300000136,391.91870899999515
power_theta100_rho16,power,100.0,16.0,inf,15,20024135,True,62,61,True,1,483,218.36065573770492,13.92154199999851,True,10,48.5706669999999,485.45454099999574
power_theta100_rho16,power,100.0,16.0,inf,22,20024142,True,42,41,False,0,,-1.0,7.941375000001472,True,10,38.658709000003455,293.31841700000183
power_theta100_rho16,power,100.0,16.0,inf,13,20024133,True,65,64,True,3,222;653;350,120.9375,15.857250000003376,True,10,39.873708000001784,538.5802090000027
power_theta100_rho16,power,100.0,16.0,inf,28,20024148,True,22,21,False,0,,-1.0,8.472667000006595,True,6,37.04974999999422,99.6239999999986
power_theta100_rho16,power,100.0,16.0,inf,19,20024139,True,57,56,True,6,854;92;298;440;696;628,45.42857142857143,14.147125000000926,True,10,40.16566700000368,488.2429999999971
power_theta100_rho16,power,100.0,16.0,inf,24,20024144,True,44,43,True,3,525;880;378,99.27906976744185,15.50787500000439,True,10,38.00908299999861,268.51045899999804
power_theta100_rho16,power,100.0,16.0,inf,20,20024140,True,58,57,False,0,,-1.0,8.10679199999953,True,10,44.00945799999789,494.41279199999855
power_theta100_rho16,power,100.0,16.0,inf,27,20024147,True,32,31,True,1,250,352.83870967741933,13.927082999998674,True,8,34.11779199999643,179.44333400000545
power_theta100_rho16,power,100.0,16.0,inf,30,20024150,True,27,26,False,0,,-1.0,7.860208000003865,True,2,35.706959000002314,158.86708299999697
power_theta100_rho16,power,100.0,16.0,inf,14,20024134,True,74,73,True,2,610;514,210.8904109589041,12.627791999996418,True,8,42.172874999998555,739.086583999999
power_theta100_rho16,power,100.0,16.0,inf,25,20024145,True,44,43,True,4,590;431;883;354,94.37209302325581,14.91287500000027,True,10,48.05233300000111,308.0929999999995
power_theta100_rho16,power,100.0,16.0,inf,32,20024152,True,32,31,False,0,,-1.0,8.584375000005195,True,8,44.27533399999817,204.28333299999935
power_theta100_rho16,power,100.0,16.0,inf,39,20024159,True,12,11,True,2,547;812,122.63636363636364,13.350040999995372,True,3,29.890749999999855,55.352999999996655
power_theta100_rho16,power,100.0,16.0,inf,29,20024149,True,43,42,True,4,384;468;270;174,159.97619047619048,17.84495800000485,True,10,34.01375000000684,310.0132909999971
power_theta100_rho16,power,100.0,16.0,inf,33,20024153,True,36,35,True,3,597;346;308,134.6,13.992500000000518,True,4,33.777416999996035,218.38195899999846
power_theta100_rho16,power,100.0,16.0,inf,31,20024151,True,45,44,True,1,708,267.4318181818182,12.510500000004754,True,10,35.361375000000805,318.5828339999972
power_theta100_rho16,power,100.0,16.0,inf,26,20024146,True,58,57,True,6,678;183;834;450;200;546,47.56140350877193,18.116583999997715,True,10,38.68654200000066,474.3473330000043
power_theta100_rho16,power,100.0,16.0,inf,35,20024155,True,39,38,True,4,754;892;676;484,111.92105263157895,13.773333999999693,True,10,42.66049999999666,266.15145800000306
power_theta100_rho16,power,100.0,16.0,inf,36,20024156,True,43,42,False,0,,-1.0,7.016040999999973,True,8,38.02200000000511,299.83670800000084
power_theta100_rho16,power,100.0,16.0,inf,37,20024157,True,33,32,True,4,634;321;248;362,97.875,20.92212499999846,True,10,49.49579200000187,205.2428329999998
power_theta100_rho16,power,100.0,16.0,inf,34,20024154,True,50,49,True,2,666;792,218.40816326530611,15.184042000001341,True,10,36.76679200000166,366.3111660000027
power_theta100_rho16,power,100.0,16.0,inf,38,20024158,True,37,36,True,4,704;320;686;326,166.86111111111111,14.261750000002849,True,10,37.66812499999617,249.35129200000006
power_theta100_rho16,power,100.0,16.0,inf,21,20024141,True,87,86,True,5,212;622;142;280;394,89.65116279069767,13.713333000005434,True,10,34.95791600000331,900.336583000005
power_theta100_rho16,power,100.0,16.0,inf,42,20024162,True,36,35,False,0,,-1.0,6.507124999998837,False,0,33.0990829999962,216.04045800000193
power_theta100_rho16,power,100.0,16.0,inf,45,20024165,True,32,31,True,2,650;493,143.16129032258064,13.736708000003262,True,10,32.66716600000308,189.78729200000544
power_theta100_rho16,power,100.0,16.0,inf,41,20024161,True,42,41,True,3,912;671;776,251.5609756097561,14.224209000005317,True,10,34.19262500000286,278.73300000000256
power_theta100_rho16,power,100.0,16.0,inf,43,20024163,True,43,42,True,1,572,326.3333333333333,13.198250000002076,True,9,31.62641600000171,294.40816600000375
power_theta100_rho16,power,100.0,16.0,inf,44,20024164,True,46,45,True,2,313;830,124.02222222222223,13.482166000002849,True,10,34.05841699999712,303.5115420000025
power_theta100_rho16,power,100.0,16.0,inf,46,20024166,True,37,36,True,6,699;750;188;540;922;363,45.27777777777778,18.687999999997373,True,10,34.77037499999369,251.86074999999875
power_theta100_rho16,power,100.0,16.0,inf,47,20024167,True,36,35,True,2,721;200,110.71428571428571,17.26420800000028,True,10,32.8473750000029,243.11579199999755
power_theta100_rho16,power,100.0,16.0,inf,52,20024172,True,27,26,True,3,276;450;278,134.8846153846154,14.34262499999761,True,8,31.393917000002602,148.1493750000027
power_theta100_rho16,power,100.0,16.0,inf,50,20024170,True,34,33,False,0,,-1.0,7.060541999997838,True,8,33.48708299999714,254.24741700000197
power_theta100_rho16,power,100.0,16.0,inf,55,20024175,True,20,19,True,2,756;561,135.26315789473685,14.622291000002008,True,9,28.173833000003867,101.87537499999877
power_theta100_rho16,power,100.0,16.0,inf,49,20024169,True,55,54,True,5,636;730;374;242;482,50.94444444444444,13.265375000003132,True,10,31.41145800000089,419.97591700000214
power_theta100_rho16,power,100.0,16.0,inf,48,20024168,True,53,52,True,4,900;824;620;812,143.40384615384616,14.364249999999856,True,10,39.67004200000446,455.02474999999976
power_theta100_rho16,power,100.0,16.0,inf,40,20024160,True,64,63,True,3,492;314;781,100.38095238095238,14.33620799999602,True,10,38.13308299999818,631.1836249999985
power_theta100_rho16,power,100.0,16.0,inf,56,20024176,True,36,35,False,0,,-1.0,8.859790999999007,True,8,37.24587500000354,251.18220899999955
power_theta100_rho16,power,100.0,16.0,inf,57,20024177,True,35,34,True,1,679,257.55882352941177,13.829958999998837,True,9,38.47654199999795,246.17191699999807
power_theta100_rho16,power,100.0,16.0,inf,58,20024178,True,35,34,True,3,569;749;448,85.70588235294117,13.684916999999075,True,10,37.4724999999998,216.8111659999994
power_theta100_rho16,power,100.0,16.0,inf,51,20024171,True,52,51,True,6,115;610;728;494;406;266,59.21568627450981,17.111541999994984,True,10,36.79637499999444,426.3786670000016
power_theta100_rho16,power,100.0,16.0,inf,53,20024173,True,46,45,True,6,528;816;266;628;266;520,88.04444444444445,13.912333999996918,True,10,31.957124999998143,364.15104200000314
power_theta100_rho16,power,100.0,16.0,inf,61,20024181,True,39,38,False,0,,-1.0,8.005791999998735,True,10,32.03158299999842,253.9242500000043
power_theta100_rho16,power,100.0,16.0,inf,59,20024179,True,45,44,True,3,855;814;284,108.13636363636364,14.321459000001369,True,10,31.441541999996048,357.1595840000015
power_theta100_rho16,power,100.0,16.0,inf,66,20024186,True,28,27,True,2,648;616,238.55555555555554,14.238165999998387,True,9,33.957833999998854,157.10254200000406
power_theta100_rho16,power,100.0,16.0,inf,54,20024174,True,70,69,True,2,296;166,324.6521739130435,14.640708000001723,True,10,34.88133399999782,596.8122499999993
power_theta100_rho16,power,100.0,16.0,inf,69,20024189,True,39,38,True,2,790;574,125.28947368421052,12.686375000001249,True,10,34.026208000000224,239.5658749999967
power_theta100_rho16,power,100.0,16.0,inf,60,20024180,True,58,57,True,5,390;455;522;742;857,95.0,16.653999999995506,True,10,37.995207999998115,475.01050000000333
power_theta100_rho16,power,100.0,16.0,inf,67,20024187,True,38,37,True,2,393;549,150.0,13.17379200000346,True,10,33.53712499999517,257.3485830000024
power_theta100_rho16,power,100.0,16.0,inf,65,20024185,True,50,49,True,5,162;638;514;549;909,73.38775510204081,18.920583999999963,True,10,35.70387499999583,346.8153750000056
power_theta100_rho16,power,100.0,16.0,inf,71,20024191,True,32,31,True,3,538;538;610,159.6451612903226,15.621625000001416,True,8,35.499084000001346,183.4525840000012
power_theta100_rho16,power,100.0,16.0,inf,64,20024184,True,56,55,True,1,492,293.09090909090907,12.700834000000327,True,9,32.42545799999874,433.9605839999976
power_theta100_rho16,power,100.0,16.0,inf,75,20024195,True,21,20,True,1,272,380.9,14.45125000000047,True,1,36.32262499999683,114.9315000000044
power_theta100_rho16,power,100.0,16.0,inf,63,20024183,True,53,52,True,4,454;656;838;114,59.73076923076923,17.69091599999939,True,10,41.624415999997666,477.3481249999989
power_theta100_rho16,power,100.0,16.0,inf,70,20024190,True,44,43,True,4,656;750;422;894,99.6046511627907,13.948499999997921,True,10,37.56908300000106,327.5695839999955
power_theta100_rho16,power,100.0,16.0,inf,73,20024193,True,36,35,True,3,223;348;564,113.8,13.088415999995107,True,10,37.19983399999904,240.8557080000051
power_theta100_rho16,power,100.0,16.0,inf,62,20024182,True,67,66,True,5,780;396;677;536;300,69.27272727272727,14.33079099999901,True,10,34.32712499999724,622.0137080000043
power_theta100_rho16,power,100.0,16.0,inf,68,20024188,True,67,66,True,5,611;723;808;564;434,78.65151515151516,16.890291000002833,True,10,34.08533399999669,608.5487500000042
power_theta100_rho16,power,100.0,16.0,inf,78,20024198,True,36,35,True,3,644;644;562,137.22857142857143,14.135125000002802,True,7,31.345125000001417,218.7959159999977
power_theta100_rho16,power,100.0,16.0,inf,74,20024194,True,42,41,True,1,420,229.21951219512195,12.323457999997345,True,10,30.119374999998172,336.35629200000494
power_theta100_rho16,power,100.0,16.0,inf,72,20024192,True,55,54,True,3,616;727;188,97.57407407407408,18.79091699999691,True,7,33.85816699999822,460.87608299999516
power_theta100_rho16,power,100.0,16.0,inf,76,20024196,True,50,49,True,2,648;334,148.3877551020408,14.258416000004104,True,10,34.02324999999706,371.5483339999963
power_theta100_rho16,power,100.0,16.0,inf,80,20024200,True,36,35,True,5,554;425;613;400;789,114.11428571428571,13.993458000001624,True,10,32.91875000000033,243.26087499999716
power_theta100_rho16,power,100.0,16.0,inf,77,20024197,True,47,46,True,3,315;554;772,107.69565217391305,16.61979200000019,True,8,30.062916999995082,348.83745800000554
power_theta100_rho16,power,100.0,16.0,inf,82,20024202,True,40,39,True,2,362;570,151.3846153846154,14.879499999999268,True,10,33.85270900000137,274.74258400000195
power_theta100_rho16,power,100.0,16.0,inf,81,20024201,True,48,47,True,1,296,273.6170212765957,14.036916000002009,True,10,40.057874999995136,342.850999999996
power_theta100_rho16,power,100.0,16.0,inf,83,20024203,True,39,38,True,6,530;790;414;304;872;664,52.26315789473684,15.35445799999735,True,10,40.630082999996375,267.76145899999904
power_theta100_rho16,power,100.0,16.0,inf,84,20024204,True,48,47,True,4,478;300;529;670,97.31914893617021,15.861291000000222,True,10,33.431958000001316,334.7132080000037
power_theta100_rho16,power,100.0,16.0,inf,90,20024210,True,38,37,True,2,290;172,263.5135135135135,15.15391699999924,True,9,33.092166999999506,249.98929099999856
power_theta100_rho16,power,100.0,16.0,inf,86,20024206,True,51,50,True,3,812;310;310,118.42,15.526999999998736,True,9,30.700124999995637,373.08045900000053
power_theta100_rho16,power,100.0,16.0,inf,92,20024212,True,36,35,True,1,204,292.4,12.2227500000065,True,5,29.90516699999546,232.44070899999514
power_theta100_rho16,power,100.0,16.0,inf,79,20024199,True,73,72,True,3,206;735;385,91.09722222222223,17.099375000000805,True,10,41.32262499999939,660.7077080000039
power_theta100_rho16,power,100.0,16.0,inf,85,20024205,True,51,50,True,4,331;648;91;492,93.92,17.584292000002222,True,10,38.1997080000005,429.0582080000007
power_theta100_rho16,power,100.0,16.0,inf,93,20024213,True,35,34,True,2,294;122,276.94117647058823,15.430916999996214,True,10,32.992750000005344,220.0202080000011
power_theta100_rho16,power,100.0,16.0,inf,91,20024211,True,45,44,True,4,423;296;755;548,95.38636363636364,15.384916000002136,True,10,34.442875000003426,330.9851250000051
power_theta100_rho16,power,100.0,16.0,inf,94,20024214,True,42,41,True,5,710;123;437;232;585,66.29268292682927,15.358833000000516,True,10,32.119375000000616,295.86175000000026
power_theta100_rho16,power,100.0,16.0,inf,95,20024215,True,34,33,True,3,95;188;789,112.42424242424242,15.416166000001397,True,10,31.252500000000794,206.10491700000466
power_theta100_rho16,power,100.0,16.0,inf,87,20024207,True,61,60,True,6,502;504;895;432;645;290,73.38333333333334,13.741666999997904,True,10,33.80299999999892,526.3747090000024
power_theta100_rho16,power,100.0,16.0,inf,88,20024208,True,68,67,True,4,732;244;466;479,82.01492537313433,13.818041999996922,True,10,36.80212500000124,616.0357079999983
power_theta100_rho16,power,100.0,16.0,inf,99,20024219,True,39,38,False,0,,-1.0,7.4917080000034275,True,8,32.08341700000261,222.5698749999978
power_theta100_rho16,power,100.0,16.0,inf,89,20024209,True,64,63,True,4,510;250;254;646,94.57142857142857,14.072708999997019,True,10,34.48312500000128,644.1341249999937
power_theta100_rho16,power,100.0,16.0,inf,96,20024216,True,44,43,True,4,604;241;130;724,66.79069767441861,14.953707999993071,True,10,31.894541999996306,313.76916600000015
power_theta100_rho16,power,100.0,16.0,inf,97,20024217,True,47,46,True,4,549;262;109;746,75.84782608695652,16.0636670000045,True,10,32.97341700000089,383.7560830000015
power_theta100_rho16,power,100.0,16.0,inf,98,20024218,True,68,67,True,4,780;556;535;886,182.02985074626866,16.14029099999925,True,10,59.45829200000219,713.0020840000029
power_theta100_rho64,power,100.0,64.0,inf,6,20025126,True,129,128,True,4,650;212;500;321,85.84375,12.730666999999585,True,10,38.454375000000596,1744.2194169999966
power_theta100_rho64,power,100.0,64.0,inf,5,20025125,True,153,152,True,4,604;334;826;455,91.99342105263158,13.313457999998946,True,10,31.852540999999235,2048.2082080000055
power_theta100_rho64,power,100.0,64.0,inf,1,20025121,True,158,157,True,3,324;516;227,161.40764331210192,14.661541999998917,True,10,30.463459000003468,2204.874375000003
power_theta100_rho64,power,100.0,64.0,inf,4,20025124,True,156,155,False,0,,-1.0,7.6536249999961115,True,10,31.64970800000333,2249.042374999995
power_theta100_rho64,power,100.0,64.0,inf,3,20025123,True,170,169,True,6,188;688;300;777;675;461,65.64497041420118,14.847707999997795,True,10,40.28220800000071,2447.1833750000014
power_theta100_rho64,power,100.0,64.0,inf,0,20025120,True,176,175,True,4,476;510;814;235,80.53714285714285,16.945666999994558,True,10,34.343292000002634,2558.015832999999
power_theta100_rho64,power,100.0,64.0,inf,9,20025129,True,151,150,True,5,390;629;548;184;828,53.14666666666667,17.412541999995312,True,10,33.53599999999801,2291.6261250000007
power_theta100_rho64,power,100.0,64.0,inf,8,20025128,True,159,158,True,5,732;128;570;386;854,48.69620253164557,13.70445899999595,True,10,32.97958299999948,2352.718624999994
power_theta100_rho64,power,100.0,64.0,inf,10,20025130,True,164,163,True,4,655;799;256;509,64.30061349693251,21.469457999998554,True,10,33.47945799999508,2484.3812500000054
power_theta100_rho64,power,100.0,64.0,inf,2,20025122,True,183,182,True,5,467;226;340;684;684,85.06593406593407,14.40258299999897,True,10,33.97908299999841,2938.7486250000024
power_theta100_rho64,power,100.0,64.0,inf,7,20025127,True,183,182,True,6,100;598;482;368;347;422,115.24725274725274,15.310374999998544,True,10,33.83262500000228,2708.969332999999
power_theta100_rho64,power,100.0,64.0,inf,11,20025131,True,190,189,True,8,884;770;600;110;600;232;416;448,39.58730158730159,14.918000000001541,True,10,33.00275000000141,2839.5093340000058
power_theta100_rho64,power,100.0,64.0,inf,12,20025132,True,131,130,True,6,404;335;578;834;747;298,81.77692307692308,13.884040999997183,True,10,43.3015420000018,1692.772374999997
power_theta100_rho64,power,100.0,64.0,inf,13,20025133,True,150,149,True,4,318;529;138;518,153.90604026845637,16.100167000004717,True,10,32.79045899999744,1944.6762079999971
power_theta100_rho64,power,100.0,64.0,inf,15,20025135,True,132,131,True,5,587;410;808;434;189,70.77099236641222,15.871459000003085,True,10,32.152249999995774,1767.093334000002
power_theta100_rho64,power,100.0,64.0,inf,14,20025134,True,159,158,True,4,567;154;722;378,81.0,15.06245800000272,True,10,32.61483299999668,2145.8452919999972
power_theta100_rho64,power,100.0,64.0,inf,18,20025138,True,141,140,True,4,542;276;424;736,62.628571428571426,14.293209000001639,True,10,30.241415999995525,1786.1513749999958
power_theta100_rho64,power,100.0,64.0,inf,17,20025137,True,142,141,True,3,620;702;354,135.56737588652481,12.917207999997515,True,10,31.942457999996066,1993.6837499999954
power_theta100_rho64,power,100.0,64.0,inf,22,20025142,True,140,139,True,4,522;498;580;666,189.25179856115108,17.27591599999556,True,10,30.964875000002223,1840.3627080000006
power_theta100_rho64,power,100.0,64.0,inf,21,20025141,True,139,138,True,3,117;412;522,166.2753623188406,15.78245799999678,True,10,35.58662500000054,1941.0597079999975
power_theta100_rho64,power,100.0,64.0,inf,23,20025143,True,120,119,True,3,594;523;686,217.45378151260505,14.314458000001196,True,10,32.03383400000348,1418.6844170000015
power_theta100_rho64,power,100.0,64.0,inf,19,20025139,True,201,200,True,6,838;550;704;224;138;358,45.93,18.573957999997504,True,10,33.692915999999684,3401.3798750000033
power_theta100_rho64,power,100.0,64.0,inf,16,20025136,True,208,207,True,7,564;474;854;348;192;792;252,46.35748792270532,17.27391699999714,True,10,34.900000000000375,3766.6205840000016
power_theta100_rho64,power,100.0,64.0,inf,25,20025145,True,153,152,False,0,,-1.0,8.27170800000232,True,10,32.11954100000014,2225.4309579999967
power_theta100_rho64,power,100.0,64.0,inf,27,20025147,True,154,153,True,5,541;880;176;672;310,55.967320261437905,21.185249999994937,True,10,32.536542000002555,2006.6458749999967
power_theta100_rho64,power,100.0,64.0,inf,20,20025140,True,218,217,True,7,718;460;354;814;860;270;112,42.105990783410135,14.028291999998999,True,10,35.090375000002894,3652.283125000004
power_theta100_rho64,power,100.0,64.0,inf,24,20025144,True,184,183,True,5,643;769;390;686;876,112.06010928961749,17.88991699999798,True,10,38.94679100000076,2839.695040999999
power_theta100_rho64,power,100.0,64.0,inf,26,20025146,True,167,166,True,4,749;354;536;781,93.16265060240964,16.864249999997583,True,10,32.584167000003106,2452.4206659999945
power_theta100_rho64,power,100.0,64.0,inf,28,20025148,True,168,167,True,2,714;629,241.51497005988023,12.911750000000666,True,7,31.538249999996992,2673.875292000005
power_theta100_rho64,power,100.0,64.0,inf,29,20025149,True,171,170,True,1,543,270.84705882352944,12.112999999999374,True,10,33.69058399999858,2705.339791000007
power_theta100_rho64,power,100.0,64.0,inf,32,20025152,True,168,167,True,4,841;712;916;499,139.38922155688624,19.062458999997034,True,9,35.162917000008065,2375.739874999994
power_theta100_rho64,power,100.0,64.0,inf,31,20025151,True,190,189,True,4,444;568;710;234,111.70899470899471,15.616999999991776,True,9,30.91437500000893,2876.9675420000026
power_theta100_rho64,power,100.0,64.0,inf,30,20025150,True,195,194,True,5,106;814;375;374;626,67.18556701030928,15.347708000007287,True,10,37.08425000000659,3309.839916999998
power_theta100_rho64,power,100.0,64.0,inf,39,20025159,True,142,141,True,5,236;127;766;506;408,63.751773049645394,14.925417000000607,True,10,30.174833000003787,1792.5486670000055
power_theta100_rho64,power,100.0,64.0,inf,40,20025160,True,123,122,True,4,803;503;904;270,80.09836065573771,16.24016699999231,True,9,35.434124999994765,1427.1912920000034
power_theta100_rho64,power,100.0,64.0,inf,37,20025157,True,156,155,True,4,780;657;446;269,79.45806451612903,12.66858299999285,True,10,33.13695800000005,2122.096749999997
power_theta100_rho64,power,100.0,64.0,inf,35,20025155,True,168,167,True,4,310;650;523;472,108.23952095808383,12.975000000011505,True,10,33.130209000006516,2292.8868329999973
power_theta100_rho64,power,100.0,64.0,inf,33,20025153,True,185,184,True,5,368;482;572;640;216,87.94021739130434,17.4237909999988,True,10,37.7040409999978,2890.5231669999976
power_theta100_rho64,power,100.0,64.0,inf,36,20025156,True,176,175,True,3,512;791;397,118.46285714285715,16.039040999999088,True,10,39.33304099999191,2693.0022500000064
power_theta100_rho64,power,100.0,64.0,inf,38,20025158,True,194,193,True,2,150;342,216.3523316062176,15.28745900000672,True,10,42.46249999999918,2977.115207999994
power_theta100_rho64,power,100.0,64.0,inf,34,20025154,True,197,196,True,6,354;294;736;615;132;518,55.316326530612244,16.33954199999721,True,10,33.779667000004565,3288.1396250000066
power_theta100_rho64,power,100.0,64.0,inf,42,20025162,True,162,161,True,3,780;578;546,166.65217391304347,17.460167000010074,True,10,35.41841699998827,2200.9358340000063
power_theta100_rho64,power,100.0,64.0,inf,41,20025161,True,167,166,True,4,246;162;452;746,87.25903614457832,22.089665999999397,True,10,33.53008299998805,2607.7572909999985
power_theta100_rho64,power,100.0,64.0,inf,49,20025169,True,138,137,True,7,818;764;921;457;554;445;180,50.87591240875913,22.882499999994366,True,10,31.45829199999639,1750.593500000008
power_theta100_rho64,power,100.0,64.0,inf,48,20025168,True,151,150,True,2,260;454,222.74,22.132999999996628,True,8,33.208625000000325,2196.751458999998
power_theta100_rho64,power,100.0,64.0,inf,44,20025164,True,182,181,True,2,410;200,228.060773480663,14.401249999991705,True,10,34.05958400000486,3024.241709000009
power_theta100_rho64,power,100.0,64.0,inf,43,20025163,True,196,195,True,4,318;530;677;806,96.13333333333334,20.511292000009007,True,10,35.48733299999185,3404.444749999996
power_theta100_rho64,power,100.0,64.0,inf,51,20025171,True,138,137,True,6,588;314;752;380;430;804,93.61313868613139,16.246709000000692,True,9,31.87124999999469,1855.1956669999895
power_theta100_rho64,power,100.0,64.0,inf,47,20025167,True,167,166,True,6,374;272;130;637;786;574,55.475903614457835,18.030166999992048,True,10,33.64408299999866,2802.776582999996
power_theta100_rho64,power,100.0,64.0,inf,46,20025166,True,185,184,True,4,654;215;425;654,100.17934782608695,15.933917000012343,True,10,34.30354200000352,3162.7129170000076
power_theta100_rho64,power,100.0,64.0,inf,50,20025170,True,169,168,True,5,251;87;812;260;567,64.93452380952381,14.598708000008287,True,10,33.39550000001168,2717.8352919999897
power_theta100_rho64,power,100.0,64.0,inf,45,20025165,True,220,219,True,7,124;375;720;600;866;172;401,46.534246575342465,13.183959000002687,True,8,32.81070800001373,4010.997666999998
power_theta100_rho64,power,100.0,64.0,inf,52,20025172,True,185,184,True,6,210;800;611;284;429;382,65.8913043478261,16.399165999999354,True,9,31.338583999996672,3055.7005000000004
power_theta100_rho64,power,100.0,64.0,inf,53,20025173,True,196,195,True,3,810;678;616,203.87692307692308,15.684375000006412,True,10,34.507958000006056,3307.0902500000016
power_theta100_rho64,power,100.0,64.0,inf,54,20025174,True,187,186,True,1,530,266.6182795698925,11.510209000007876,True,10,33.64670899999567,3353.8222499999933
power_theta100_rho64,power,100.0,64.0,inf,59,20025179,True,145,144,True,3,781;523;806,182.70138888888889,13.713207999998644,True,10,34.50508400000274,2009.794917000008
power_theta100_rho64,power,100.0,64.0,inf,60,20025180,True,145,144,True,2,351;351,283.43055555555554,13.871666000000005,True,8,35.25212499999952,2146.7919579999943
power_theta100_rho64,power,100.0,64.0,inf,58,20025178,True,169,168,True,4,468;101;338;714,76.44047619047619,15.68804200000784,True,10,35.63866700000062,2562.022290999991
power_theta100_rho64,power,100.0,64.0,inf,57,20025177,True,167,166,True,6,324;812;693;250;558;120,63.9277108433735,20.308041999996362,True,10,38.55679199999429,2774.4513750000124
power_theta100_rho64,power,100.0,64.0,inf,62,20025182,True,146,145,True,5,498;440;266;104;628,76.33103448275862,17.379875000003153,True,10,31.613208000010218,2124.2125830000023
power_theta100_rho64,power,100.0,64.0,inf,55,20025175,True,195,194,True,8,162;376;628;70;274;557;690;370,58.7680412371134,16.707707999998433,True,10,32.57487499999456,3391.5716249999973
power_theta100_rho64,power,100.0,64.0,inf,63,20025183,True,142,141,True,6,378;470;306;667;80;608,84.51063829787235,14.91154100000358,True,10,35.08933300000194,1963.3688339999935
power_theta100_rho64,power,100.0,64.0,inf,56,20025176,True,194,193,True,5,249;817;720;540;420,77.79274611398964,15.946041999995941,True,10,34.3117919999969,3562.3410830000066
power_theta100_rho64,power,100.0,64.0,inf,65,20025185,True,140,139,True,4,609;280;648;381,101.60431654676259,13.88129199999355,True,10,36.511541000010084,1966.367667
power_theta100_rho64,power,100.0,64.0,inf,67,20025187,True,138,137,True,5,719;584;798;384;298,99.94160583941606,16.75941699998873,True,10,37.24654099998759,1749.1115830000012
power_theta100_rho64,power,100.0,64.0,inf,69,20025189,True,119,118,True,2,228;350,264.06779661016947,13.665500000001884,True,9,30.1369170000072,1595.0505830000025
power_theta100_rho64,power,100.0,64.0,inf,71,20025191,True,132,131,True,5,816;240;616;533;616,75.80916030534351,14.225082999999472,True,7,32.34604200000035,1506.2560000000076
power_theta100_rho64,power,100.0,64.0,inf,61,20025181,True,212,211,True,5,746;160;458;360;574,73.70142180094787,21.76949999999067,True,10,32.696833999992236,3915.184625000009
power_theta100_rho64,power,100.0,64.0,inf,66,20025186,True,168,167,True,5,96;406;228;714;510,82.55688622754491,15.368167000005428,True,10,33.36479200000042,2375.7885830000023
power_theta100_rho64,power,100.0,64.0,inf,64,20025184,True,190,189,True,5,648;800;448;432;299,72.11640211640211,15.836165999999707,True,10,33.42341600000509,3215.072582999994
power_theta100_rho64,power,100.0,64.0,inf,72,20025192,True,144,143,True,2,676;733,250.72027972027973,12.626166999993416,True,10,35.17608299999608,1926.0782500000032
power_theta100_rho64,power,100.0,64.0,inf,70,20025190,True,152,151,True,4,429;609;904;806,124.89403973509934,18.991708000001495,True,10,31.008916999994085,2077.6710410000023
power_theta100_rho64,power,100.0,64.0,inf,73,20025193,True,165,164,True,1,213,331.4451219512195,13.221209000008116,True,10,35.16337499999622,2535.9946250000007
power_theta100_rho64,power,100.0,64.0,inf,74,20025194,True,168,167,True,4,418;236;384;533,121.80838323353294,13.149957999999629,True,10,33.31675000001155,2611.9197090000057
power_theta100_rho64,power,100.0,64.0,inf,76,20025196,True,151,150,True,3,756;572;312,114.25333333333333,19.237875000001736,True,9,39.761416999994026,2071.950209000008
power_theta100_rho64,power,100.0,64.0,inf,75,20025195,True,172,171,True,5,271;418;160;736;502,73.22222222222223,21.36425000000486,True,10,33.391749999992726,2573.1506249999966
power_theta100_rho64,power,100.0,64.0,inf,81,20025201,True,134,133,True,3,470;626;850,127.62406015037594,17.174500000010084,True,10,30.96554200000412,1678.7070410000097
power_theta100_rho64,power,100.0,64.0,inf,79,20025199,True,154,153,True,3,838;619;452,159.49019607843138,16.118458000008218,True,10,50.60616699999798,2237.0157920000083
power_theta100_rho64,power,100.0,64.0,inf,80,20025200,True,154,153,True,5,518;240;888;372;622,68.36601307189542,19.720792000001097,True,10,34.33079199999156,2228.11424999999
power_theta100_rho64,power,100.0,64.0,inf,78,20025198,True,169,168,True,6,275;910;708;626;468;708,56.535714285714285,16.688041999998404,True,10,34.55641700000456,2559.422791999992
power_theta100_rho64,power,100.0,64.0,inf,77,20025197,True,182,181,True,5,612;336;686;379;210,90.2707182320442,14.067541999992272,True,10,34.835125000000744,2683.364667000006
power_theta100_rho64,power,100.0,64.0,inf,68,20025188,True,226,225,True,5,447;710;482;616;857,120.48444444444445,15.283832999998026,True,10,33.593041000003154,4630.5188749999925
power_theta100_rho64,power,100.0,64.0,inf,83,20025203,True,152,151,True,2,893;740,262.07284768211923,14.673874999999725,True,10,31.634707999998568,2164.9991660000014
power_theta100_rho64,power,100.0,64.0,inf,85,20025205,True,109,108,False,0,,-1.0,8.84283300000277,True,9,31.446665999993684,1239.9462500000027
power_theta100_rho64,power,100.0,64.0,inf,82,20025202,True,164,163,True,4,425;110;250;350,180.20245398773005,14.241999999995869,True,10,35.81120799999837,2717.4866669999888
power_theta100_rho64,power,100.0,64.0,inf,84,20025204,True,141,140,True,6,768;219;582;808;846;199,81.73571428571428,16.130458000006342,True,10,33.20708299999353,1902.4332500000014
power_theta100_rho64,power,100.0,64.0,inf,90,20025210,True,120,119,True,5,442;610;69;776;290,53.05882352941177,24.27433299999393,True,10,33.91158300000541,1334.8418329999986
power_theta100_rho64,power,100.0,64.0,inf,87,20025207,True,134,133,True,4,526;845;270;594,91.98496240601504,17.065750000000435,True,10,32.25729199999705,1746.8409999999892
power_theta100_rho64,power,100.0,64.0,inf,86,20025206,True,164,163,True,5,516;153;294;808;684,52.86503067484663,17.039792000005605,True,10,35.10824999999329,2682.3567080000003
power_theta100_rho64,power,100.0,64.0,inf,94,20025214,True,136,135,True,5,406;472;656;276;630,104.85925925925926,14.882041000007007,True,10,31.873957999991376,1826.9939580000027
power_theta200_rho0,power,200.0,0.0,inf,0,20026120,False,1,0,False,0,,-1.0,8.250457999992022,False,0,37.86616600000059,2.5382499999864194
power_theta200_rho0,power,200.0,0.0,inf,1,20026121,False,1,0,False,0,,-1.0,8.342874999996752,False,0,34.061582999996176,2.8764999999992824
power_theta200_rho0,power,200.0,0.0,inf,2,20026122,False,1,0,False,0,,-1.0,8.174792000005482,False,0,33.07108399999947,3.013750000008031
power_theta200_rho0,power,200.0,0.0,inf,3,20026123,False,1,0,False,0,,-1.0,9.71700000000908,False,0,35.85566600000334,2.9329170000096383
power_theta200_rho0,power,200.0,0.0,inf,4,20026124,False,1,0,False,0,,-1.0,9.630583000003412,False,0,36.45920799999658,2.9015000000072177
power_theta200_rho0,power,200.0,0.0,inf,5,20026125,False,1,0,False,0,,-1.0,7.553416999996898,False,0,38.24516699999947,3.008082999997441
power_theta200_rho0,power,200.0,0.0,inf,6,20026126,False,1,0,False,0,,-1.0,7.911665999998263,False,0,29.577500000002033,2.655167000000347
power_theta200_rho0,power,200.0,0.0,inf,7,20026127,False,1,0,False,0,,-1.0,8.065874999999778,False,0,45.49974999999051,2.857999999989147
power_theta200_rho0,power,200.0,0.0,inf,8,20026128,False,1,0,False,0,,-1.0,7.943707999999106,False,0,50.19887500000664,2.910499999998706
power_theta200_rho0,power,200.0,0.0,inf,10,20026130,False,1,0,False,0,,-1.0,8.945417000006728,False,0,32.823250000006965,2.7118329999922253
power_theta200_rho0,power,200.0,0.0,inf,9,20026129,False,1,0,False,0,,-1.0,7.976083000002632,False,0,39.32420900000011,2.6867079999988164
power_theta200_rho0,power,200.0,0.0,inf,12,20026132,False,1,0,False,0,,-1.0,8.210582999993221,False,0,45.692750000000615,3.0114159999925505
power_theta200_rho0,power,200.0,0.0,inf,11,20026131,False,1,0,False,0,,-1.0,8.476000000001704,False,0,49.14666700000225,2.6755000000093787
power_theta100_rho64,power,100.0,64.0,inf,88,20025208,True,181,180,True,4,151;606;477;309,101.34444444444445,16.04445800001031,True,10,31.89958400000137,2843.053624999996
power_theta200_rho0,power,200.0,0.0,inf,14,20026134,False,1,0,False,0,,-1.0,7.4665420000030736,False,0,49.49941699999272,3.6558750000068585
power_theta200_rho0,power,200.0,0.0,inf,13,20026133,False,1,0,False,0,,-1.0,7.992624999999975,False,0,56.25020800000868,2.6929580000114584
power_theta200_rho0,power,200.0,0.0,inf,15,20026135,False,1,0,False,0,,-1.0,7.641374999991513,False,0,43.509291000006556,3.134583000004909
power_theta200_rho0,power,200.0,0.0,inf,16,20026136,False,1,0,False,0,,-1.0,7.636165999997502,False,0,33.536374999997065,2.511832999999797
power_theta200_rho0,power,200.0,0.0,inf,17,20026137,False,1,0,False,0,,-1.0,7.9248750000004975,False,0,35.15629199999637,3.4555419999975356
power_theta200_rho0,power,200.0,0.0,inf,18,20026138,False,1,0,False,0,,-1.0,7.986999999999966,False,0,33.162083999997094,3.1419580000005
power_theta100_rho64,power,100.0,64.0,inf,92,20025212,True,156,155,True,4,318;570;794;547,101.34838709677419,19.945041999989144,True,10,34.41404100000511,2427.8371249999964
power_theta200_rho0,power,200.0,0.0,inf,19,20026139,False,1,0,False,0,,-1.0,8.694916999999691,False,0,38.28854100000001,3.4714170000000877
power_theta200_rho0,power,200.0,0.0,inf,20,20026140,False,1,0,False,0,,-1.0,8.718125000001464,False,0,39.62554199999602,3.184292000000255
power_theta200_rho0,power,200.0,0.0,inf,21,20026141,False,1,0,False,0,,-1.0,7.3972080000004325,False,0,39.1683750000027,3.150875000002884
power_theta200_rho0,power,200.0,0.0,inf,22,20026142,False,1,0,False,0,,-1.0,8.189541999996663,False,0,34.206500000010465,2.986415999998826
power_theta200_rho0,power,200.0,0.0,inf,23,20026143,False,1,0,False,0,,-1.0,7.680917000001841,False,0,34.227749999999446,4.031625000010308
power_theta200_rho0,power,200.0,0.0,inf,24,20026144,False,1,0,False,0,,-1.0,8.502709000012487,False,0,33.3175840000024,2.8003750000067384
power_theta200_rho0,power,200.0,0.0,inf,25,20026145,False,1,0,False,0,,-1.0,7.724041999992437,False,0,36.778625000010834,3.006583999990653
power_theta200_rho0,power,200.0,0.0,inf,26,20026146,False,1,0,False,0,,-1.0,7.315166999987355,False,0,37.8377919999906,2.9274999999984175
power_theta200_rho0,power,200.0,0.0,inf,28,20026148,False,1,0,False,0,,-1.0,8.051915999999437,False,0,41.254166000001646,3.572415999997247
power_theta200_rho0,power,200.0,0.0,inf,27,20026147,False,1,0,False,0,,-1.0,8.752708999992365,False,0,46.35362500000895,3.4258750000049076
power_theta200_rho0,power,200.0,0.0,inf,29,20026149,False,1,0,False,0,,-1.0,8.813791999997989,False,0,42.37762500000031,2.9449589999899217
power_theta200_rho0,power,200.0,0.0,inf,30,20026150,False,1,0,False,0,,-1.0,7.797792000005188,False,0,36.44779200000414,3.1593340000029
power_theta200_rho0,power,200.0,0.0,inf,32,20026152,False,1,0,False,0,,-1.0,7.564665999993281,False,0,42.52962500000024,2.825125000001094
power_theta200_rho0,power,200.0,0.0,inf,31,20026151,False,1,0,False,0,,-1.0,7.903250000012463,False,0,45.278875000008156,3.3552499999984775
power_theta200_rho0,power,200.0,0.0,inf,33,20026153,False,1,0,False,0,,-1.0,7.972875000007207,False,0,44.789166000001046,2.717333000006761
power_theta200_rho0,power,200.0,0.0,inf,34,20026154,False,1,0,False,0,,-1.0,7.371125000005918,False,0,37.960792000006904,3.173458000006235
power_theta100_rho64,power,100.0,64.0,inf,97,20025217,True,140,139,True,3,628;774;383,127.20143884892086,14.687249999994378,True,10,35.88654100001065,1885.9919580000053
power_theta200_rho0,power,200.0,0.0,inf,35,20026155,False,1,0,False,0,,-1.0,10.50370899999109,False,0,45.25337500000148,3.3139160000104084
power_theta200_rho0,power,200.0,0.0,inf,36,20026156,False,1,0,False,0,,-1.0,9.029917000006549,False,0,47.53370900000675,3.6993749999965075
power_theta200_rho0,power,200.0,0.0,inf,37,20026157,False,1,0,False,0,,-1.0,10.39729099998965,False,0,48.06762500000161,3.418249999995737
power_theta200_rho0,power,200.0,0.0,inf,38,20026158,False,1,0,False,0,,-1.0,8.696499999999219,False,0,50.9617919999954,3.1706669999920223
power_theta100_rho64,power,100.0,64.0,inf,89,20025209,True,178,177,True,6,602;68;370;696;216;530,59.728813559322035,18.958374999996863,True,10,47.61179200001209,2915.6887909999937
power_theta200_rho0,power,200.0,0.0,inf,39,20026159,False,1,0,False,0,,-1.0,9.821666999997092,False,0,34.01624999999342,3.3044169999953965
power_theta200_rho0,power,200.0,0.0,inf,40,20026160,False,1,0,False,0,,-1.0,9.250249999993798,False,0,47.14170799999806,3.3159170000089944
power_theta200_rho0,power,200.0,0.0,inf,41,20026161,False,1,0,False,0,,-1.0,9.026375000004805,False,0,48.305916999993315,2.8730420000044887
power_theta200_rho0,power,200.0,0.0,inf,43,20026163,False,1,0,False,0,,-1.0,8.057875000005765,False,0,44.5800000000105,2.8184579999930293
power_theta200_rho0,power,200.0,0.0,inf,42,20026162,False,1,0,False,0,,-1.0,8.880375000003937,False,0,50.631333000012546,3.2331249999941747
power_theta200_rho0,power,200.0,0.0,inf,44,20026164,False,1,0,False,0,,-1.0,8.999500000001603,False,0,46.607624999992936,2.76295899999468
power_theta200_rho0,power,200.0,0.0,inf,45,20026165,False,1,0,False,0,,-1.0,7.63658399999656,False,0,43.08383400000082,3.100291999999172
power_theta200_rho0,power,200.0,0.0,inf,47,20026167,False,1,0,False,0,,-1.0,8.273500000001377,False,0,42.36500000000376,3.4764170000016748
power_theta200_rho0,power,200.0,0.0,inf,46,20026166,False,1,0,False,0,,-1.0,9.369874999990202,False,0,52.878625000005286,3.3649159999953326
power_theta200_rho0,power,200.0,0.0,inf,48,20026168,False,1,0,False,0,,-1.0,8.068374999993466,False,0,47.12929199999394,2.8677499999929523
power_theta200_rho0,power,200.0,0.0,inf,49,20026169,False,1,0,False,0,,-1.0,9.32487499999013,False,0,48.217750000006276,3.354500000000371
power_theta200_rho0,power,200.0,0.0,inf,50,20026170,False,1,0,False,0,,-1.0,9.333291999993776,False,0,46.28429200000994,3.2956670000032773
power_theta200_rho0,power,200.0,0.0,inf,51,20026171,False,1,0,False,0,,-1.0,7.826541999989445,False,0,42.85112500001276,3.178333000008138
power_theta200_rho0,power,200.0,0.0,inf,52,20026172,False,1,0,False,0,,-1.0,8.17924999999775,False,0,34.79124999999783,2.834124999992582
power_theta200_rho0,power,200.0,0.0,inf,53,20026173,False,1,0,False,0,,-1.0,8.292582999999354,False,0,41.61016700000175,3.164584000003856
power_theta200_rho0,power,200.0,0.0,inf,54,20026174,False,1,0,False,0,,-1.0,8.551334000003408,True,1,43.34866599999998,3.0317089999982727
power_theta200_rho0,power,200.0,0.0,inf,55,20026175,False,1,0,False,0,,-1.0,8.247416999992652,False,0,44.35966700000904,2.8767080000022816
power_theta200_rho0,power,200.0,0.0,inf,56,20026176,False,1,0,False,0,,-1.0,8.741541999995661,False,0,45.27870799999789,2.980540999999448
power_theta200_rho0,power,200.0,0.0,inf,57,20026177,False,1,0,False,0,,-1.0,8.449457999986976,False,0,41.23333299999388,3.2467500000024074
power_theta200_rho0,power,200.0,0.0,inf,58,20026178,False,1,0,False,0,,-1.0,8.901832999995918,False,0,33.8350829999996,2.88141600000813
power_theta200_rho0,power,200.0,0.0,inf,59,20026179,False,1,0,False,0,,-1.0,9.015624999989313,False,0,37.03262499999482,2.8905829999956723
power_theta200_rho0,power,200.0,0.0,inf,61,20026181,False,1,0,False,0,,-1.0,7.23162500000285,False,0,40.408833000000755,3.2601249999970605
power_theta200_rho0,power,200.0,0.0,inf,60,20026180,False,1,0,False,0,,-1.0,8.115500000002385,False,0,46.26429200000359,3.1536670000065214
power_theta200_rho0,power,200.0,0.0,inf,62,20026182,False,1,0,True,1,299,-1.0,14.376416999994035,False,0,41.632457999995154,2.8905000000065684
power_theta200_rho0,power,200.0,0.0,inf,63,20026183,False,1,0,False,0,,-1.0,8.963582999996333,False,0,49.229499999995596,2.8930000000002565
power_theta200_rho0,power,200.0,0.0,inf,64,20026184,False,1,0,False,0,,-1.0,8.323792000012986,False,0,38.209291000001144,3.030000000009636
power_theta200_rho0,power,200.0,0.0,inf,65,20026185,False,1,0,False,0,,-1.0,8.998708999996552,False,0,37.171583000002784,2.8422499999862794
power_theta200_rho0,power,200.0,0.0,inf,66,20026186,False,1,0,False,0,,-1.0,8.861166999992065,False,0,39.588041000001795,3.3679999999947086
power_theta200_rho0,power,200.0,0.0,inf,67,20026187,False,1,0,False,0,,-1.0,8.190958000000137,False,0,40.61783299999888,3.2695000000018126
power_theta200_rho0,power,200.0,0.0,inf,68,20026188,False,1,0,False,0,,-1.0,8.276625000007698,False,0,46.67249999999967,3.031208999999535
power_theta200_rho0,power,200.0,0.0,inf,70,20026190,False,1,0,False,0,,-1.0,8.16291699999283,False,0,34.60983300000464,2.652458000000024
power_theta200_rho0,power,200.0,0.0,inf,69,20026189,False,1,0,False,0,,-1.0,7.213875000005032,False,0,47.47333299999923,3.420167000001584
power_theta200_rho0,power,200.0,0.0,inf,71,20026191,False,1,0,False,0,,-1.0,8.571208000006436,False,0,38.21324999999831,2.938584000006017
power_theta200_rho0,power,200.0,0.0,inf,72,20026192,False,1,0,False,0,,-1.0,7.596582999994439,False,0,32.960875000000556,3.6200840000049084
power_theta200_rho0,power,200.0,0.0,inf,73,20026193,False,1,0,False,0,,-1.0,7.612041999990993,False,0,35.498500000002764,3.0169999999998254
power_theta200_rho0,power,200.0,0.0,inf,74,20026194,False,1,0,False,0,,-1.0,7.428749999988327,False,0,51.17666600000348,3.2053329999968128
power_theta200_rho0,power,200.0,0.0,inf,76,20026196,False,1,0,False,0,,-1.0,7.978499999993005,False,0,50.035041000001,2.835083999997323
power_theta200_rho0,power,200.0,0.0,inf,75,20026195,False,1,0,False,0,,-1.0,7.6614169999942305,False,0,51.76558300000522,2.9184170000036147
power_theta200_rho0,power,200.0,0.0,inf,77,20026197,False,1,0,False,0,,-1.0,7.8588330000002316,False,0,38.29675000000066,2.9034169999988535
power_theta200_rho0,power,200.0,0.0,inf,78,20026198,False,1,0,False,0,,-1.0,8.80791699999861,False,0,35.30683300000703,2.778708999997548
power_theta200_rho0,power,200.0,0.0,inf,79,20026199,False,1,0,False,0,,-1.0,8.649292000001196,False,0,36.2424579999896,3.301832999994758
power_theta200_rho0,power,200.0,0.0,inf,80,20026200,False,1,0,False,0,,-1.0,8.738167000004182,False,0,42.76320800001088,2.8764999999992824
power_theta200_rho0,power,200.0,0.0,inf,81,20026201,False,1,0,False,0,,-1.0,7.423250000002213,False,0,43.83566699999619,3.324040999999056
power_theta200_rho0,power,200.0,0.0,inf,82,20026202,False,1,0,False,0,,-1.0,9.140500000000884,False,0,44.94316599999593,3.1790829999920334
power_theta200_rho0,power,200.0,0.0,inf,83,20026203,False,1,0,False,0,,-1.0,7.712290999990046,False,0,49.22387499999559,3.10604099999523
power_theta200_rho0,power,200.0,0.0,inf,84,20026204,False,1,0,False,0,,-1.0,8.659707999996158,False,0,47.49574999999595,3.634957999992139
power_theta200_rho0,power,200.0,0.0,inf,85,20026205,False,1,0,False,0,,-1.0,7.918916999997805,False,0,38.21104100001094,2.7776249999931224
power_theta200_rho0,power,200.0,0.0,inf,86,20026206,False,1,0,False,0,,-1.0,8.4064589999997,False,0,37.33799999999121,3.1012500000002774
power_theta200_rho0,power,200.0,0.0,inf,87,20026207,False,1,0,False,0,,-1.0,10.303415999999288,False,0,36.43233299999338,3.0519580000003543
power_theta200_rho0,power,200.0,0.0,inf,88,20026208,False,1,0,False,0,,-1.0,9.379457999997953,False,0,48.911875000001714,3.2318749999973306
power_theta200_rho0,power,200.0,0.0,inf,89,20026209,False,1,0,False,0,,-1.0,7.919208000004119,False,0,50.68491699999811,3.6958749999911333
power_theta200_rho0,power,200.0,0.0,inf,91,20026211,False,1,0,False,0,,-1.0,8.481041999999661,False,0,44.866374999998015,2.8270410000033053
power_theta200_rho0,power,200.0,0.0,inf,90,20026210,False,1,0,False,0,,-1.0,7.745333999991999,False,0,47.76558399998976,3.2720419999918704
power_theta200_rho0,power,200.0,0.0,inf,93,20026213,False,1,0,False,0,,-1.0,8.418792000000508,False,0,35.95912499999088,2.6624580000031983
power_theta200_rho0,power,200.0,0.0,inf,92,20026212,False,1,0,False,0,,-1.0,8.957375000008483,False,0,40.53858400000365,3.6046250000083546
power_theta200_rho0,power,200.0,0.0,inf,94,20026214,False,1,0,False,0,,-1.0,7.928708000008555,False,0,38.61612500000433,3.0735830000026
power_theta200_rho0,power,200.0,0.0,inf,95,20026215,False,1,0,False,0,,-1.0,7.835124999999721,False,0,48.72058399999446,3.230917000010436
power_theta200_rho0,power,200.0,0.0,inf,96,20026216,False,1,0,False,0,,-1.0,7.594666999992228,False,0,50.73166699999376,2.8682079999953203
power_theta200_rho0,power,200.0,0.0,inf,97,20026217,False,1,0,False,0,,-1.0,8.833457999998018,False,0,48.630250000002206,2.6743330000016385
power_theta200_rho0,power,200.0,0.0,inf,98,20026218,False,1,0,False,0,,-1.0,7.728541000005862,False,0,37.51679200000524,3.0282910000067886
power_theta200_rho0,power,200.0,0.0,inf,99,20026219,False,1,0,False,0,,-1.0,8.1904580000014,False,0,37.98383299999841,2.9107499999980746
power_theta200_rho1,power,200.0,1.0,inf,0,20027120,True,5,4,True,1,272,311.75,13.975083000005384,False,0,39.178750000004925,28.236583999998288
power_theta100_rho64,power,100.0,64.0,inf,96,20025216,True,171,170,True,3,720;418;446,147.27058823529413,14.58812500000306,True,10,49.46070900000166,2656.343124999992
power_theta200_rho1,power,200.0,1.0,inf,5,20027125,False,1,0,False,0,,-1.0,8.49233400001026,False,0,52.98854099999062,12.751042000004986
power_theta200_rho1,power,200.0,1.0,inf,3,20027123,True,4,3,False,0,,-1.0,8.141457999997215,True,1,52.359582999997656,23.700167000001215
power_theta200_rho1,power,200.0,1.0,inf,4,20027124,True,4,3,False,0,,-1.0,7.98204200000896,False,0,47.96724999999924,22.836333000000764
power_theta200_rho1,power,200.0,1.0,inf,2,20027122,True,4,3,True,1,181,304.3333333333333,14.009250000000861,True,4,48.4721669999999,24.010624999988295
power_theta200_rho1,power,200.0,1.0,inf,1,20027121,True,6,5,False,0,,-1.0,8.395207999996046,False,0,39.457959000003484,74.90987500000301
power_theta200_rho1,power,200.0,1.0,inf,6,20027126,True,2,1,False,0,,-1.0,9.872624999999857,False,0,35.140791000003446,16.049916000000053
power_theta200_rho1,power,200.0,1.0,inf,11,20027131,False,1,0,False,0,,-1.0,7.611832999998569,False,0,36.719458999996846,12.14562500000227
power_theta100_rho64,power,100.0,64.0,inf,95,20025215,True,182,181,True,4,782;897;290;552,68.14364640883979,19.56149999999468,True,10,39.63199999999745,3185.776790999995
power_theta200_rho1,power,200.0,1.0,inf,8,20027128,True,4,3,False,0,,-1.0,11.684416999997893,False,0,41.362792000001036,23.518457999998077
power_theta200_rho1,power,200.0,1.0,inf,7,20027127,True,6,5,False,0,,-1.0,8.045999999993114,True,9,41.37224999999489,32.31554099998846
power_theta200_rho1,power,200.0,1.0,inf,10,20027130,True,5,4,False,0,,-1.0,7.418833000002678,True,10,44.50945899999681,28.222999999997
power_theta200_rho1,power,200.0,1.0,inf,13,20027133,True,2,1,False,0,,-1.0,8.094583000001876,False,0,40.65716700000621,15.693791000003898
power_theta200_rho1,power,200.0,1.0,inf,12,20027132,True,2,1,False,0,,-1.0,9.268000000005827,False,0,44.29825000001131,15.898167000003127
power_theta200_rho1,power,200.0,1.0,inf,9,20027129,True,10,9,False,0,,-1.0,9.073666999995567,True,9,43.76341600000444,56.003040999996756
power_theta200_rho1,power,200.0,1.0,inf,15,20027135,True,2,1,False,0,,-1.0,8.821959000002266,False,0,34.483459000000494,17.27699999999288
power_theta200_rho1,power,200.0,1.0,inf,14,20027134,True,3,2,True,2,478;478,119.0,15.385500000007823,True,2,37.32687499999088,21.516332999993892
power_theta200_rho1,power,200.0,1.0,inf,17,20027137,False,1,0,False,0,,-1.0,10.026249999995684,False,0,37.7668339999957,12.03341599999419
power_theta200_rho1,power,200.0,1.0,inf,18,20027138,True,3,2,False,0,,-1.0,8.10349999999005,False,0,34.54058299999474,18.467916999995282
power_theta200_rho1,power,200.0,1.0,inf,16,20027136,True,3,2,False,0,,-1.0,8.644709000009243,False,0,46.02883399999769,21.187500000010573
power_theta200_rho1,power,200.0,1.0,inf,19,20027139,True,2,1,False,0,,-1.0,8.32491600000651,False,0,31.84408299999575,15.058082999999556
power_theta200_rho1,power,200.0,1.0,inf,20,20027140,True,5,4,False,0,,-1.0,9.66554099998973,False,0,36.66683400000181,26.453958000004718
power_theta200_rho1,power,200.0,1.0,inf,21,20027141,True,3,2,False,0,,-1.0,10.17170900000508,False,0,32.51462500000457,19.224207999997134
power_theta200_rho1,power,200.0,1.0,inf,22,20027142,False,1,0,False,0,,-1.0,10.609999999999786,False,0,32.27437500000008,12.79583400000206
power_theta200_rho1,power,200.0,1.0,inf,24,20027144,True,2,1,False,0,,-1.0,7.710583000005045,False,0,34.23291699999709,14.585374999995793
power_theta200_rho1,power,200.0,1.0,inf,25,20027145,True,4,3,False,0,,-1.0,9.762167000005206,False,0,41.280458000002795,22.64066600000092
power_theta200_rho1,power,200.0,1.0,inf,26,20027146,True,2,1,True,1,270,4.0,13.422207999994384,True,2,40.87037499999724,16.548542000009547
power_theta200_rho1,power,200.0,1.0,inf,27,20027147,True,4,3,True,1,391,32.0,14.832624999996824,True,9,40.231665999996835,22.589125000010313
power_theta200_rho1,power,200.0,1.0,inf,23,20027143,True,6,5,True,1,388,86.4,13.438624999992044,True,10,45.599249999995095,32.30066599999759
power_theta200_rho1,power,200.0,1.0,inf,30,20027150,True,2,1,False,0,,-1.0,9.008584000000042,True,5,35.52725000000123,16.12362500000586
power_theta200_rho1,power,200.0,1.0,inf,29,20027149,True,3,2,True,2,762;412,62.5,20.218791999994323,True,7,43.8310000000115,19.242167000001587
power_theta200_rho1,power,200.0,1.0,inf,28,20027148,True,5,4,True,1,548,164.25,15.986417000007691,True,8,43.21033400000829,28.581166999998686
power_theta200_rho1,power,200.0,1.0,inf,31,20027151,True,6,5,False,0,,-1.0,8.52270800000099,True,5,40.36254099999326,31.660000000002242
power_theta200_rho1,power,200.0,1.0,inf,33,20027153,False,1,0,False,0,,-1.0,8.916458000001626,False,0,42.42225000000133,12.105750000003468
power_theta200_rho1,power,200.0,1.0,inf,32,20027152,True,2,1,False,0,,-1.0,7.378708000004508,False,0,46.42283399999769,17.20908299999735
power_theta200_rho1,power,200.0,1.0,inf,36,20027156,True,2,1,False,0,,-1.0,9.494875000001457,False,0,41.901500000008696,16.573833000009586
power_theta200_rho1,power,200.0,1.0,inf,34,20027154,True,4,3,False,0,,-1.0,8.509832999990863,False,0,44.21204099999443,24.690917000000923
power_theta200_rho1,power,200.0,1.0,inf,37,20027157,True,2,1,False,0,,-1.0,8.240916999994852,True,1,33.12466600000619,15.531667000004745
power_theta200_rho1,power,200.0,1.0,inf,38,20027158,True,6,5,False,0,,-1.0,7.531583000002229,False,0,43.54154199999982,31.637207999992256
power_theta200_rho1,power,200.0,1.0,inf,35,20027155,True,2,1,False,0,,-1.0,7.670541999999614,False,0,44.157249999997816,63.21487499999989
power_theta200_rho1,power,200.0,1.0,inf,39,20027159,False,1,0,False,0,,-1.0,8.384125000006293,False,0,47.777334000002725,12.411749999998278
power_theta200_rho1,power,200.0,1.0,inf,43,20027163,False,1,0,False,0,,-1.0,9.350500000010697,False,0,44.50345799999411,12.711542000005238
power_theta200_rho1,power,200.0,1.0,inf,41,20027161,True,6,5,False,0,,-1.0,8.119125000007443,False,0,48.75545800000225,34.12537500000212
power_theta200_rho1,power,200.0,1.0,inf,40,20027160,False,1,0,False,0,,-1.0,8.134708000000046,False,0,34.99816600000827,56.399750000011295
power_theta200_rho1,power,200.0,1.0,inf,46,20027166,False,1,0,False,0,,-1.0,8.626583000008736,False,0,37.0340409999983,12.01308299999937
power_theta200_rho1,power,200.0,1.0,inf,42,20027162,True,8,7,False,0,,-1.0,9.002791999989768,True,2,40.58191599999361,43.72554100000059
power_theta200_rho1,power,200.0,1.0,inf,47,20027167,True,2,1,False,0,,-1.0,7.474791999996455,False,0,45.73545799999579,14.559708000007276
power_theta200_rho1,power,200.0,1.0,inf,44,20027164,True,8,7,False,0,,-1.0,9.557541999996033,False,0,52.59912500000041,43.39616699999738
power_theta100_rho64,power,100.0,64.0,inf,98,20025218,True,164,163,True,4,750;483;860;339,88.61963190184049,24.439333999993096,True,10,41.7120409999967,2593.269625000005
power_theta200_rho1,power,200.0,1.0,inf,45,20027165,True,3,2,True,1,272,51.5,17.760084000002507,True,3,45.21658400000206,17.553458999998384
power_theta200_rho1,power,200.0,1.0,inf,49,20027169,True,3,2,True,1,722,31.0,15.485500000011143,True,4,41.769874999999956,21.385958999999843
power_theta200_rho1,power,200.0,1.0,inf,48,20027168,True,6,5,False,0,,-1.0,8.343249999995805,False,0,43.027374999994095,31.664582999994195
power_theta100_rho64,power,100.0,64.0,inf,93,20025213,True,206,205,True,4,904;780;244;610,73.8829268292683,19.593541999995523,True,10,42.64237499999979,3694.3067910000027
power_theta200_rho1,power,200.0,1.0,inf,50,20027170,True,4,3,True,1,636,131.66666666666666,15.187957999998503,True,6,43.12445799999409,24.302208999998243
power_theta200_rho1,power,200.0,1.0,inf,51,20027171,True,4,3,True,1,708,68.66666666666667,13.61429199999975,True,9,36.381915999996295,22.531582999988586
power_theta200_rho1,power,200.0,1.0,inf,53,20027173,True,2,1,True,2,364;393,5.0,14.350041000000147,True,3,39.322041999994894,15.490666999994573
power_theta200_rho1,power,200.0,1.0,inf,52,20027172,True,5,4,True,1,773,40.25,14.24758300001372,True,7,42.09566600000869,28.687292000000753
power_theta200_rho1,power,200.0,1.0,inf,54,20027174,True,7,6,False,0,,-1.0,8.853583999993475,False,0,49.107167000002505,34.55587499999524
power_theta200_rho1,power,200.0,1.0,inf,56,20027176,True,4,3,True,4,713;311;310;698,46.0,14.631457999996655,True,9,47.08437500001139,25.570250000001238
power_theta200_rho1,power,200.0,1.0,inf,57,20027177,True,3,2,False,0,,-1.0,7.8555409999978565,True,5,36.42891600000553,18.852249999994797
power_theta200_rho1,power,200.0,1.0,inf,60,20027180,True,3,2,False,0,,-1.0,8.60416700000144,False,0,51.03187499999251,19.018458000005012
power_theta200_rho1,power,200.0,1.0,inf,61,20027181,True,2,1,True,1,768,1.0,13.657666999989715,True,4,46.44029099999614,15.547291999993718
power_theta200_rho1,power,200.0,1.0,inf,58,20027178,True,3,2,True,1,441,214.5,15.500541999998063,True,5,53.26983400000529,20.071000000001504
power_theta200_rho1,power,200.0,1.0,inf,55,20027175,True,11,10,True,3,592;292;716,99.8,17.45091600000137,True,10,56.96899999999516,59.16816699999572
power_theta200_rho1,power,200.0,1.0,inf,59,20027179,True,3,2,True,1,338,305.0,14.37737499999514,True,6,56.02645799999095,20.36783299999456
power_theta200_rho1,power,200.0,1.0,inf,63,20027183,True,3,2,True,1,620,166.5,16.829250000000684,True,1,36.118999999999346,19.472084000000223
power_theta200_rho1,power,200.0,1.0,inf,65,20027185,False,1,0,False,0,,-1.0,10.163375000004748,False,0,50.25129199999867,13.718624999995654
power_theta200_rho1,power,200.0,1.0,inf,62,20027182,True,6,5,True,1,510,230.2,16.341917000005424,True,4,53.46916599999929,34.27516699998989
power_theta200_rho1,power,200.0,1.0,inf,66,20027186,False,1,0,False,0,,-1.0,9.29779199999814,False,0,49.20133299999918,13.011583999997356
power_theta200_rho1,power,200.0,1.0,inf,64,20027184,True,2,1,True,1,300,552.0,13.412916000007158,False,0,50.878166000003944,16.133374999995453
power_theta200_rho1,power,200.0,1.0,inf,67,20027187,False,1,0,False,0,,-1.0,8.639625000000706,False,0,37.35758300000214,12.043834000010634
power_theta200_rho1,power,200.0,1.0,inf,68,20027188,True,3,2,False,0,,-1.0,7.4385420000027125,False,0,46.60154200000477,18.44462500000077
power_theta200_rho1,power,200.0,1.0,inf,71,20027191,False,1,0,False,0,,-1.0,9.888625000002094,False,0,46.78120799999874,12.318790999998441
power_theta200_rho1,power,200.0,1.0,inf,72,20027192,True,2,1,False,0,,-1.0,8.518124999994825,False,0,46.86162500000535,16.11774999999227
power_theta200_rho1,power,200.0,1.0,inf,69,20027189,True,3,2,True,1,529,264.5,13.45154199999854,True,6,54.055540999996765,20.689500000003136
power_theta200_rho1,power,200.0,1.0,inf,70,20027190,True,6,5,False,0,,-1.0,7.634167000006187,True,8,47.323334000012096,34.40254200000936
power_theta200_rho1,power,200.0,1.0,inf,73,20027193,True,2,1,False,0,,-1.0,8.147458999999913,False,0,40.40833300000202,15.267791999988845
power_theta200_rho1,power,200.0,1.0,inf,76,20027196,True,4,3,False,0,,-1.0,8.067124999996622,False,0,44.28045800000291,24.23849999999561
power_theta200_rho1,power,200.0,1.0,inf,77,20027197,True,2,1,False,0,,-1.0,9.117166999999426,True,6,40.02820899999904,14.53158299999302
power_theta200_rho1,power,200.0,1.0,inf,74,20027194,True,7,6,True,1,625,276.6666666666667,15.32100000000014,True,5,39.095459000009214,36.203708000002166
power_theta200_rho1,power,200.0,1.0,inf,78,20027198,True,2,1,False,0,,-1.0,8.015749999998434,True,3,47.206333999994854,15.603749999996808
power_theta200_rho1,power,200.0,1.0,inf,75,20027195,True,7,6,True,2,724;724,189.0,16.141916999998784,True,5,46.67070800000772,40.83937500000445
power_theta200_rho1,power,200.0,1.0,inf,79,20027199,True,5,4,False,0,,-1.0,8.555499999999938,False,0,45.06254200001081,29.088874999999348
power_theta200_rho1,power,200.0,1.0,inf,81,20027201,True,2,1,False,0,,-1.0,7.415042000005201,False,0,45.645250000006854,16.011624999990204
power_theta200_rho1,power,200.0,1.0,inf,80,20027200,True,4,3,False,0,,-1.0,7.636040999997817,False,0,51.8264170000009,24.500750000001403
power_theta200_rho1,power,200.0,1.0,inf,82,20027202,True,3,2,False,0,,-1.0,10.068916999998123,True,1,38.88895800000114,20.873875000006592
power_theta200_rho1,power,200.0,1.0,inf,83,20027203,True,3,2,True,3,708;530;530,11.5,16.76029200000073,True,4,36.128833000006466,19.827708000008215
power_theta200_rho1,power,200.0,1.0,inf,86,20027206,True,4,3,False,0,,-1.0,10.88266600000054,True,6,53.57920900000579,23.836000000002855
power_theta200_rho1,power,200.0,1.0,inf,87,20027207,False,1,0,False,0,,-1.0,11.53450000001044,False,0,53.851166999990596,12.034874999997669
power_theta200_rho1,power,200.0,1.0,inf,85,20027205,True,6,5,True,2,584;584,194.2,15.03433400000631,True,3,57.193459000004054,30.60324999999864
power_theta200_rho1,power,200.0,1.0,inf,88,20027208,True,3,2,False,0,,-1.0,8.749874999992358,False,0,54.63354200000481,20.8763329999897
power_theta200_rho1,power,200.0,1.0,inf,84,20027204,True,8,7,True,2,634;581,288.42857142857144,14.30358300000023,True,8,52.2305829999965,41.86045899999158
power_theta200_rho1,power,200.0,1.0,inf,92,20027212,False,1,0,False,0,,-1.0,8.35750000000246,False,0,44.20920799999806,13.525416999996764
power_theta200_rho1,power,200.0,1.0,inf,91,20027211,True,4,3,False,0,,-1.0,7.458041999996112,False,0,41.02783399999055,23.832209000005378
power_theta200_rho1,power,200.0,1.0,inf,89,20027209,True,5,4,True,2,494;598,215.5,16.70875000000649,True,5,41.97108300000707,29.274584000006598
power_theta200_rho1,power,200.0,1.0,inf,93,20027213,True,6,5,True,1,167,229.0,15.246834000009812,True,1,41.97020799999507,33.39574999999684
power_theta200_rho1,power,200.0,1.0,inf,90,20027210,True,5,4,False,0,,-1.0,8.218666999994184,False,0,52.33325000000377,78.68741600000817
power_theta200_rho1,power,200.0,1.0,inf,96,20027216,True,2,1,False,0,,-1.0,8.988250000001585,False,0,51.56316600000821,14.582208000007313
power_theta200_rho1,power,200.0,1.0,inf,98,20027218,True,3,2,False,0,,-1.0,8.280874999996968,False,0,52.995875000007686,20.099832999989076
power_theta200_rho1,power,200.0,1.0,inf,99,20027219,False,1,0,False,0,,-1.0,10.684041999994065,False,0,55.7562919999981,11.960958000003075
power_theta200_rho1,power,200.0,1.0,inf,94,20027214,True,4,3,True,4,362;428;590;428,14.333333333333334,14.612833999990471,True,10,57.24454100000287,23.856417000004626
power_theta200_rho1,power,200.0,1.0,inf,97,20027217,True,5,4,True,1,488,324.0,15.103582999998366,True,2,53.97300000001337,23.77529100000686
power_theta200_rho1,power,200.0,1.0,inf,95,20027215,True,6,5,True,2,120;477,116.4,17.784917000000178,True,10,50.4278749999969,32.956917000007024
power_theta200_rho4,power,200.0,4.0,inf,3,20028123,True,7,6,True,2,538;420,108.16666666666667,12.919042000007153,True,6,42.78029099999969,38.72424999998714
power_theta200_rho4,power,200.0,4.0,inf,1,20028121,True,14,13,True,2,450;450,259.0,13.049291999990942,True,10,46.92987500000356,92.46587499998782
power_theta200_rho4,power,200.0,4.0,inf,8,20028128,True,6,5,False,0,,-1.0,9.14008299999125,True,5,52.35795800000176,31.973915999998326
power_theta200_rho4,power,200.0,4.0,inf,7,20028127,True,6,5,True,1,366,320.0,15.141958000000955,True,1,53.59791599998687,32.49516700000754
power_theta100_rho64,power,100.0,64.0,inf,91,20025211,True,214,213,True,5,246;836;456;778;388,69.68075117370893,17.02891699999043,True,10,54.29966700000932,4367.504792000005
power_theta200_rho4,power,200.0,4.0,inf,0,20028120,True,24,23,True,3,624;454;148,90.3913043478261,21.002292000005696,True,10,219.31275000000028,156.3647499999945
power_theta200_rho4,power,200.0,4.0,inf,10,20028130,True,4,3,False,0,,-1.0,8.92762499999833,True,1,204.42820799999595,24.288249999997902
power_theta200_rho4,power,200.0,4.0,inf,6,20028126,True,19,18,False,0,,-1.0,8.851583999998525,True,4,207.67879200001005,114.66937499999119
power_theta200_rho4,power,200.0,4.0,inf,4,20028124,True,14,13,False,0,,-1.0,9.668499999989422,False,0,50.53408299998807,64.45062500000631
power_theta100_rho64,power,100.0,64.0,inf,99,20025219,True,175,174,True,6,299;170;478;708;542;822,51.31609195402299,15.756791999990583,True,10,183.84916600000167,3241.4248329999964
power_theta200_rho4,power,200.0,4.0,inf,13,20028133,True,9,8,False,0,,-1.0,7.952500000001805,True,3,298.12533300000155,42.96924999999874
power_theta200_rho4,power,200.0,4.0,inf,16,20028136,True,9,8,False,0,,-1.0,6.056958000002055,True,8,92.70595799999626,36.864292000004184
power_theta200_rho4,power,200.0,4.0,inf,17,20028137,True,8,7,False,0,,-1.0,5.867416000000958,True,10,95.04454199999657,29.723916999998323
power_theta200_rho4,power,200.0,4.0,inf,9,20028129,True,27,26,False,0,,-1.0,7.259083000008104,True,10,264.3099999999947,182.30808399999887
power_theta200_rho4,power,200.0,4.0,inf,11,20028131,True,15,14,True,3,586;692;333,112.14285714285714,13.453083000001698,True,10,278.5666250000105,81.27870799999926
power_theta200_rho4,power,200.0,4.0,inf,14,20028134,True,16,15,True,2,566;698,147.86666666666667,12.73925000000986,True,10,375.51662500000305,85.36462500001107
power_theta200_rho4,power,200.0,4.0,inf,5,20028125,True,9,8,True,2,396;734,162.125,17.067124999996963,True,6,489.3457920000088,88.6002919999953
power_theta200_rho4,power,200.0,4.0,inf,18,20028138,True,10,9,False,0,,-1.0,5.2177920000104905,True,8,105.89891699999043,33.89408300000696
power_theta200_rho4,power,200.0,4.0,inf,21,20028141,True,6,5,True,2,824;560,66.6,12.456750000012562,True,6,31.95358399999293,24.58004200001085
power_theta200_rho4,power,200.0,4.0,inf,19,20028139,True,10,9,False,0,,-1.0,9.42237499999976,True,6,33.382957999990026,40.19633400000089
power_theta200_rho4,power,200.0,4.0,inf,26,20028146,True,6,5,True,1,548,236.6,14.481040999996253,True,10,32.992792000001714,23.264124999997193
power_theta200_rho4,power,200.0,4.0,inf,27,20028147,True,6,5,True,1,614,163.2,10.85695800000508,True,1,32.32004200000915,27.9008330000039
power_theta200_rho4,power,200.0,4.0,inf,25,20028145,True,9,8,True,1,242,343.5,11.103875000003427,True,6,35.574250000010466,39.82629200000076
power_theta200_rho4,power,200.0,4.0,inf,2,20028122,True,16,15,True,2,829;800,369.8,16.723833000000354,True,7,55.698333999998795,91.37849999999048
power_theta200_rho4,power,200.0,4.0,inf,15,20028135,True,6,5,True,2,794;185,93.2,11.230959000002372,True,10,103.72795899999687,26.192832999996085
power_theta200_rho4,power,200.0,4.0,inf,24,20028144,True,18,17,True,1,813,259.47058823529414,12.397749999990992,True,5,44.47079199999848,82.21149999999966
power_theta200_rho4,power,200.0,4.0,inf,22,20028142,True,19,18,True,2,423;572,157.77777777777777,13.249999999999318,True,10,42.98004199999639,83.19854100000157
power_theta200_rho4,power,200.0,4.0,inf,29,20028149,True,7,6,False,0,,-1.0,6.62270800000897,True,1,30.321291999996447,28.832833999999252
power_theta200_rho4,power,200.0,4.0,inf,23,20028143,True,21,20,True,1,641,243.5,13.55779200000029,True,9,36.980083000003106,100.01858299999355
power_theta200_rho4,power,200.0,4.0,inf,31,20028151,True,5,4,False,0,,-1.0,7.9403749999897855,False,0,38.665125000008516,21.338708000001816
power_theta200_rho4,power,200.0,4.0,inf,30,20028150,True,8,7,False,0,,-1.0,7.909458999989738,True,8,43.15245799999445,31.03475000000344
power_theta200_rho4,power,200.0,4.0,inf,28,20028148,True,8,7,True,2,122;746,114.14285714285714,17.72054199999218,True,7,42.27891700000441,36.68412499999363
power_theta200_rho4,power,200.0,4.0,inf,34,20028154,True,4,3,True,1,386,261.0,14.32958299999143,True,3,39.81104199999663,20.30091700000014
power_theta200_rho4,power,200.0,4.0,inf,20,20028140,True,24,23,True,4,426;426;146;768,84.78260869565217,14.093750000000682,True,10,42.30062500000997,128.20979200000693
power_theta200_rho4,power,200.0,4.0,inf,33,20028153,True,13,12,False,0,,-1.0,6.328833000011969,True,1,32.07575000000418,49.028582999994796
power_theta200_rho4,power,200.0,4.0,inf,35,20028155,True,9,8,False,0,,-1.0,6.539750000001732,False,0,38.65487500000597,34.7254170000042
power_theta200_rho4,power,200.0,4.0,inf,37,20028157,True,9,8,True,3,609;350;238,46.125,12.50366700000427,True,5,34.09004199998833,41.26899999999978
power_theta200_rho4,power,200.0,4.0,inf,12,20028132,True,8,7,False,0,,-1.0,8.173290999991423,False,0,302.4965000000037,37.351333000003706
power_theta200_rho4,power,200.0,4.0,inf,42,20028162,True,6,5,True,2,542;542,258.6,13.341124999996623,True,6,33.50979200000381,26.857040999999526
power_theta200_rho4,power,200.0,4.0,inf,39,20028159,True,10,9,True,1,403,169.22222222222223,11.606584000006137,True,9,37.3877499999935,45.085833000001685
power_theta200_rho4,power,200.0,4.0,inf,32,20028152,True,24,23,False,0,,-1.0,6.560084000000188,True,10,39.85991700000113,117.40995899999973
power_theta200_rho4,power,200.0,4.0,inf,40,20028160,True,12,11,False,0,,-1.0,6.300875000007977,True,8,38.83562499999016,54.32545899999752
power_theta200_rho4,power,200.0,4.0,inf,45,20028165,True,5,4,False,0,,-1.0,7.022708000008038,False,0,47.7479580000022,24.376207999992516
power_theta200_rho4,power,200.0,4.0,inf,41,20028161,True,15,14,False,0,,-1.0,7.377374999990138,True,9,53.94716600000038,71.55525000000296
power_theta200_rho4,power,200.0,4.0,inf,38,20028158,True,20,19,False,0,,-1.0,7.883625000005168,False,0,53.59304200000281,91.64391599999533
power_theta200_rho4,power,200.0,4.0,inf,36,20028156,True,25,24,True,2,748;631,188.04166666666666,16.50200000000268,True,10,36.39112499999442,136.51895800001057
power_theta200_rho4,power,200.0,4.0,inf,44,20028164,True,21,20,False,0,,-1.0,7.4247090000056915,True,6,36.35866700000179,105.34904099999665
power_theta200_rho4,power,200.0,4.0,inf,46,20028166,True,10,9,True,3,437;436;214,146.55555555555554,15.237333999991165,True,4,39.926332999996816,48.14504200000158
power_theta200_rho4,power,200.0,4.0,inf,47,20028167,True,9,8,True,1,686,167.125,14.62520900000186,True,4,41.10300000000677,40.66645900000765
power_theta200_rho4,power,200.0,4.0,inf,43,20028163,True,22,21,True,4,164;82;163;546,127.33333333333333,20.02737499999796,True,10,43.1080829999928,108.65529199999457
power_theta200_rho4,power,200.0,4.0,inf,48,20028168,True,12,11,True,3,826;826;349,89.63636363636364,22.208042000002592,True,3,34.89437499999326,54.31358299999545
power_theta200_rho4,power,200.0,4.0,inf,49,20028169,True,14,13,True,2,740;634,224.84615384615384,13.780749999995123,True,9,37.63233300000479,74.60666699999763
power_theta200_rho4,power,200.0,4.0,inf,51,20028171,True,15,14,True,3,620;816;518,147.71428571428572,14.845292000003951,True,6,39.24558399999967,70.87775000000818
power_theta200_rho4,power,200.0,4.0,inf,50,20028170,True,18,17,True,1,358,280.5882352941176,13.180125000005205,True,10,39.84458300000426,84.71916599999929
power_theta200_rho4,power,200.0,4.0,inf,57,20028177,True,4,3,False,0,,-1.0,8.457707999994568,False,0,31.443375000009155,20.847166999999445
power_theta200_rho4,power,200.0,4.0,inf,52,20028172,True,12,11,True,1,682,254.0,11.984499999996956,True,1,33.86808300000155,55.95075000000804
power_theta200_rho4,power,200.0,4.0,inf,53,20028173,True,14,13,True,1,259,337.9230769230769,13.163208999998233,True,5,38.00945800000477,65.23199999999463
power_theta200_rho4,power,200.0,4.0,inf,55,20028175,True,12,11,True,1,492,224.0,10.505917000003251,True,10,38.40879199999847,55.82129100000088
power_theta200_rho4,power,200.0,4.0,inf,54,20028174,True,15,14,True,2,384;795,93.92857142857143,16.55858399999488,True,8,42.27233299999966,79.48037500000282
power_theta200_rho4,power,200.0,4.0,inf,58,20028178,True,9,8,True,2,642;642,246.375,11.693500000006907,True,10,43.60575000001177,40.871332999998344
power_theta200_rho4,power,200.0,4.0,inf,62,20028182,True,3,2,False,0,,-1.0,8.693792000002531,True,2,38.37083300000188,16.370207999997888
power_theta200_rho4,power,200.0,4.0,inf,60,20028180,True,9,8,True,1,305,218.0,14.764833000000976,True,3,48.89037499999915,40.474166999999284
power_theta200_rho4,power,200.0,4.0,inf,56,20028176,True,14,13,True,2,667;666,231.92307692307693,13.979540999997653,True,10,44.93954099999087,69.72266599998989
power_theta200_rho4,power,200.0,4.0,inf,61,20028181,True,9,8,False,0,,-1.0,9.784208999988664,True,1,34.62916600000199,47.05566699999508
power_theta200_rho4,power,200.0,4.0,inf,59,20028179,True,20,19,False,0,,-1.0,7.508250000000771,True,9,39.60212499998761,100.56579200001181
power_theta200_rho4,power,200.0,4.0,inf,63,20028183,True,9,8,True,3,259;541;128,160.875,14.693832999995493,True,10,43.813040999992836,42.473416999996516
power_theta200_rho4,power,200.0,4.0,inf,65,20028185,True,13,12,False,0,,-1.0,7.932417000006353,True,8,36.514542000006145,57.32412499999384
power_theta200_rho4,power,200.0,4.0,inf,64,20028184,True,13,12,False,0,,-1.0,7.873500000002309,True,5,39.319792000000575,62.99516600000743
power_theta200_rho4,power,200.0,4.0,inf,71,20028191,True,3,2,False,0,,-1.0,8.49966699999527,False,0,37.0898750000066,17.328083999998967
power_theta200_rho4,power,200.0,4.0,inf,69,20028189,True,11,10,False,0,,-1.0,8.849667000006889,True,2,37.14391699999453,58.76674999998954
power_theta200_rho4,power,200.0,4.0,inf,66,20028186,True,17,16,True,4,412;696;412;242,81.0625,17.488834000005227,True,10,40.16320799999562,89.9341249999992
power_theta200_rho4,power,200.0,4.0,inf,72,20028192,True,13,12,True,1,632,270.75,10.568290999998453,True,6,42.94362500000659,63.85904199999004
power_theta200_rho4,power,200.0,4.0,inf,67,20028187,True,20,19,True,1,343,247.47368421052633,11.518750000007572,True,9,45.82466699999088,102.58237499999723
power_theta200_rho4,power,200.0,4.0,inf,68,20028188,True,18,17,True,4,486;488;754;754,217.88235294117646,17.138625000001184,True,10,45.99529100001121,94.46708299999784
power_theta200_rho4,power,200.0,4.0,inf,78,20028198,True,2,1,True,2,167;182,1.0,14.863083000008714,True,2,42.291417000001275,14.182832999992456
power_theta200_rho4,power,200.0,4.0,inf,70,20028190,True,16,15,True,2,406;648,182.4,18.619292000011,True,10,48.27795899998932,80.85654199999226
power_theta200_rho4,power,200.0,4.0,inf,75,20028195,True,8,7,True,1,258,369.0,15.36541699999816,True,8,51.63075000000106,41.59674999999652
power_theta200_rho4,power,200.0,4.0,inf,77,20028197,True,10,9,False,0,,-1.0,7.48787499999537,False,0,50.394625000009796,42.02654200000211
power_theta200_rho4,power,200.0,4.0,inf,73,20028193,True,14,13,True,2,638;630,302.84615384615387,19.413249999999493,True,10,50.5687499999965,73.0259999999987
power_theta200_rho4,power,200.0,4.0,inf,74,20028194,True,18,17,False,0,,-1.0,6.557416999996235,True,6,62.81012499999861,96.6372080000042
power_theta200_rho4,power,200.0,4.0,inf,80,20028200,True,8,7,False,0,,-1.0,6.5073339999912605,True,8,60.60087500000577,35.551416999993535
power_theta200_rho4,power,200.0,4.0,inf,79,20028199,True,10,9,False,0,,-1.0,8.372374999993326,True,6,63.77895800000033,48.71308300000976
power_theta200_rho4,power,200.0,4.0,inf,83,20028203,True,10,9,False,0,,-1.0,6.9498329999930775,True,6,61.74587499999973,46.10083299999701
power_theta200_rho4,power,200.0,4.0,inf,82,20028202,True,8,7,True,2,655;746,337.0,13.88458299999229,True,2,69.05170800000349,35.75858300000334
power_theta200_rho4,power,200.0,4.0,inf,76,20028196,True,22,21,True,2,328;328,241.38095238095238,12.220541999994339,True,6,76.57312499999591,118.9858749999928
power_theta200_rho4,power,200.0,4.0,inf,86,20028206,True,5,4,False,0,,-1.0,6.111042000000566,False,0,59.80770800000812,23.73920799999496
power_theta200_rho4,power,200.0,4.0,inf,84,20028204,True,10,9,False,0,,-1.0,7.877374999992526,True,9,55.385499999999865,49.783708000006754
power_theta200_rho4,power,200.0,4.0,inf,87,20028207,True,14,13,False,0,,-1.0,5.82354200000168,True,10,36.899000000005344,60.61308399999632
power_theta200_rho4,power,200.0,4.0,inf,81,20028201,True,12,11,True,5,492;484;712;712;710,92.0,13.394375000004288,True,10,54.381374999991294,61.76641599999755
power_theta200_rho4,power,200.0,4.0,inf,91,20028211,True,5,4,False,0,,-1.0,8.306582999992429,False,0,32.436708000005865,25.552749999988578
power_theta200_rho4,power,200.0,4.0,inf,88,20028208,True,16,15,True,3,490;207;784,69.73333333333333,13.993583000001308,True,10,36.364833999996904,87.02558299999907
power_theta200_rho4,power,200.0,4.0,inf,85,20028205,True,21,20,True,4,522;178;766;522,80.35,16.338958000005732,True,10,39.18229100000303,111.11262500000407
power_theta200_rho4,power,200.0,4.0,inf,95,20028215,True,5,4,False,0,,-1.0,7.041291999996702,False,0,36.74783399999626,26.201583000002415
power_theta200_rho4,power,200.0,4.0,inf,92,20028212,True,9,8,False,0,,-1.0,8.208457999998586,False,0,43.744209000010414,41.13879199999815
power_theta200_rho4,power,200.0,4.0,inf,90,20028210,True,16,15,True,1,705,309.2,12.496709000004103,True,7,47.66445900000349,78.52162500000759
power_theta200_rho4,power,200.0,4.0,inf,89,20028209,True,18,17,True,2,856;820,435.94117647058823,14.263083000003007,True,7,55.60845800000891,87.02370800000381
power_theta200_rho4,power,200.0,4.0,inf,96,20028216,True,8,7,True,1,184,144.71428571428572,13.988624999996091,True,6,49.00074999999049,38.46283400000061
power_theta200_rho4,power,200.0,4.0,inf,94,20028214,True,12,11,False,0,,-1.0,7.860917000002132,True,1,40.18562499999234,57.453832999996735
power_theta200_rho4,power,200.0,4.0,inf,97,20028217,True,9,8,True,2,227;136,157.5,12.273790999998369,True,9,52.90666599999838,40.378125000003706
power_theta200_rho4,power,200.0,4.0,inf,98,20028218,True,13,12,True,3,672;270;599,99.08333333333333,16.35391700000355,True,10,36.97854199999995,66.89841700000443
power_theta200_rho4,power,200.0,4.0,inf,93,20028213,True,17,16,False,0,,-1.0,9.643249999996328,True,9,41.8769999999995,86.03954100000522
power_theta200_rho4,power,200.0,4.0,inf,99,20028219,True,13,12,True,5,872;622;676;812;305,67.91666666666667,16.158833000005757,True,10,44.385458000007816,69.1862090000086
power_theta200_rho16,power,200.0,16.0,inf,2,20029122,True,34,33,True,3,466;548;297,97.33333333333333,13.620416999998497,True,10,38.15716600000485,230.81295800000134
power_theta200_rho16,power,200.0,16.0,inf,1,20029121,True,47,46,True,3,668;872;495,102.02173913043478,14.45024999999589,True,10,39.72212500001149,314.66541599999687
power_theta200_rho16,power,200.0,16.0,inf,4,20029124,True,39,38,True,4,642;456;190;215,81.63157894736842,14.20579099999486,True,10,41.482458000004385,271.3497910000058
power_theta200_rho16,power,200.0,16.0,inf,5,20029125,True,44,43,False,0,,-1.0,7.7506249999999,True,10,35.48770900000875,286.3496249999997
power_theta200_rho16,power,200.0,16.0,inf,10,20029130,True,36,35,True,1,426,288.9428571428571,14.359958000000006,True,10,34.585124999992445,237.0359159999964
power_theta200_rho16,power,200.0,16.0,inf,6,20029126,True,42,41,True,4,503;864;366;600,84.0,14.89545799999803,True,10,37.49308400000473,300.962166000005
power_theta200_rho16,power,200.0,16.0,inf,8,20029128,True,46,45,False,0,,-1.0,9.391332999996393,True,10,33.91249999999957,342.9481250000066
power_theta200_rho16,power,200.0,16.0,inf,11,20029131,True,45,44,False,0,,-1.0,7.437291000002233,True,10,34.786959000001616,341.014708000003
power_theta200_rho16,power,200.0,16.0,inf,7,20029127,True,53,52,True,2,225;114,353.84615384615387,14.04766699999982,True,10,38.224124999999276,379.6011660000005
power_theta200_rho16,power,200.0,16.0,inf,9,20029129,True,52,51,True,6,893;494;132;595;318;776,47.98039215686274,21.391374999993218,True,10,39.66629099998897,394.6460420000051
power_theta200_rho16,power,200.0,16.0,inf,3,20029123,True,55,54,True,3,578;294;694,106.87037037037037,12.921250000005102,True,10,43.620875000002,496.8170839999999
power_theta200_rho16,power,200.0,16.0,inf,0,20029120,True,62,61,True,1,436,265.04918032786884,13.386709000002384,True,10,43.13733300000422,587.624708000007
power_theta200_rho16,power,200.0,16.0,inf,17,20029137,True,31,30,True,1,506,271.26666666666665,13.897499999998786,True,7,36.301542000003906,181.99320800000862
power_theta200_rho16,power,200.0,16.0,inf,12,20029132,True,43,42,True,4,169;446;778;67,63.785714285714285,20.316833000009638,True,10,38.205915999995455,312.7992080000013
power_theta200_rho16,power,200.0,16.0,inf,15,20029135,True,47,46,True,3,664;520;239,93.15217391304348,14.506499999995981,True,10,48.87387499999818,340.1248329999902
power_theta200_rho16,power,200.0,16.0,inf,19,20029139,True,38,37,True,4,78;742;160;188,83.45945945945945,15.099042000002783,True,10,37.626041999999416,269.0701669999953
power_theta200_rho16,power,200.0,16.0,inf,22,20029142,True,32,31,False,0,,-1.0,8.634583000002749,True,9,35.625082999999336,178.8021660000112
power_theta200_rho16,power,200.0,16.0,inf,13,20029133,True,51,50,True,3,594;209;492,119.52,13.498541999993563,True,10,51.63020800000595,408.1792089999965
power_theta200_rho16,power,200.0,16.0,inf,18,20029138,True,54,53,True,6,328;246;538;130;444;778,41.75471698113208,16.460667000004037,True,9,46.34579200001099,406.4396670000008
power_theta200_rho16,power,200.0,16.0,inf,14,20029134,True,54,53,True,2,214;565,149.20754716981133,14.06570799998974,True,10,47.063874999992095,486.0548329999972
power_theta200_rho16,power,200.0,16.0,inf,24,20029144,True,34,33,True,6,286;928;574;756;580;146,52.18181818181818,18.06916700000727,True,9,41.03808300000367,230.18304199999307
power_theta200_rho16,power,200.0,16.0,inf,16,20029136,True,63,62,True,2,194;79,286.38709677419354,12.027708000005077,True,10,44.0229170000066,537.5522089999976
power_theta200_rho16,power,200.0,16.0,inf,26,20029146,True,32,31,True,5,730;915;392;218;392,72.93548387096774,14.84570800000995,True,10,36.857208000000696,199.91374999999323
power_theta200_rho16,power,200.0,16.0,inf,21,20029141,True,59,58,True,2,560;210,129.29310344827587,13.885417000011557,True,10,41.465208000005305,464.78474999999264
power_theta200_rho16,power,200.0,16.0,inf,25,20029145,True,45,44,True,1,512,268.65909090909093,13.050625000005311,True,10,36.869541000001504,339.17562499999576
power_theta200_rho16,power,200.0,16.0,inf,20,20029140,True,65,64,True,2,602;377,126.703125,13.159749999999804,True,10,38.89274999998804,552.6254580000085
power_theta200_rho16,power,200.0,16.0,inf,23,20029143,True,52,51,True,5,394;600;526;123;213,112.0,12.973125000002028,True,10,36.49058300000263,440.56141699999785
power_theta200_rho16,power,200.0,16.0,inf,27,20029147,True,38,37,True,2,520;135,139.27027027027026,19.593000000000416,True,9,34.388041000013914,264.007583999998
power_theta200_rho16,power,200.0,16.0,inf,29,20029149,True,42,41,False,0,,-1.0,6.859958999996252,True,8,35.045624999995084,297.94445800000346
power_theta200_rho16,power,200.0,16.0,inf,30,20029150,True,37,36,True,5,753;157;510;80;364,46.97222222222222,12.691291999999521,True,10,32.69316600000138,226.43545800001164
power_theta200_rho16,power,200.0,16.0,inf,28,20029148,True,46,45,True,1,832,356.9555555555556,11.659917000002906,True,10,35.23300000000518,334.61566700000844
power_theta200_rho16,power,200.0,16.0,inf,31,20029151,True,38,37,True,4,634;574;420;212,112.64864864864865,12.91641699999957,True,10,36.580791000005775,262.9641670000069
power_theta200_rho16,power,200.0,16.0,inf,34,20029154,True,31,30,True,5,681;384;686;208;584,70.5,14.481000000003519,True,10,33.04149999999595,163.9623750000112
power_theta200_rho16,power,200.0,16.0,inf,32,20029152,True,39,38,True,3,750;637;544,162.1315789473684,17.62162500000386,True,9,37.67412500000944,266.03216700000587
power_theta200_rho16,power,200.0,16.0,inf,37,20029157,True,21,20,True,5,193;490;746;488;666,61.35,20.03591700000129,True,8,36.439375000000496,117.18137500000125
power_theta200_rho16,power,200.0,16.0,inf,38,20029158,True,31,30,False,0,,-1.0,7.47175000000766,True,10,34.78233300000966,215.1847920000023
power_theta200_rho16,power,200.0,16.0,inf,42,20029162,True,27,26,True,3,382;361;401,350.03846153846155,13.210916999994993,True,8,38.693417000004615,135.48012500000084
power_theta200_rho16,power,200.0,16.0,inf,36,20029156,True,41,40,True,3,312;122;502,113.15,14.08104200000082,True,10,41.75133299999345,278.09725000000185
power_theta200_rho16,power,200.0,16.0,inf,35,20029155,True,43,42,True,3,219;708;430,110.54761904761905,15.106165999995369,True,10,38.27266599999746,300.5437079999922
power_theta200_rho16,power,200.0,16.0,inf,33,20029153,True,57,56,True,3,349;836;575,100.39285714285714,20.37958300000753,True,10,38.01483300000541,463.98883399999136
power_theta200_rho16,power,200.0,16.0,inf,39,20029159,True,46,45,True,7,151;228;622;820;528;664;378,58.644444444444446,15.837958999995294,True,10,33.74300000000119,355.33150000000546
power_theta200_rho16,power,200.0,16.0,inf,43,20029163,True,40,39,True,5,99;768;186;618;367,67.41025641025641,18.090334000007147,True,10,36.89749999999492,268.9276659999962
power_theta200_rho16,power,200.0,16.0,inf,41,20029161,True,49,48,True,3,427;414;838,157.60416666666666,15.154249999994818,True,10,35.93866699999637,387.17470900000706
power_theta200_rho16,power,200.0,16.0,inf,45,20029165,True,49,48,True,4,588;480;733;278,94.5,15.302707999993004,True,10,36.59654199999807,357.5074580000006
power_theta200_rho16,power,200.0,16.0,inf,49,20029169,True,40,39,True,2,804;374,124.8974358974359,16.521959000002084,True,10,38.876209000008544,259.7108749999961
power_theta200_rho16,power,200.0,16.0,inf,47,20029167,True,37,36,True,1,622,260.1111111111111,12.0487080000089,True,10,41.90083399998912,290.71150000000046
power_theta200_rho16,power,200.0,16.0,inf,40,20029160,True,61,60,True,3,533;712;614,175.71666666666667,12.680250000002502,True,10,36.20541700000501,496.7621250000036
power_theta200_rho16,power,200.0,16.0,inf,46,20029166,True,57,56,True,4,597;704;231;472,85.07142857142857,12.420249999991029,True,10,38.224332999988064,481.49358299998823
power_theta200_rho16,power,200.0,16.0,inf,48,20029168,True,49,48,True,3,372;488;664,118.6875,13.441124999999943,True,10,34.38045800000111,362.4345829999953
power_theta200_rho16,power,200.0,16.0,inf,52,20029172,True,39,38,False,0,,-1.0,7.583249999996156,True,10,41.09254200000123,282.64012500000035
power_theta200_rho16,power,200.0,16.0,inf,44,20029164,True,61,60,True,7,118;265;763;940;395;477;656,37.75,16.109583999991628,True,10,39.56641599999955,562.2368340000037
power_theta200_rho16,power,200.0,16.0,inf,51,20029171,True,51,50,True,4,864;690;690;366,85.3,14.118707999998037,True,10,36.09229099998856,359.92195800000104
power_theta200_rho16,power,200.0,16.0,inf,53,20029173,True,51,50,True,3,402;242;480,144.62,12.278832999996325,True,10,36.64999999999452,360.5186249999974
power_theta200_rho16,power,200.0,16.0,inf,57,20029177,True,36,35,True,3,624;238;338,101.2,17.14187499999298,True,10,43.30366699998933,243.4964170000029
power_theta200_rho16,power,200.0,16.0,inf,58,20029178,True,35,34,True,3,102;333;248,236.73529411764707,13.025666999993746,True,10,46.92245799999739,242.77229199999795
power_theta200_rho16,power,200.0,16.0,inf,50,20029170,True,66,65,True,4,379;264;636;728,73.66153846153846,16.22025000000349,True,10,48.0960419999974,572.501709000008
power_theta200_rho16,power,200.0,16.0,inf,56,20029176,True,40,39,True,4,492;476;648;357,105.61538461538461,14.76949999999988,True,10,46.23700000000497,261.19433300000594
power_theta200_rho16,power,200.0,16.0,inf,55,20029175,True,43,42,True,3,226;112;226,250.42857142857142,12.31470899999465,True,9,46.98829200000887,297.9215409999938
power_theta200_rho16,power,200.0,16.0,inf,60,20029180,True,32,31,True,3,401;212;720,92.64516129032258,18.445624999998245,True,8,34.77137499999117,202.76883300000748
power_theta200_rho16,power,200.0,16.0,inf,64,20029184,True,28,27,False,0,,-1.0,6.559749999993869,True,10,32.91325000000711,151.07425000000774
power_theta200_rho16,power,200.0,16.0,inf,61,20029181,True,36,35,True,1,804,380.34285714285716,13.104832999999871,True,9,35.43541699998798,263.9881669999937
power_theta200_rho16,power,200.0,16.0,inf,63,20029183,True,35,34,True,5,464;365;292;186;740,71.70588235294117,18.357250000008207,True,10,33.312709000000496,234.4896669999912
power_theta200_rho16,power,200.0,16.0,inf,62,20029182,True,42,41,True,4,522;702;526;184,84.8048780487805,19.531167000010896,True,10,35.22375000000011,291.54295799999375
power_theta200_rho16,power,200.0,16.0,inf,59,20029179,True,46,45,True,5,437;120;437;203;203,214.2,17.22549999999501,True,9,44.70741599999428,409.8717920000041
power_theta200_rho16,power,200.0,16.0,inf,54,20029174,True,64,63,True,5,286;164;536;463;600,87.85714285714286,14.74683300000379,True,10,49.768249999999625,579.8523330000052
power_theta200_rho16,power,200.0,16.0,inf,68,20029188,True,34,33,True,5,448;95;840;576;242,42.333333333333336,21.11399999999719,True,10,34.41370800000243,203.53870900000004
power_theta200_rho16,power,200.0,16.0,inf,67,20029187,True,39,38,False,0,,-1.0,9.292916999996237,True,10,37.22841700000856,227.05170899999416
power_theta200_rho16,power,200.0,16.0,inf,65,20029185,True,49,48,True,4,410;792;704;358,77.41666666666667,15.965249999993603,True,10,36.332916999995746,401.55179199999225
power_theta200_rho16,power,200.0,16.0,inf,66,20029186,True,49,48,True,4,99;346;880;739,77.52083333333333,22.752457999999365,True,3,37.63595800000985,401.34849999999744
power_theta200_rho16,power,200.0,16.0,inf,72,20029192,True,39,38,True,6,266;439;198;674;908;542,50.78947368421053,18.67345799999498,True,10,35.41862500000548,287.27120800000705
power_theta200_rho16,power,200.0,16.0,inf,73,20029193,True,36,35,True,1,772,339.51428571428573,15.11266600000738,True,9,37.68399999999872,277.6766669999944
power_theta200_rho16,power,200.0,16.0,inf,75,20029195,True,39,38,True,1,440,255.71052631578948,14.450916000001257,True,10,35.899791999995045,252.2315000000077
power_theta200_rho16,power,200.0,16.0,inf,70,20029190,True,57,56,True,5,146;290;428;288;775,75.41071428571429,15.601208999996174,True,10,36.42033399999889,484.1928750000051
power_theta200_rho16,power,200.0,16.0,inf,74,20029194,True,44,43,True,7,331;511;910;816;776;558;432,76.25581395348837,17.01229199998977,True,10,34.93699999999933,350.3444999999914
power_theta200_rho16,power,200.0,16.0,inf,69,20029189,True,60,59,True,5,596;436;190;284;710,59.54237288135593,21.107082999989757,True,10,39.30529200000876,542.2442079999996
power_theta200_rho16,power,200.0,16.0,inf,77,20029197,True,44,43,True,5,548;704;396;191;115,49.06976744186046,15.992416000003118,True,10,36.90674999999999,335.14358299999003
power_theta200_rho16,power,200.0,16.0,inf,80,20029200,True,34,33,False,0,,-1.0,8.151458000000389,True,6,46.055457999997884,203.000166999999
power_theta200_rho16,power,200.0,16.0,inf,76,20029196,True,46,45,True,4,364;465;634;806,79.86666666666666,14.024957999993148,True,10,48.38491699999281,411.8848750000126
power_theta200_rho16,power,200.0,16.0,inf,78,20029198,True,51,50,True,4,441;610;794;441,111.92,17.87416599999858,True,10,38.06491699999981,386.17966600000386
power_theta200_rho16,power,200.0,16.0,inf,79,20029199,True,36,35,True,3,580;398;203,65.02857142857142,14.128541999994582,True,10,35.457041999990224,236.9483749999972
power_theta200_rho16,power,200.0,16.0,inf,81,20029201,True,39,38,True,1,632,243.55263157894737,13.290624999996226,True,10,36.37537499999155,261.1730410000064
power_theta200_rho16,power,200.0,16.0,inf,71,20029191,True,65,64,True,5,236;237;103;669;792,66.796875,16.11233300000947,True,10,40.912667000000624,638.7408749999963
power_theta200_rho16,power,200.0,16.0,inf,83,20029203,True,40,39,True,3,618;670;629,199.46153846153845,12.366708000001836,True,10,49.870999999996,340.69866699999807
power_theta200_rho16,power,200.0,16.0,inf,88,20029208,True,33,32,False,0,,-1.0,8.124666000000502,True,10,37.601124999994795,207.54875000000084
power_theta200_rho16,power,200.0,16.0,inf,87,20029207,True,41,40,True,4,300;604;551;828,84.825,18.536375000010707,True,10,47.74075000000266,314.5978749999898
power_theta200_rho16,power,200.0,16.0,inf,86,20029206,True,49,48,True,5,360;706;523;542;170,64.02083333333333,16.066915999999765,True,10,48.97425000000055,377.62750000000267
power_theta200_rho16,power,200.0,16.0,inf,82,20029202,True,52,51,True,3,106;305;485,158.01960784313727,18.48245799999404,True,9,51.39941699999895,488.4667920000112
power_theta200_rho16,power,200.0,16.0,inf,92,20029212,True,40,39,True,2,162;166,426.1025641025641,13.47641700000679,True,10,44.15475000000413,273.98291599999425
power_theta200_rho16,power,200.0,16.0,inf,90,20029210,True,48,47,True,2,522;702,229.38297872340425,13.491541999997025,True,10,43.693042000001014,362.7599999999944
power_theta200_rho16,power,200.0,16.0,inf,85,20029205,True,59,58,True,4,480;618;703;410,127.37931034482759,12.752290999998195,True,10,39.65637499999275,521.5908329999905
power_theta200_rho16,power,200.0,16.0,inf,89,20029209,True,53,52,True,2,338;784,113.46153846153847,14.134749999996643,True,10,39.783624999998324,413.2555420000017
power_theta200_rho16,power,200.0,16.0,inf,95,20029215,True,37,36,True,2,469;429,216.11111111111111,13.197208000008231,True,7,42.54016699999852,238.2647919999954
power_theta200_rho16,power,200.0,16.0,inf,93,20029213,True,56,55,True,4,114;512;268;498,193.25454545454545,13.692207999994821,True,10,39.25099999999304,470.13829200000146
power_theta200_rho16,power,200.0,16.0,inf,94,20029214,True,51,50,True,3,620;817;404,130.16,17.98387499999876,True,10,35.92454200000361,397.0352919999982
power_theta200_rho16,power,200.0,16.0,inf,96,20029216,True,46,45,True,4,903;604;812;604,187.6888888888889,13.999082999987422,True,10,37.08445799999538,333.34754099999486
power_theta200_rho16,power,200.0,16.0,inf,84,20029204,True,78,77,True,3,501;764;167,76.07792207792208,18.819708999998852,True,9,40.215582999991284,873.1518750000049
power_theta200_rho16,power,200.0,16.0,inf,99,20029219,True,48,47,True,3,533;307;510,171.10638297872342,13.348500000006425,True,10,38.996584000003054,348.47895799998696
power_theta200_rho16,power,200.0,16.0,inf,97,20029217,True,52,51,True,3,468;584;316,151.76470588235293,13.488707999997018,True,10,44.9484590000111,433.22437499999467
power_theta200_rho16,power,200.0,16.0,inf,91,20029211,True,72,71,True,3,569;856;294,92.36619718309859,14.679540999992469,True,10,42.75441700001181,778.6865420000026
power_theta200_rho16,power,200.0,16.0,inf,98,20029218,True,54,53,True,6,186;313;568;568;866;738,57.16981132075472,18.056292000011354,True,10,36.664958999992336,487.71995799999956
power_theta200_rho64,power,200.0,64.0,inf,9,20030129,True,123,122,True,4,566;826;262;342,79.09016393442623,16.13387499999419,True,10,59.48883399999261,1430.556957999997
power_theta200_rho64,power,200.0,64.0,inf,3,20030123,True,148,147,True,6,174;468;497;243;690;806,63.414965986394556,19.042749999997,True,10,35.18079199999136,2060.287542000012
power_theta200_rho64,power,200.0,64.0,inf,11,20030131,True,142,141,True,5,512;512;863;728;742,144.4822695035461,15.298250000000735,True,10,34.39904100000035,1802.3007500000006
power_theta200_rho64,power,200.0,64.0,inf,6,20030126,True,156,155,True,2,457;736,155.07096774193548,14.260958999997797,True,10,38.34416600000168,2047.3113749999925
power_theta200_rho64,power,200.0,64.0,inf,0,20030120,True,162,161,True,4,572;654;781;924,160.0496894409938,17.25320799999963,True,10,37.93174999999849,2375.1949170000016
power_theta200_rho64,power,200.0,64.0,inf,7,20030127,True,168,167,True,4,814;526;166;610,72.76646706586827,19.50054200000295,True,10,34.21454200000085,2219.794540999999
power_theta200_rho64,power,200.0,64.0,inf,4,20030124,True,169,168,True,4,749;212;662;274,96.50595238095238,16.404000000008523,True,10,36.96204199999897,2411.0869579999985
power_theta200_rho64,power,200.0,64.0,inf,10,20030130,True,167,166,True,5,614;191;467;418;272,128.46385542168676,15.464750000006688,True,10,35.93529100000126,2496.7887919999894
power_theta200_rho64,power,200.0,64.0,inf,2,20030122,True,194,193,True,5,290;802;658;883;418,67.48704663212435,16.56183299999725,True,10,35.19266700000401,2961.953666999989
power_theta200_rho64,power,200.0,64.0,inf,5,20030125,True,177,176,True,7,592;214;702;143;298;792;910,44.21022727272727,19.112499999991428,True,10,40.59066699998937,2802.290415999991
power_theta200_rho64,power,200.0,64.0,inf,13,20030133,True,109,108,True,5,79;507;892;813;310,56.73148148148148,20.128791999994178,True,10,33.286916999998084,1223.0996250000032
power_theta200_rho64,power,200.0,64.0,inf,8,20030128,True,189,188,True,3,874;462;731,140.64361702127658,15.54674999999861,True,10,36.98754100000201,3128.5000420000133
power_theta200_rho64,power,200.0,64.0,inf,1,20030121,True,207,206,True,6,218;668;468;92;566;754,67.2621359223301,19.637083999995752,True,10,39.400249999999915,3533.7423750000025
power_theta200_rho64,power,200.0,64.0,inf,17,20030137,True,134,133,True,6,926;794;520;216;539;225,66.33082706766918,17.11050000000114,True,10,39.01495799999566,1763.4499589999991
power_theta200_rho64,power,200.0,64.0,inf,12,20030132,True,164,163,True,6,86;638;762;448;229;454,70.01840490797547,14.784042000002273,True,10,39.659333000003016,2498.822832999991
power_theta200_rho64,power,200.0,64.0,inf,21,20030141,True,122,121,True,7,295;384;551;230;718;491;676,63.074380165289256,13.88487500000224,True,10,38.060541999996644,1494.6910419999995
power_theta200_rho64,power,200.0,64.0,inf,16,20030136,True,181,180,True,3,392;689;552,125.02777777777777,13.55012499999475,True,10,35.72183299999665,2622.515667000002
power_theta200_rho64,power,200.0,64.0,inf,22,20030142,True,140,139,True,6,161;854;446;793;624;60,43.74820143884892,19.439332999994008,True,10,35.790541000011444,1885.1052919999916
power_theta200_rho64,power,200.0,64.0,inf,25,20030145,True,94,93,True,4,870;186;748;642,81.51612903225806,16.908958000001917,True,10,35.943333999995275,980.1425409999922
power_theta200_rho64,power,200.0,64.0,inf,14,20030134,True,194,193,True,3,129;294;767,111.6839378238342,13.97783299999844,True,10,37.07291599999962,3117.4326659999992
power_theta200_rho64,power,200.0,64.0,inf,15,20030135,True,189,188,True,7,356;882;364;689;778;448;239,54.13297872340426,17.524833000010176,True,10,36.4373339999986,3149.7419159999963
power_theta200_rho64,power,200.0,64.0,inf,24,20030144,True,154,153,True,4,525;136;309;583,119.43137254901961,15.14075000000048,True,10,41.01391700000079,2215.2682500000083
power_theta200_rho64,power,200.0,64.0,inf,18,20030138,True,192,191,True,3,159;297;424,178.10994764397907,17.860999999996352,True,10,42.25408300000311,3340.6077920000002
power_theta200_rho64,power,200.0,64.0,inf,26,20030146,True,146,145,True,5,172;711;222;447;313,86.06896551724138,20.99337500000331,True,10,45.4382079999931,1969.689625000001
power_theta200_rho64,power,200.0,64.0,inf,20,20030140,True,196,195,True,5,562;260;428;644;842,78.49230769230769,22.58095899999546,True,10,52.39416700000277,3388.304749999989
power_theta200_rho64,power,200.0,64.0,inf,19,20030139,True,208,207,True,5,414;745;426;189;876,63.67632850241546,20.51299999999401,True,10,39.35154199999147,3514.72983299999
power_theta200_rho64,power,200.0,64.0,inf,23,20030143,True,177,176,True,5,124;390;390;504;612,93.3409090909091,16.970540999992068,True,10,36.98649999999759,2982.0315420000015
power_theta200_rho64,power,200.0,64.0,inf,27,20030147,True,153,152,True,3,344;568;568,159.7565789473684,16.285374999995383,True,10,35.6400830000041,2189.7007090000075
power_theta200_rho64,power,200.0,64.0,inf,28,20030148,True,160,159,True,6,363;804;290;108;740;644,54.333333333333336,16.834916999997063,True,10,34.75866700000552,2303.166083000008
power_theta200_rho64,power,200.0,64.0,inf,32,20030152,True,156,155,True,3,755;410;574,146.66451612903225,15.651332999993883,True,10,33.027541999999244,2141.0600420000064
power_theta200_rho64,power,200.0,64.0,inf,30,20030150,True,163,162,True,4,373;752;578;81,73.43827160493827,14.654707999994798,True,10,34.1180420000029,2325.2590000000027
power_theta200_rho64,power,200.0,64.0,inf,29,20030149,True,159,158,True,7,604;82;846;313;216;424;724,43.01898734177215,16.255166999997073,True,10,34.62399999999377,2422.42262500001
power_theta200_rho64,power,200.0,64.0,inf,37,20030157,True,123,122,True,4,532;326;721;386,123.95901639344262,13.512124999991215,True,10,33.3472500000056,1463.9017079999944
power_theta200_rho64,power,200.0,64.0,inf,31,20030151,True,172,171,True,3,472;610;460,171.6783625730994,13.080832999989411,True,10,38.62470900000403,2934.8376669999966
power_theta200_rho64,power,200.0,64.0,inf,36,20030156,True,147,146,True,2,492;804,158.82191780821918,13.19191700000033,True,10,37.34458300000654,2104.9851669999953
power_theta200_rho64,power,200.0,64.0,inf,34,20030154,True,153,152,True,6,608;121;402;528;224;654,74.88815789473684,15.629665999995268,True,10,33.77212499999871,2582.5787920000066
power_theta200_rho64,power,200.0,64.0,inf,33,20030153,True,196,195,True,5,482;184;896;785;310,53.97435897435897,13.916332999997394,True,10,37.90574999999308,3186.646207999999
power_theta200_rho64,power,200.0,64.0,inf,39,20030159,True,161,160,True,4,676;366;742;326,108.8,14.9158749999998,True,10,34.975875000000656,2267.2249999999963
power_theta200_rho64,power,200.0,64.0,inf,43,20030163,True,123,122,True,5,138;246;724;450;126,74.32786885245902,16.81191699999829,True,10,31.623417000005816,1289.4228330000033
power_theta200_rho64,power,200.0,64.0,inf,40,20030160,True,146,145,True,3,524;718;236,101.80689655172414,15.69341700000848,True,10,34.458250000000135,1989.7672499999999
power_theta200_rho64,power,200.0,64.0,inf,38,20030158,True,184,183,True,5,790;668;250;460;464,79.20218579234972,16.8312090000029,True,10,35.44866700001137,2851.725041999998
power_theta200_rho64,power,200.0,64.0,inf,41,20030161,True,150,149,True,4,450;856;602;720,123.53691275167785,13.909125000012068,True,10,34.8359590000058,2057.3764999999894
power_theta200_rho64,power,200.0,64.0,inf,35,20030155,True,194,193,True,4,433;764;702;558,142.9015544041451,17.06562500000075,True,10,35.8895419999925,3504.6682920000053
power_theta200_rho64,power,200.0,64.0,inf,42,20030162,True,162,161,True,4,721;560;848;655,153.0496894409938,16.151042000004168,True,10,36.30962500000123,2240.361667000002
power_theta200_rho64,power,200.0,64.0,inf,44,20030164,True,156,155,True,2,400;742,147.60645161290321,12.77737499999887,True,10,35.935667000003946,2233.6231670000047
power_theta200_rho64,power,200.0,64.0,inf,45,20030165,True,158,157,True,3,116;435;350,140.38216560509554,14.137874999988753,True,10,36.71120799999983,2129.566582999999
power_theta200_rho64,power,200.0,64.0,inf,48,20030168,True,155,154,True,4,314;576;342;770,94.93506493506493,13.990582999994672,True,10,38.11033300000588,2205.2873749999976
power_theta200_rho64,power,200.0,64.0,inf,49,20030169,True,171,170,True,6,556;904;670;632;400;284,75.2764705882353,13.859542000005831,True,10,43.78141700000526,2533.8304580000113
power_theta200_rho64,power,200.0,64.0,inf,51,20030171,True,164,163,True,5,240;138;486;426;788,65.90184049079754,16.863834000005795,True,10,45.55641700000024,2265.301957999995
power_theta200_rho64,power,200.0,64.0,inf,52,20030172,True,157,156,True,5,729;173;620;292;336,73.41666666666667,14.16795800000159,True,10,39.342458999996666,2306.2893330000093
power_theta200_rho64,power,200.0,64.0,inf,47,20030167,True,191,190,True,5,205;812;470;372;707,62.57368421052632,17.779583000006483,True,10,37.86533299999917,3123.3451660000073
power_theta200_rho64,power,200.0,64.0,inf,46,20030166,True,198,197,True,7,158;360;54;664;268;704;437,74.26903553299492,16.05137500000353,True,10,34.322625000001494,3190.681208000001
power_theta200_rho64,power,200.0,64.0,inf,53,20030173,True,158,157,True,5,446;710;641;330;502,113.45859872611464,12.690790999997148,True,10,36.02862500000015,2377.8903749999927
power_theta200_rho64,power,200.0,64.0,inf,50,20030170,True,190,189,True,5,705;585;426;331;528,112.77777777777777,13.375791999990838,True,10,37.156332999998654,3208.544625000002
power_theta200_rho64,power,200.0,64.0,inf,54,20030174,True,161,160,True,6,270;587;407;726;763;598,87.60625,17.946374999993964,True,10,37.48995800000898,2519.2270829999898
power_theta200_rho64,power,200.0,64.0,inf,55,20030175,True,185,184,True,6,870;824;446;222;588;682,55.85326086956522,15.845249999998146,True,10,35.34933400000284,2826.730709000003
power_theta200_rho64,power,200.0,64.0,inf,57,20030177,True,166,165,True,6,188;512;616;804;408;894,50.52121212121212,20.274207999989358,True,10,36.88308300000642,2490.653375000008
power_theta200_rho64,power,200.0,64.0,inf,62,20030182,True,116,115,True,6,696;170;454;862;377;572,37.18260869565217,14.261915999995267,True,10,33.74341699999661,1402.581749999996
power_theta200_rho64,power,200.0,64.0,inf,58,20030178,True,144,143,True,3,508;757;837,190.27272727272728,14.61091600000941,True,10,34.49987500000873,2061.136042000001
power_theta200_rho64,power,200.0,64.0,inf,60,20030180,True,154,153,True,2,796;270,126.05228758169935,13.465416000002506,True,10,37.93504099999723,2260.713709000001
power_theta200_rho64,power,200.0,64.0,inf,64,20030184,True,137,136,True,5,898;463;782;234;596,60.544117647058826,19.430584000005524,True,9,33.26645900000358,1854.1775420000022
power_theta200_rho64,power,200.0,64.0,inf,61,20030181,True,178,177,True,7,134;834;909;278;582;347;358,49.61581920903955,16.525666000006822,True,10,37.192250000003924,2318.8364589999965
power_theta200_rho64,power,200.0,64.0,inf,59,20030179,True,168,167,True,6,824;82;688;282;488;348,53.880239520958085,17.858250000003295,True,10,36.65054199998963,2482.7934999999998
power_theta200_rho64,power,200.0,64.0,inf,65,20030185,True,149,148,True,3,221;516;688,101.42567567567568,17.304999999993242,True,10,36.30049999999585,2104.9304579999985
power_theta200_rho64,power,200.0,64.0,inf,56,20030176,True,230,229,True,8,247;196;538;396;928;122;766;584,36.09170305676856,18.357707999996364,True,10,38.841915999995535,4553.009833000005
power_theta200_rho64,power,200.0,64.0,inf,63,20030183,True,195,194,True,1,746,321.17525773195877,11.5178329999992,True,10,35.98583400000166,3143.424916000001
power_theta200_rho64,power,200.0,64.0,inf,66,20030186,True,161,160,True,3,298;690;288,137.53125,13.631166999999778,True,10,36.87341699999536,2479.073999999997
power_theta200_rho64,power,200.0,64.0,inf,67,20030187,True,165,164,True,5,746;565;366;118;530,54.8719512195122,15.070084000001316,True,10,39.163250000001426,2487.609957999993
power_theta200_rho64,power,200.0,64.0,inf,68,20030188,True,164,163,True,6,318;574;852;728;574;68,53.3680981595092,19.18091699999991,True,10,36.582916999989834,2541.4131670000015
power_theta200_rho64,power,200.0,64.0,inf,72,20030192,True,124,123,True,5,830;277;704;556;480,67.130081300813,16.884709000009934,True,10,37.20370800000694,1607.3479169999985
power_theta200_rho64,power,200.0,64.0,inf,69,20030189,True,181,180,True,3,718;704;520,165.4111111111111,12.265374999998357,True,10,38.9255420000012,3029.3767080000007
power_theta200_rho64,power,200.0,64.0,inf,70,20030190,True,186,185,True,7,712;534;52;272;401;637;200,49.027027027027025,20.294083000010232,True,10,38.27291700000046,3130.245500000001
power_theta200_rho64,power,200.0,64.0,inf,73,20030193,True,166,165,True,6,703;158;454;890;94;684,47.0,21.935958000000255,True,10,46.7832080000079,2467.501917000007
power_theta200_rho64,power,200.0,64.0,inf,75,20030195,True,146,145,True,6,581;312;474;192;812;696,53.09655172413793,15.530499999997005,True,10,38.78983299999561,2112.952875000005
power_theta200_rho64,power,200.0,64.0,inf,74,20030194,True,170,169,True,8,160;84;231;484;722;290;631;766,59.56804733727811,19.220416999999657,True,10,34.96099999999558,2442.2887090000104
power_theta200_rho64,power,200.0,64.0,inf,76,20030196,True,147,146,True,5,856;738;324;616;120,50.554794520547944,20.838375000010956,True,10,41.102707999996824,1978.1646250000051
power_theta200_rho64,power,200.0,64.0,inf,71,20030191,True,172,171,True,7,768;589;839;132;657;230;425,41.76608187134503,19.41695899999729,True,10,40.82108400000095,2830.5323750000043
power_theta200_rho64,power,200.0,64.0,inf,78,20030198,True,142,141,True,5,123;476;329;292;664,75.04964539007092,16.024917000009964,True,10,34.87537500001281,2021.4168329999893
power_theta200_rho64,power,200.0,64.0,inf,86,20030206,True,75,74,True,4,890;708;618;170,80.5945945945946,18.150875000003452,True,5,35.921749999999975,642.2539160000014
power_theta200_rho64,power,200.0,64.0,inf,77,20030197,True,167,166,True,5,276;627;492;740;369,78.04819277108433,13.93358400000011,True,10,41.05879099999754,2473.032583999995
power_theta200_rho64,power,200.0,64.0,inf,83,20030203,True,123,122,True,6,567;776;158;231;378;506,66.31967213114754,17.03945900000292,True,10,33.54887499999393,1453.251457999997
power_theta200_rho64,power,200.0,64.0,inf,79,20030199,True,175,174,True,8,832;344;773;104;509;625;358;615,46.08620689655172,17.415166000006366,True,10,39.36687499999891,2813.3967079999993
power_theta200_rho64,power,200.0,64.0,inf,81,20030201,True,168,167,True,5,772;144;612;292;422,62.880239520958085,17.576916999999526,True,10,47.061874999997144,2693.13866600001
power_theta200_rho64,power,200.0,64.0,inf,87,20030207,True,123,122,True,3,122;286;554,133.4262295081967,16.740874999996436,True,10,40.74912500000494,1600.641292000006
power_theta200_rho64,power,200.0,64.0,inf,80,20030200,True,174,173,True,5,426;373;692;570;873,90.34682080924856,16.782125000005976,True,10,41.37566699999695,2865.2447919999986
power_theta200_rho64,power,200.0,64.0,inf,82,20030202,True,162,161,True,4,258;570;703;360,88.86335403726709,16.55024999999455,True,10,41.76204099999836,2656.405915999997
power_theta200_rho64,power,200.0,64.0,inf,85,20030205,True,162,161,True,1,733,324.90683229813664,12.705374999995911,True,10,36.041000000011536,2470.524917000006
power_theta200_rho64,power,200.0,64.0,inf,95,20030215,True,78,77,True,2,460;552,232.98701298701297,13.44166700000926,True,8,33.95745800000327,829.152250000007
power_theta200_rho64,power,200.0,64.0,inf,88,20030208,True,166,165,True,5,265;640;402;640;128,90.8,16.71070800000507,True,10,39.285416000012674,2523.2706669999916
power_theta200_rho64,power,200.0,64.0,inf,93,20030213,True,107,106,True,4,894;706;492;816,104.17924528301887,17.27416700001072,True,10,39.10954199999139,1236.9892500000078
fp_theta10_alpha2p0,false_positive,10.0,0.0,2.0,0,20031120,False,1,0,False,0,,-1.0,6.91579200000092,False,0,27.24595799999463,92.15941699999064
fp_theta10_alpha2p0,false_positive,10.0,0.0,2.0,1,20031121,False,1,0,False,0,,-1.0,7.465916000001016,False,0,28.177209000006087,53.774458000006575
fp_theta10_alpha2p0,false_positive,10.0,0.0,2.0,2,20031122,False,1,0,False,0,,-1.0,6.9650829999972075,False,0,31.016583999999625,67.70508400001063
power_theta200_rho64,power,200.0,64.0,inf,89,20030209,True,166,165,True,4,575;247;747;133,83.04848484848485,15.473708000001807,True,10,41.82191600000351,2616.609208
fp_theta10_alpha2p0,false_positive,10.0,0.0,2.0,4,20031124,False,1,0,False,0,,-1.0,5.946541000000138,False,0,27.11029099999962,53.467999999995186
fp_theta10_alpha2p0,false_positive,10.0,0.0,2.0,3,20031123,False,1,0,False,0,,-1.0,8.361000000007834,False,0,27.923999999998728,87.5593329999873
fp_theta10_alpha2p0,false_positive,10.0,0.0,2.0,7,20031127,False,1,0,False,0,,-1.0,8.519958000007932,False,0,35.06445799999369,52.29508300000418
fp_theta10_alpha2p0,false_positive,10.0,0.0,2.0,5,20031125,False,1,0,False,0,,-1.0,7.5362499999869215,False,0,33.97766699998783,80.9430409999976
fp_theta10_alpha2p0,false_positive,10.0,0.0,2.0,6,20031126,False,1,0,False,0,,-1.0,7.502457999990497,False,0,27.09166600000401,87.3902909999913
fp_theta10_alpha2p0,false_positive,10.0,0.0,2.0,8,20031128,False,1,0,False,0,,-1.0,7.4370420000065,False,0,28.879958000004535,80.56299999999794
fp_theta10_alpha2p0,false_positive,10.0,0.0,2.0,9,20031129,False,1,0,False,0,,-1.0,7.665666999997711,False,0,30.11104099999784,91.26154199999803
fp_theta10_alpha2p0,false_positive,10.0,0.0,2.0,10,20031130,False,1,0,False,0,,-1.0,7.417958000004887,False,0,32.33749999999702,85.18583299999705
fp_theta10_alpha2p0,false_positive,10.0,0.0,2.0,11,20031131,False,1,0,False,0,,-1.0,7.645499999995309,False,0,27.723374999993666,104.61266699999783
fp_theta10_alpha2p0,false_positive,10.0,0.0,2.0,12,20031132,False,1,0,False,0,,-1.0,7.762207999988391,False,0,32.75670799999375,90.83704100000034
fp_theta10_alpha2p0,false_positive,10.0,0.0,2.0,13,20031133,False,1,0,False,0,,-1.0,6.94266699998991,False,0,32.73841700000446,101.07795799999053
power_theta200_rho64,power,200.0,64.0,inf,84,20030204,True,197,196,True,5,802;716;534;424;336,73.41836734693878,17.872459000003005,True,10,40.35466699998835,3528.2500839999925
power_theta200_rho64,power,200.0,64.0,inf,90,20030210,True,171,170,True,3,246;365;802,103.01764705882353,13.456417000000442,True,10,39.61987499999964,2775.676040999997
fp_theta10_alpha2p0,false_positive,10.0,0.0,2.0,14,20031134,False,1,0,False,0,,-1.0,7.46958400000608,False,0,29.836749999986978,85.8093340000039
fp_theta10_alpha2p0,false_positive,10.0,0.0,2.0,15,20031135,False,1,0,False,0,,-1.0,7.9516250000040145,False,0,36.72458300000869,85.50529100000404
fp_theta10_alpha2p0,false_positive,10.0,0.0,2.0,16,20031136,False,1,0,False,0,,-1.0,7.846583000002738,False,0,34.546125000005645,72.9138330000012
fp_theta10_alpha2p0,false_positive,10.0,0.0,2.0,18,20031138,False,1,0,False,0,,-1.0,7.494666000013694,False,0,30.75141700000472,69.40016600000831
fp_theta10_alpha2p0,false_positive,10.0,0.0,2.0,17,20031137,False,1,0,False,0,,-1.0,7.901166999999987,False,0,30.636541999996325,85.13416700000676
fp_theta10_alpha2p0,false_positive,10.0,0.0,2.0,22,20031142,False,1,0,False,0,,-1.0,5.979375000009668,False,0,29.27537499999744,27.682708999989813
fp_theta10_alpha2p0,false_positive,10.0,0.0,2.0,19,20031139,False,1,0,False,0,,-1.0,7.678583000000572,False,0,28.000874999989378,107.20987500000945
fp_theta10_alpha2p0,false_positive,10.0,0.0,2.0,20,20031140,False,1,0,False,0,,-1.0,7.057709000008572,False,0,33.11541699999054,96.03379099999643
fp_theta10_alpha2p0,false_positive,10.0,0.0,2.0,21,20031141,False,1,0,False,0,,-1.0,7.03954200000112,False,0,32.283417000002146,111.74741700000368
fp_theta10_alpha2p0,false_positive,10.0,0.0,2.0,24,20031144,False,1,0,False,0,,-1.0,6.4638340000016115,False,0,28.856874999988236,65.1580420000073
fp_theta10_alpha2p0,false_positive,10.0,0.0,2.0,25,20031145,False,1,0,False,0,,-1.0,7.106458999999177,False,0,31.958667000012042,65.87170800000308
fp_theta10_alpha2p0,false_positive,10.0,0.0,2.0,23,20031143,False,1,0,False,0,,-1.0,8.61920900000257,False,0,36.21016700000723,139.5620410000049
fp_theta10_alpha2p0,false_positive,10.0,0.0,2.0,26,20031146,False,1,0,False,0,,-1.0,9.930542000006426,False,0,43.0698329999899,85.4927919999966
fp_theta10_alpha2p0,false_positive,10.0,0.0,2.0,27,20031147,False,1,0,False,0,,-1.0,10.226290999995058,False,0,39.17012500001249,73.17666599999484
power_theta200_rho64,power,200.0,64.0,inf,92,20030212,True,151,150,True,4,639;94;298;602,111.79333333333334,15.91708300000505,True,9,45.734917000004316,2448.4361250000006
fp_theta10_alpha2p0,false_positive,10.0,0.0,2.0,28,20031148,False,1,0,False,0,,-1.0,6.3321669999965025,False,0,30.33941700000753,75.21325000000445
fp_theta10_alpha2p0,false_positive,10.0,0.0,2.0,30,20031150,False,1,0,False,0,,-1.0,7.737665999997034,False,0,35.40270900001019,66.15912499999865
fp_theta10_alpha2p0,false_positive,10.0,0.0,2.0,29,20031149,False,1,0,False,0,,-1.0,6.9433329999952775,False,0,34.33283399999709,70.55545900000482
fp_theta10_alpha2p0,false_positive,10.0,0.0,2.0,31,20031151,False,1,0,False,0,,-1.0,7.098249999998529,False,0,30.692834000006997,83.09800000000678
fp_theta10_alpha2p0,false_positive,10.0,0.0,2.0,32,20031152,False,1,0,False,0,,-1.0,8.222458000005872,False,0,29.375500000000443,87.68058399999745
power_theta200_rho64,power,200.0,64.0,inf,91,20030211,True,183,182,True,3,889;599;786,231.35164835164835,16.177749999997104,True,10,44.53800000000285,3191.730458000009
fp_theta10_alpha2p0,false_positive,10.0,0.0,2.0,36,20031156,False,1,0,False,0,,-1.0,9.318458000009855,False,0,45.12250000000506,41.77920899999776
fp_theta10_alpha2p0,false_positive,10.0,0.0,2.0,34,20031154,False,1,0,False,0,,-1.0,7.8177919999973255,False,0,43.81583299999647,69.58020800000497
fp_theta10_alpha2p0,false_positive,10.0,0.0,2.0,33,20031153,False,1,0,False,0,,-1.0,9.397875000004774,False,0,31.394917000000078,128.59262500001023
fp_theta10_alpha2p0,false_positive,10.0,0.0,2.0,35,20031155,False,1,0,False,0,,-1.0,9.56362499999841,False,0,34.37820799999258,79.98962500001028
fp_theta10_alpha2p0,false_positive,10.0,0.0,2.0,38,20031158,False,1,0,False,0,,-1.0,6.076166999989141,False,0,37.88608300000362,83.43462499999532
fp_theta10_alpha2p0,false_positive,10.0,0.0,2.0,37,20031157,False,1,0,False,0,,-1.0,9.01329200000589,False,0,35.18562499999689,90.96158299999502
power_theta200_rho64,power,200.0,64.0,inf,98,20030218,True,124,123,True,4,718;824;566;160,84.78861788617886,20.249917000001005,True,10,46.06583400000375,1551.2640840000104
fp_theta10_alpha2p0,false_positive,10.0,0.0,2.0,39,20031159,False,1,0,False,0,,-1.0,7.9987080000023525,False,0,29.594791999997483,82.44783300000336
power_theta200_rho64,power,200.0,64.0,inf,94,20030214,True,141,140,True,7,917;442;806;94;318;586;668,34.77857142857143,18.30850000000339,True,10,42.913458000001015,2298.034709000007
fp_theta10_alpha2p0,false_positive,10.0,0.0,2.0,40,20031160,False,1,0,False,0,,-1.0,9.233249999994086,False,0,31.53558299999304,72.54933300001198
fp_theta10_alpha2p0,false_positive,10.0,0.0,2.0,42,20031162,False,1,0,False,0,,-1.0,9.693415999990407,False,0,34.46624999999415,62.0517910000018
fp_theta10_alpha2p0,false_positive,10.0,0.0,2.0,41,20031161,False,1,0,False,0,,-1.0,10.83616699999368,False,0,31.567957999996565,76.79766699999391
fp_theta10_alpha2p0,false_positive,10.0,0.0,2.0,43,20031163,False,1,0,False,0,,-1.0,9.45283299999744,False,0,29.314874999997187,88.96024999999952
fp_theta10_alpha2p0,false_positive,10.0,0.0,2.0,45,20031165,False,1,0,False,0,,-1.0,7.892583000000286,False,0,30.962250000001745,69.1267090000025
fp_theta10_alpha2p0,false_positive,10.0,0.0,2.0,44,20031164,False,1,0,False,0,,-1.0,7.204999999999018,False,0,30.386167000003184,89.04074999999523
fp_theta10_alpha2p0,false_positive,10.0,0.0,2.0,49,20031169,False,1,0,False,0,,-1.0,7.02766700000268,False,0,38.31941699999675,67.97575000000222
fp_theta10_alpha2p0,false_positive,10.0,0.0,2.0,51,20031171,False,1,0,False,0,,-1.0,7.202792000001068,False,0,39.422666999996636,59.593249999991826
fp_theta10_alpha2p0,false_positive,10.0,0.0,2.0,46,20031166,False,1,0,False,0,,-1.0,8.005041000004098,False,0,35.48562500000685,105.95737500000268
fp_theta10_alpha2p0,false_positive,10.0,0.0,2.0,48,20031168,False,1,0,False,0,,-1.0,7.845125000002895,False,0,38.28575000000001,86.90741600000251
fp_theta10_alpha2p0,false_positive,10.0,0.0,2.0,50,20031170,False,1,0,False,0,,-1.0,7.628124999996544,False,0,31.386249999997062,105.7911249999961
fp_theta10_alpha2p0,false_positive,10.0,0.0,2.0,52,20031172,False,1,0,False,0,,-1.0,8.67025000000865,False,0,29.64308399999993,78.43045900000334
fp_theta10_alpha2p0,false_positive,10.0,0.0,2.0,47,20031167,False,1,0,False,0,,-1.0,8.86354200000028,False,0,32.72687499999449,129.3898750000011
fp_theta10_alpha2p0,false_positive,10.0,0.0,2.0,53,20031173,False,1,0,False,0,,-1.0,7.849458999999115,False,0,31.77895899999328,84.28987499999607
fp_theta10_alpha2p0,false_positive,10.0,0.0,2.0,54,20031174,False,1,0,False,0,,-1.0,7.913334000008376,False,0,28.957082999994554,83.86345799999617
fp_theta10_alpha2p0,false_positive,10.0,0.0,2.0,57,20031177,False,1,0,False,0,,-1.0,7.577917000006096,False,0,28.444000000007463,63.73316599999157
fp_theta10_alpha2p0,false_positive,10.0,0.0,2.0,59,20031179,False,1,0,False,0,,-1.0,7.261916000004476,False,0,29.980041000001734,56.54708299999811
fp_theta10_alpha2p0,false_positive,10.0,0.0,2.0,55,20031175,False,1,0,False,0,,-1.0,7.657666000000063,False,0,30.071417000002043,95.69016700000077
fp_theta10_alpha2p0,false_positive,10.0,0.0,2.0,60,20031180,False,1,0,False,0,,-1.0,7.3120420000094555,False,0,30.37091600000963,56.53770800000757
fp_theta10_alpha2p0,false_positive,10.0,0.0,2.0,56,20031176,False,1,0,False,0,,-1.0,8.880916999999044,False,0,32.35541600000147,105.8098749999914
fp_theta10_alpha2p0,false_positive,10.0,0.0,2.0,58,20031178,False,1,0,False,0,,-1.0,7.91366700001106,False,0,33.72950000000685,115.62287499999968
fp_theta10_alpha2p0,false_positive,10.0,0.0,2.0,62,20031182,False,1,0,False,0,,-1.0,9.756916000000615,False,0,29.72541600000511,44.289833999997086
fp_theta10_alpha2p0,false_positive,10.0,0.0,2.0,61,20031181,False,1,0,False,0,,-1.0,8.523874999994518,False,0,28.090832999993154,102.74370800000554
fp_theta10_alpha2p0,false_positive,10.0,0.0,2.0,64,20031184,False,1,0,False,0,,-1.0,7.557500000004325,False,0,33.18099999999902,82.0808750000026
fp_theta10_alpha2p0,false_positive,10.0,0.0,2.0,65,20031185,False,1,0,False,0,,-1.0,8.277457999994908,False,0,40.8763749999963,75.05708300000435
fp_theta10_alpha2p0,false_positive,10.0,0.0,2.0,67,20031187,False,1,0,False,0,,-1.0,6.9922910000030924,False,0,40.06408399999373,66.7190829999953
fp_theta10_alpha2p0,false_positive,10.0,0.0,2.0,63,20031183,False,1,0,False,0,,-1.0,8.695291999998744,False,0,34.67879200000823,114.6475830000071
fp_theta10_alpha2p0,false_positive,10.0,0.0,2.0,66,20031186,False,1,0,False,0,,-1.0,8.705625000004602,False,0,30.330500000005145,103.34354100000098
fp_theta10_alpha2p0,false_positive,10.0,0.0,2.0,68,20031188,False,1,0,False,0,,-1.0,10.794374999989031,False,0,32.309666999992714,95.8407500000078
fp_theta10_alpha2p0,false_positive,10.0,0.0,2.0,71,20031191,False,1,0,False,0,,-1.0,9.908166000002439,False,0,38.11391600000036,62.894000000000005
fp_theta10_alpha2p0,false_positive,10.0,0.0,2.0,70,20031190,False,1,0,False,0,,-1.0,9.449416999999016,False,0,37.45458299999882,79.0405839999977
fp_theta10_alpha2p0,false_positive,10.0,0.0,2.0,69,20031189,False,1,0,False,0,,-1.0,9.328457999998818,False,0,38.66279200001088,82.26220900000669
fp_theta10_alpha2p0,false_positive,10.0,0.0,2.0,72,20031192,False,1,0,False,0,,-1.0,6.924167000008197,False,0,27.56325000000004,47.93366700000945
fp_theta10_alpha2p0,false_positive,10.0,0.0,2.0,75,20031195,False,1,0,False,0,,-1.0,3.466917000011449,False,0,32.67050000000893,64.25508400000979
fp_theta10_alpha2p0,false_positive,10.0,0.0,2.0,73,20031193,False,1,0,False,0,,-1.0,6.6495829999979605,False,0,36.95425000000796,73.04183299999067
fp_theta10_alpha2p0,false_positive,10.0,0.0,2.0,74,20031194,False,1,0,False,0,,-1.0,8.21741699999734,False,0,35.44454200000757,72.52858399999695
fp_theta10_alpha2p0,false_positive,10.0,0.0,2.0,77,20031197,False,1,0,False,0,,-1.0,7.798292000003926,False,0,38.30733399999531,63.25116600000058
fp_theta10_alpha2p0,false_positive,10.0,0.0,2.0,76,20031196,False,1,0,False,0,,-1.0,8.715957999996249,False,0,36.73383299999955,76.93412499999397
fp_theta10_alpha2p0,false_positive,10.0,0.0,2.0,81,20031201,False,1,0,False,0,,-1.0,6.944500000003018,False,0,28.448666999992156,50.898332999992135
fp_theta10_alpha2p0,false_positive,10.0,0.0,2.0,79,20031199,False,1,0,False,0,,-1.0,7.970499999998992,False,0,29.246416000006548,82.15583400000526
fp_theta10_alpha2p0,false_positive,10.0,0.0,2.0,78,20031198,False,1,0,False,0,,-1.0,7.651375000008898,False,0,28.020707999999672,90.82150000000411
fp_theta10_alpha2p0,false_positive,10.0,0.0,2.0,83,20031203,False,1,0,False,0,,-1.0,3.671250000010673,False,0,27.27566699999784,26.991250000008904
fp_theta10_alpha2p0,false_positive,10.0,0.0,2.0,80,20031200,False,1,0,False,0,,-1.0,8.103707999993048,False,0,28.185790999998517,108.2611670000091
fp_theta10_alpha2p0,false_positive,10.0,0.0,2.0,84,20031204,False,1,0,False,0,,-1.0,7.221125000000939,False,0,27.091334000004963,72.87108399999909
fp_theta10_alpha2p0,false_positive,10.0,0.0,2.0,82,20031202,False,1,0,False,0,,-1.0,8.7754169999954,False,0,27.8679170000089,98.83241699999701
fp_theta10_alpha2p0,false_positive,10.0,0.0,2.0,86,20031206,False,1,0,False,0,,-1.0,6.849124999988021,False,0,36.57279100001176,79.1087909999959
fp_theta10_alpha2p0,false_positive,10.0,0.0,2.0,87,20031207,False,1,0,False,0,,-1.0,7.847124999997845,False,0,32.569041999991555,71.73279200000593
fp_theta10_alpha2p0,false_positive,10.0,0.0,2.0,85,20031205,False,1,0,False,0,,-1.0,8.64183400000229,False,0,32.088083000004985,108.35224999999582
fp_theta10_alpha2p0,false_positive,10.0,0.0,2.0,88,20031208,False,1,0,False,0,,-1.0,7.5667499999951815,False,0,34.00529200000335,81.99987499999395
fp_theta10_alpha2p0,false_positive,10.0,0.0,2.0,90,20031210,False,1,0,False,0,,-1.0,10.15516599998989,False,0,29.507084000002237,76.6613329999899
fp_theta10_alpha2p0,false_positive,10.0,0.0,2.0,89,20031209,False,1,0,False,0,,-1.0,7.703957999993349,False,0,31.363124999998604,92.21487499999625
fp_theta10_alpha2p0,false_positive,10.0,0.0,2.0,91,20031211,False,1,0,False,0,,-1.0,7.478499999990618,False,0,32.76283399999613,76.00200000000257
fp_theta10_alpha2p0,false_positive,10.0,0.0,2.0,93,20031213,False,1,0,False,0,,-1.0,7.210333000003288,False,0,28.783458999996014,70.7129999999978
fp_theta10_alpha2p0,false_positive,10.0,0.0,2.0,92,20031212,False,1,0,False,0,,-1.0,6.925084000002357,False,0,28.093915999988894,102.59416699999235
fp_theta10_alpha2p0,false_positive,10.0,0.0,2.0,97,20031217,False,1,0,False,0,,-1.0,7.982124999998064,False,0,47.140209000005484,75.48200000000804
fp_theta10_alpha2p0,false_positive,10.0,0.0,2.0,94,20031214,False,1,0,False,0,,-1.0,8.402500000002533,False,0,49.19641600000091,104.19704199999558
fp_theta10_alpha2p0,false_positive,10.0,0.0,2.0,96,20031216,False,1,0,False,0,,-1.0,8.164874999991412,False,0,48.651458999998454,80.7194169999974
fp_theta10_alpha2p0,false_positive,10.0,0.0,2.0,95,20031215,False,1,0,False,0,,-1.0,9.490040999992289,False,0,48.72833299999968,103.0419580000057
fp_theta10_alpha2p0,false_positive,10.0,0.0,2.0,98,20031218,False,1,0,False,0,,-1.0,7.961832999995977,False,0,46.778250000002686,78.45391700000448
power_theta200_rho64,power,200.0,64.0,inf,96,20030216,True,184,183,True,5,542;266;749;227;622,77.8688524590164,20.121709000008536,True,10,62.00695799999778,3030.151833000005
fp_theta10_alpha0p5,false_positive,10.0,0.0,0.5,0,20032120,False,1,0,False,0,,-1.0,7.883000000006746,False,0,33.45795799999962,86.86133300000165
fp_theta10_alpha2p0,false_positive,10.0,0.0,2.0,99,20031219,False,1,0,False,0,,-1.0,9.352915999997435,False,0,32.75099999999043,96.26229100000216
fp_theta10_alpha0p5,false_positive,10.0,0.0,0.5,2,20032122,False,1,0,False,0,,-1.0,6.975334000003386,False,0,34.21199999999658,118.67820800000572
fp_theta10_alpha0p5,false_positive,10.0,0.0,0.5,5,20032125,False,1,0,False,0,,-1.0,6.640750000002527,False,0,31.79074999999898,57.25629200000526
fp_theta10_alpha0p5,false_positive,10.0,0.0,0.5,1,20032121,False,1,0,False,0,,-1.0,7.830583000000502,False,0,42.65987499999824,157.94212499999105
fp_theta10_alpha0p5,false_positive,10.0,0.0,0.5,3,20032123,False,1,0,False,0,,-1.0,7.612084000001573,False,0,43.33299999998985,86.34937499999751
fp_theta10_alpha0p5,false_positive,10.0,0.0,0.5,8,20032128,False,1,0,False,0,,-1.0,7.805167000000779,False,0,43.77879199999768,71.26495800000043
fp_theta10_alpha0p5,false_positive,10.0,0.0,0.5,4,20032124,False,1,0,False,0,,-1.0,6.941666000003011,False,0,44.764583000002744,82.93541700000162
fp_theta10_alpha0p5,false_positive,10.0,0.0,0.5,9,20032129,False,1,0,False,0,,-1.0,9.36704199999383,False,0,41.15999999999076,80.22887499998888
fp_theta10_alpha0p5,false_positive,10.0,0.0,0.5,6,20032126,False,1,0,False,0,,-1.0,7.325499999993212,False,0,29.672500000003765,104.73812499999724
fp_theta10_alpha0p5,false_positive,10.0,0.0,0.5,7,20032127,False,1,0,False,0,,-1.0,7.052458999993405,False,0,32.50645900000393,108.19358299998783
fp_theta10_alpha0p5,false_positive,10.0,0.0,0.5,10,20032130,False,1,0,False,0,,-1.0,8.356500000004985,False,0,28.483292000004212,113.99487500000305
fp_theta10_alpha0p5,false_positive,10.0,0.0,0.5,12,20032132,False,1,0,False,0,,-1.0,7.6881669999977476,False,0,28.255083000004788,98.26749999999151
fp_theta10_alpha0p5,false_positive,10.0,0.0,0.5,15,20032135,False,1,0,False,0,,-1.0,7.35433399999863,False,0,27.098958000010498,69.1636670000122
fp_theta10_alpha0p5,false_positive,10.0,0.0,0.5,13,20032133,False,1,0,False,0,,-1.0,7.097666000007052,False,0,29.085667000003923,84.90400000000875
fp_theta10_alpha0p5,false_positive,10.0,0.0,0.5,16,20032136,False,1,0,False,0,,-1.0,7.196166999989373,False,0,40.832209000001285,95.64991599999928
fp_theta10_alpha0p5,false_positive,10.0,0.0,0.5,11,20032131,False,1,0,False,0,,-1.0,9.11074999999073,False,0,45.64791599999296,130.10650000001078
fp_theta10_alpha0p5,false_positive,10.0,0.0,0.5,19,20032139,False,1,0,False,0,,-1.0,8.67358300000376,False,0,38.430875000003084,88.04874999999868
fp_theta10_alpha0p5,false_positive,10.0,0.0,0.5,20,20032140,False,1,0,False,0,,-1.0,7.759625000005599,False,0,30.928000000002953,83.48158399999761
fp_theta10_alpha0p5,false_positive,10.0,0.0,0.5,14,20032134,False,1,0,False,0,,-1.0,7.234541999991961,False,0,29.10729200000617,129.8890829999948
fp_theta10_alpha0p5,false_positive,10.0,0.0,0.5,18,20032138,False,1,0,False,0,,-1.0,8.838291999992975,False,0,31.217875000010054,131.55662500000176
power_theta200_rho64,power,200.0,64.0,inf,97,20030217,True,176,175,True,6,853;770;328;334;66;599,61.53142857142857,18.47887499999956,True,10,40.607583999999974,2949.497083000011
fp_theta10_alpha0p5,false_positive,10.0,0.0,0.5,17,20032137,False,1,0,False,0,,-1.0,7.105959000000439,False,0,31.060667000005537,152.37554200000147
fp_theta10_alpha0p5,false_positive,10.0,0.0,0.5,21,20032141,False,1,0,False,0,,-1.0,8.224249999997824,False,0,29.39858300000253,81.02187500000468
fp_theta10_alpha0p5,false_positive,10.0,0.0,0.5,25,20032145,False,1,0,False,0,,-1.0,6.064417000004596,False,0,30.323124999995343,69.78249999998809
fp_theta10_alpha0p5,false_positive,10.0,0.0,0.5,22,20032142,False,1,0,False,0,,-1.0,8.209875000005695,False,0,28.563582999993287,126.61587499999882
fp_theta10_alpha0p5,false_positive,10.0,0.0,0.5,23,20032143,False,1,0,False,0,,-1.0,7.3445000000020855,False,0,28.472582999995666,123.61987500000282
fp_theta10_alpha0p5,false_positive,10.0,0.0,0.5,24,20032144,False,1,0,False,0,,-1.0,6.7231250000077125,False,0,28.88879099999997,109.00741599999719
fp_theta10_alpha0p5,false_positive,10.0,0.0,0.5,28,20032148,False,1,0,False,0,,-1.0,6.836375000006001,False,0,37.464417000009576,111.12429099999588
fp_theta10_alpha0p5,false_positive,10.0,0.0,0.5,27,20032147,False,1,0,False,0,,-1.0,8.304499999994164,False,0,34.28262500000301,124.53341699999498
fp_theta10_alpha0p5,false_positive,10.0,0.0,0.5,26,20032146,False,1,0,False,0,,-1.0,7.861667000000239,False,0,31.30391599999882,140.63862500000823
fp_theta10_alpha0p5,false_positive,10.0,0.0,0.5,29,20032149,False,1,0,False,0,,-1.0,8.881625000000781,False,0,29.452167000002305,134.63770900000327
fp_theta10_alpha0p5,false_positive,10.0,0.0,0.5,30,20032150,False,1,0,False,0,,-1.0,7.963124999989191,False,0,39.12774999999158,141.95875000000058
fp_theta10_alpha0p5,false_positive,10.0,0.0,0.5,32,20032152,False,1,0,False,0,,-1.0,7.855792000000861,False,0,36.74845800000526,119.78050000000451
fp_theta10_alpha0p5,false_positive,10.0,0.0,0.5,31,20032151,False,1,0,False,0,,-1.0,7.519000000002052,False,0,40.74666700000762,134.06133300000533
fp_theta10_alpha0p5,false_positive,10.0,0.0,0.5,36,20032156,False,1,0,False,0,,-1.0,7.032041000002209,False,0,29.512709000002246,69.62333300000978
fp_theta10_alpha0p5,false_positive,10.0,0.0,0.5,34,20032154,False,1,0,False,0,,-1.0,7.003083000000743,False,0,31.886124999999765,97.33208299999774
fp_theta10_alpha0p5,false_positive,10.0,0.0,0.5,33,20032153,False,1,0,False,0,,-1.0,9.200333000009664,False,0,32.713416999996525,118.15629100000535
fp_theta10_alpha0p5,false_positive,10.0,0.0,0.5,35,20032155,False,1,0,False,0,,-1.0,7.44233300000019,False,0,28.591292000001545,110.75841699999955
fp_theta10_alpha0p5,false_positive,10.0,0.0,0.5,37,20032157,False,1,0,False,0,,-1.0,6.5521249999989095,False,0,29.343166000003862,91.78745900000251
fp_theta10_alpha0p5,false_positive,10.0,0.0,0.5,39,20032159,False,1,0,False,0,,-1.0,7.933124999993879,False,0,28.16895799999486,108.6811670000003
fp_theta10_alpha0p5,false_positive,10.0,0.0,0.5,38,20032158,False,1,0,False,0,,-1.0,7.087709000003883,False,0,27.27654200000984,126.58483299999546
fp_theta10_alpha0p5,false_positive,10.0,0.0,0.5,40,20032160,False,1,0,False,0,,-1.0,7.009542000005808,False,0,27.44174999999416,108.83712499999376
fp_theta10_alpha0p5,false_positive,10.0,0.0,0.5,46,20032166,False,1,0,False,0,,-1.0,7.051291999999876,False,0,34.88950000000557,72.35425000000362
fp_theta10_alpha0p5,false_positive,10.0,0.0,0.5,43,20032163,False,1,0,False,0,,-1.0,6.5075420000084705,False,0,35.03329200000849,107.75191699998743
fp_theta10_alpha0p5,false_positive,10.0,0.0,0.5,41,20032161,False,1,0,False,0,,-1.0,11.908250000004728,False,0,31.62666699999761,118.57966700000588
fp_theta10_alpha0p5,false_positive,10.0,0.0,0.5,45,20032165,False,1,0,False,0,,-1.0,8.12066599999639,False,0,28.662541999992186,100.71520900000053
fp_theta10_alpha0p5,false_positive,10.0,0.0,0.5,42,20032162,False,1,0,False,0,,-1.0,9.124999999997385,False,0,31.869791999994845,132.74320799999373
fp_theta10_alpha0p5,false_positive,10.0,0.0,0.5,48,20032168,False,1,0,False,0,,-1.0,5.00279199999909,False,0,36.29125000000499,79.9104579999863
fp_theta10_alpha0p5,false_positive,10.0,0.0,0.5,47,20032167,False,1,0,False,0,,-1.0,8.584624999997459,False,0,36.621917000005055,101.14233299999853
fp_theta10_alpha0p5,false_positive,10.0,0.0,0.5,44,20032164,False,1,0,False,0,,-1.0,7.178250000009712,False,0,28.54962499999658,148.5301670000041
fp_theta10_alpha0p5,false_positive,10.0,0.0,0.5,50,20032170,False,1,0,False,0,,-1.0,7.74524999999926,False,0,28.411542000000622,73.70679199999586
fp_theta10_alpha0p5,false_positive,10.0,0.0,0.5,49,20032169,False,1,0,False,0,,-1.0,8.085457999996493,False,0,35.45800000000554,122.14104200000975
fp_theta10_alpha0p5,false_positive,10.0,0.0,0.5,52,20032172,False,1,0,False,0,,-1.0,6.393833000004179,False,0,34.832459000000426,70.64762499999233
fp_theta10_alpha0p5,false_positive,10.0,0.0,0.5,51,20032171,False,1,0,False,0,,-1.0,7.07537499999944,False,0,31.912958000006597,145.3917500000017
fp_theta10_alpha0p5,false_positive,10.0,0.0,0.5,57,20032177,False,1,0,False,0,,-1.0,6.919499999995082,False,0,33.64662500000293,87.06074999999203
fp_theta10_alpha0p5,false_positive,10.0,0.0,0.5,53,20032173,False,1,0,False,0,,-1.0,7.6118750000091495,False,0,34.9199169999963,130.87020899999402
fp_theta10_alpha0p5,false_positive,10.0,0.0,0.5,54,20032174,False,1,0,False,0,,-1.0,9.976832999996077,False,0,33.02641599999845,123.90887499999792
fp_theta10_alpha0p5,false_positive,10.0,0.0,0.5,59,20032179,False,1,0,False,0,,-1.0,7.461457999994536,False,0,47.04808300000707,92.28116600000646
fp_theta10_alpha0p5,false_positive,10.0,0.0,0.5,55,20032175,False,1,0,False,0,,-1.0,8.973709000002827,False,0,45.574166999998056,131.0054160000078
fp_theta10_alpha0p5,false_positive,10.0,0.0,0.5,58,20032178,False,1,0,False,0,,-1.0,9.670583000001898,False,0,48.55912499999704,102.17174999999656
power_theta200_rho64,power,200.0,64.0,inf,99,20030219,True,178,177,True,4,662;602;761;213,95.06214689265536,18.76724999999624,True,10,54.701665999999705,3100.947333999997
fp_theta10_alpha0p5,false_positive,10.0,0.0,0.5,56,20032176,False,1,0,False,0,,-1.0,11.354999999994675,False,0,36.20495799999901,158.59154199999637
fp_theta10_alpha0p5,false_positive,10.0,0.0,0.5,60,20032180,False,1,0,False,0,,-1.0,7.880249999999478,False,0,35.408333000006564,123.66404200000147
fp_theta10_alpha0p5,false_positive,10.0,0.0,0.5,61,20032181,False,1,0,False,0,,-1.0,8.959375000003433,False,0,31.217624999996474,112.32820900001173
fp_theta10_alpha0p5,false_positive,10.0,0.0,0.5,62,20032182,False,1,0,False,0,,-1.0,8.544833000001972,False,0,29.654749999991736,114.21845899999994
fp_theta10_alpha0p5,false_positive,10.0,0.0,0.5,65,20032185,False,1,0,False,0,,-1.0,8.98924999999906,False,0,36.27141700000891,93.33629099999996
fp_theta10_alpha0p5,false_positive,10.0,0.0,0.5,63,20032183,False,1,0,False,0,,-1.0,7.916957999995589,False,0,30.70683400000007,131.53862500000457
fp_theta10_alpha0p5,false_positive,10.0,0.0,0.5,64,20032184,False,1,0,False,0,,-1.0,8.299041999990209,False,0,32.10387500000422,149.29037500000675
fp_theta10_alpha0p5,false_positive,10.0,0.0,0.5,66,20032186,False,1,0,False,0,,-1.0,8.809333000002084,False,0,34.22949999999503,141.1547920000089
fp_theta10_alpha0p5,false_positive,10.0,0.0,0.5,69,20032189,False,1,0,False,0,,-1.0,7.903874999996674,False,0,39.51366700000847,121.59041700000728
fp_theta10_alpha0p5,false_positive,10.0,0.0,0.5,68,20032188,False,1,0,False,0,,-1.0,7.550500000007787,False,0,36.369041999989804,126.93920899999966
fp_theta10_alpha0p5,false_positive,10.0,0.0,0.5,73,20032193,False,1,0,False,0,,-1.0,9.501291999995942,False,0,39.25179200000173,89.10100000001364
fp_theta10_alpha0p5,false_positive,10.0,0.0,0.5,70,20032190,False,1,0,False,0,,-1.0,8.487833000003775,False,0,39.416166999998836,145.40212500000393
fp_theta10_alpha0p5,false_positive,10.0,0.0,0.5,72,20032192,False,1,0,False,0,,-1.0,7.60633400000188,False,0,29.177458000006595,144.1560000000095
fp_theta10_alpha0p5,false_positive,10.0,0.0,0.5,67,20032187,False,1,0,False,0,,-1.0,7.73758300000793,False,0,31.740624999997635,190.06341600000098
fp_theta10_alpha0p5,false_positive,10.0,0.0,0.5,74,20032194,False,1,0,False,0,,-1.0,9.25108299999522,False,0,29.993417000000022,132.0332499999921
fp_theta10_alpha0p5,false_positive,10.0,0.0,0.5,71,20032191,False,1,0,False,0,,-1.0,8.29874999999447,False,0,36.73512499999276,174.77000000000942
fp_theta10_alpha0p5,false_positive,10.0,0.0,0.5,77,20032197,False,1,0,False,0,,-1.0,5.9142500000035625,False,0,32.10579199999586,55.457250000003455
fp_theta10_alpha0p5,false_positive,10.0,0.0,0.5,75,20032195,False,1,0,False,0,,-1.0,8.722957999992786,False,0,28.69254200000171,120.89037499998767
fp_theta10_alpha0p5,false_positive,10.0,0.0,0.5,76,20032196,False,1,0,False,0,,-1.0,8.618959000003201,False,0,32.09133299999678,108.66833299999712
fp_theta10_alpha0p5,false_positive,10.0,0.0,0.5,80,20032200,False,1,0,False,0,,-1.0,6.837332999992896,False,0,28.412457999991148,98.42533300000866
fp_theta10_alpha0p5,false_positive,10.0,0.0,0.5,78,20032198,False,1,0,False,0,,-1.0,8.99820800000839,False,0,31.060750000008852,104.92387499999722
fp_theta10_alpha0p5,false_positive,10.0,0.0,0.5,79,20032199,False,1,0,False,0,,-1.0,7.4770829999977195,False,0,31.82191700000203,122.60924999999645
fp_theta10_alpha0p5,false_positive,10.0,0.0,0.5,82,20032202,False,1,0,False,0,,-1.0,7.723833000000013,False,0,35.03733299999112,109.16712499999903
fp_theta10_alpha0p5,false_positive,10.0,0.0,0.5,84,20032204,False,1,0,False,0,,-1.0,7.14687499998945,False,0,33.899291000011544,85.17449999999371
fp_theta10_alpha0p5,false_positive,10.0,0.0,0.5,83,20032203,False,1,0,False,0,,-1.0,8.411207999998283,False,0,29.80712500000493,116.5785000000028
fp_theta10_alpha0p5,false_positive,10.0,0.0,0.5,81,20032201,False,1,0,False,0,,-1.0,7.768166999994719,False,0,35.93104200000141,136.80466700000693
fp_theta10_alpha0p5,false_positive,10.0,0.0,0.5,85,20032205,False,1,0,False,0,,-1.0,7.258042000003684,False,0,38.8196669999985,106.10266700000182
fp_theta10_alpha0p5,false_positive,10.0,0.0,0.5,86,20032206,False,1,0,False,0,,-1.0,6.292790999992803,False,0,35.919542000002025,97.03162499999962
fp_theta10_alpha0p5,false_positive,10.0,0.0,0.5,87,20032207,False,1,0,False,0,,-1.0,7.634792000004609,False,0,28.105334000002813,113.57783299999369
fp_theta10_alpha0p5,false_positive,10.0,0.0,0.5,89,20032209,False,1,0,False,0,,-1.0,9.08929199999875,False,0,28.22883300000001,113.87854100000538
fp_theta10_alpha0p5,false_positive,10.0,0.0,0.5,92,20032212,False,1,0,False,0,,-1.0,7.366582999992488,False,0,30.992417000007322,75.65124999999284
fp_theta10_alpha0p5,false_positive,10.0,0.0,0.5,88,20032208,False,1,0,False,0,,-1.0,9.405416999996419,False,0,30.79083300001173,145.29158400000597
fp_theta10_alpha0p5,false_positive,10.0,0.0,0.5,93,20032213,False,1,0,False,0,,-1.0,5.713333000002763,False,0,30.996125000001484,67.10729200000287
fp_theta10_alpha0p5,false_positive,10.0,0.0,0.5,91,20032211,False,1,0,False,0,,-1.0,8.227708999996253,False,0,30.463457999999832,136.65941700000417
fp_theta10_alpha0p5,false_positive,10.0,0.0,0.5,94,20032214,False,1,0,False,0,,-1.0,7.774709000003099,False,0,33.61512499999719,92.15416600000026
fp_theta10_alpha0p5,false_positive,10.0,0.0,0.5,90,20032210,False,1,0,False,0,,-1.0,9.01320799999894,False,0,32.24050000000034,144.16566599999214
fp_theta10_alpha0p5,false_positive,10.0,0.0,0.5,95,20032215,False,1,0,False,0,,-1.0,8.109666999999376,False,0,32.70187500000077,94.76679200000149
fp_theta10_alpha0p5,false_positive,10.0,0.0,0.5,96,20032216,False,1,0,False,0,,-1.0,5.864458999994326,False,0,31.390250000001174,80.89783299999453
fp_theta10_alpha0p5,false_positive,10.0,0.0,0.5,97,20032217,False,1,0,False,0,,-1.0,7.244958000001134,False,0,27.516165999998066,103.05466699999499
fp_theta10_alpha0p05,false_positive,10.0,0.0,0.05,0,20033120,False,1,0,False,0,,-1.0,3.5650840000016615,False,0,31.948833000001287,93.96795799999325
fp_theta10_alpha0p5,false_positive,10.0,0.0,0.5,99,20032219,False,1,0,False,0,,-1.0,7.248207999992928,False,0,29.525374999991527,116.55062500000213
fp_theta10_alpha0p05,false_positive,10.0,0.0,0.05,1,20033121,False,1,0,False,0,,-1.0,6.486999999992804,False,0,31.192665999995484,85.07545900000935
fp_theta10_alpha0p05,false_positive,10.0,0.0,0.05,2,20033122,False,1,0,False,0,,-1.0,7.9244169999981295,False,0,29.0252909999964,83.68404200000157
fp_theta10_alpha0p5,false_positive,10.0,0.0,0.5,98,20032218,False,1,0,False,0,,-1.0,9.180125000000317,False,0,29.31779200000051,166.03995799999893
fp_theta10_alpha0p05,false_positive,10.0,0.0,0.05,4,20033124,False,1,0,False,0,,-1.0,7.2879159999956755,False,0,28.771542000001205,93.72583299999349
fp_theta10_alpha0p05,false_positive,10.0,0.0,0.05,3,20033123,False,1,0,False,0,,-1.0,7.158124999989468,False,0,27.46304199999372,120.95291699999677
fp_theta10_alpha0p05,false_positive,10.0,0.0,0.05,5,20033125,False,1,0,False,0,,-1.0,8.261208999996938,False,0,36.77399999999409,110.46045799999149
fp_theta10_alpha0p05,false_positive,10.0,0.0,0.05,6,20033126,False,1,0,False,0,,-1.0,8.016749999995909,False,0,39.35612499999763,111.98345799999743
fp_theta10_alpha0p05,false_positive,10.0,0.0,0.05,8,20033128,False,1,0,False,0,,-1.0,7.599958000000129,False,0,32.28708299999994,118.02587500000072
fp_theta10_alpha0p05,false_positive,10.0,0.0,0.05,7,20033127,False,1,0,False,0,,-1.0,8.769583999992392,False,0,29.434582999996906,127.47554199999911
fp_theta10_alpha0p05,false_positive,10.0,0.0,0.05,9,20033129,False,1,0,False,0,,-1.0,9.854834000009305,False,0,30.498291000000677,112.83133299998838
fp_theta10_alpha0p05,false_positive,10.0,0.0,0.05,11,20033131,False,1,0,False,0,,-1.0,8.609583000009025,False,0,31.825625000010405,100.13091699998711
fp_theta10_alpha0p05,false_positive,10.0,0.0,0.05,10,20033130,False,1,0,False,0,,-1.0,7.614207999992573,False,0,28.956374999992818,117.44433299999457
fp_theta10_alpha0p05,false_positive,10.0,0.0,0.05,13,20033133,False,1,0,False,0,,-1.0,6.761832999998774,False,0,31.490792000013812,112.62587499999199
fp_theta10_alpha0p05,false_positive,10.0,0.0,0.05,12,20033132,False,1,0,False,0,,-1.0,7.547291000008727,False,0,29.81908399999611,120.77633300000912
fp_theta10_alpha0p05,false_positive,10.0,0.0,0.05,14,20033134,False,1,0,False,0,,-1.0,7.76141699999755,False,0,30.468459000005055,108.77083399999776
fp_theta10_alpha0p05,false_positive,10.0,0.0,0.05,15,20033135,False,1,0,False,0,,-1.0,6.491125000010811,False,0,30.43579200000579,97.48600000000351
fp_theta10_alpha0p05,false_positive,10.0,0.0,0.05,16,20033136,False,1,0,False,0,,-1.0,9.009165999998459,False,0,30.497792000005575,123.99562500000627
fp_theta10_alpha0p05,false_positive,10.0,0.0,0.05,17,20033137,False,1,0,False,0,,-1.0,7.211374999997133,False,0,36.10299999999711,95.78175000000044
fp_theta10_alpha0p05,false_positive,10.0,0.0,0.05,18,20033138,False,1,0,False,0,,-1.0,7.131041999997478,False,0,31.965665999990733,96.25237500000594
fp_theta10_alpha0p05,false_positive,10.0,0.0,0.05,20,20033140,False,1,0,False,0,,-1.0,8.652959000002625,False,0,32.08041700000308,107.47791600000767
fp_theta10_alpha0p05,false_positive,10.0,0.0,0.05,19,20033139,False,1,0,False,0,,-1.0,9.615082999999913,False,0,29.26541600000121,133.82441699999958
fp_theta10_alpha0p05,false_positive,10.0,0.0,0.05,23,20033143,False,1,0,False,0,,-1.0,7.5432919999940395,False,0,31.693457999992347,104.2708340000047
fp_theta10_alpha0p05,false_positive,10.0,0.0,0.05,21,20033141,False,1,0,False,0,,-1.0,8.607499999996548,False,0,31.91108299999712,131.386207999995
fp_theta10_alpha0p05,false_positive,10.0,0.0,0.05,22,20033142,False,1,0,False,0,,-1.0,8.608624999993708,False,0,45.94220900000323,137.4687500000107
fp_theta10_alpha0p05,false_positive,10.0,0.0,0.05,26,20033146,False,1,0,False,0,,-1.0,5.913708000008455,False,0,44.068249999995146,93.10295799998869
fp_theta10_alpha0p05,false_positive,10.0,0.0,0.05,27,20033147,False,1,0,False,0,,-1.0,5.75941699999305,False,0,44.48733299999219,88.74308300001132
fp_theta10_alpha0p05,false_positive,10.0,0.0,0.05,24,20033144,False,1,0,False,0,,-1.0,9.871666999998752,False,0,39.494833000006224,109.44200000000137
fp_theta10_alpha0p05,false_positive,10.0,0.0,0.05,25,20033145,False,1,0,False,0,,-1.0,7.856040999996594,False,0,29.18299999998908,129.89399999999307
fp_theta10_alpha0p05,false_positive,10.0,0.0,0.05,28,20033148,False,1,0,False,0,,-1.0,7.732000000004291,False,0,40.625624999989896,120.23779199999751
fp_theta10_alpha0p05,false_positive,10.0,0.0,0.05,30,20033150,False,1,0,False,0,,-1.0,7.186583000006408,False,0,41.679958000003126,112.05083400000149
fp_theta10_alpha0p05,false_positive,10.0,0.0,0.05,29,20033149,False,1,0,False,0,,-1.0,10.500125000007188,False,0,41.84150000000386,117.01816699999767
fp_theta10_alpha0p05,false_positive,10.0,0.0,0.05,31,20033151,False,1,0,False,0,,-1.0,6.9395419999978,False,0,35.44095799999525,100.21920900000225
fp_theta10_alpha0p05,false_positive,10.0,0.0,0.05,32,20033152,False,1,0,False,0,,-1.0,9.129458000003865,False,0,27.71475000000123,93.5277499999927
fp_theta10_alpha0p05,false_positive,10.0,0.0,0.05,34,20033154,False,1,0,False,0,,-1.0,7.440292000012505,False,0,30.759208999995735,110.98941699999898
fp_theta10_alpha0p05,false_positive,10.0,0.0,0.05,38,20033158,False,1,0,False,0,,-1.0,6.822041000006607,False,0,32.690541999997436,100.65291600000137
fp_theta10_alpha0p05,false_positive,10.0,0.0,0.05,33,20033153,False,1,0,False,0,,-1.0,7.114083999994136,False,0,33.76804100000186,139.0950420000081
fp_theta10_alpha0p05,false_positive,10.0,0.0,0.05,35,20033155,False,1,0,False,0,,-1.0,8.692334000002688,False,0,36.633957999995914,109.83591599999443
fp_theta10_alpha0p05,false_positive,10.0,0.0,0.05,36,20033156,False,1,0,False,0,,-1.0,6.78862499999866,False,0,36.4074170000066,115.14991699999655
fp_theta10_alpha0p05,false_positive,10.0,0.0,0.05,39,20033159,False,1,0,False,0,,-1.0,7.287207999993939,False,0,33.38116700000171,107.91741700001012
fp_theta10_alpha0p05,false_positive,10.0,0.0,0.05,37,20033157,False,1,0,False,0,,-1.0,8.653082999998674,False,0,34.62070899999503,136.72508400000538
fp_theta10_alpha0p05,false_positive,10.0,0.0,0.05,40,20033160,False,1,0,False,0,,-1.0,10.494542000003548,False,0,29.210457999994333,83.18891700000108
fp_theta10_alpha0p05,false_positive,10.0,0.0,0.05,44,20033164,False,1,0,False,0,,-1.0,8.219916000001604,False,0,27.875166999990597,93.134292000002
fp_theta10_alpha0p05,false_positive,10.0,0.0,0.05,42,20033162,False,1,0,False,0,,-1.0,7.416500000005044,False,0,29.601084000006495,110.9758330000119
fp_theta10_alpha0p05,false_positive,10.0,0.0,0.05,43,20033163,False,1,0,False,0,,-1.0,7.783083999996165,False,0,32.64658400000542,118.52483299999506
fp_theta10_alpha0p05,false_positive,10.0,0.0,0.05,41,20033161,False,1,0,False,0,,-1.0,7.986500000001229,False,0,32.215333999999984,130.10687499999563
fp_theta10_alpha0p05,false_positive,10.0,0.0,0.05,45,20033165,False,1,0,False,0,,-1.0,7.965499999997405,False,0,28.552625000003218,95.52862500000003
fp_theta10_alpha0p05,false_positive,10.0,0.0,0.05,48,20033168,False,1,0,False,0,,-1.0,9.379457999997953,False,0,27.91808300000298,70.59375000000045
fp_theta10_alpha0p05,false_positive,10.0,0.0,0.05,49,20033169,False,1,0,False,0,,-1.0,6.519832999998698,False,0,33.03495800000178,92.41729199999327
fp_theta10_alpha0p05,false_positive,10.0,0.0,0.05,47,20033167,False,1,0,False,0,,-1.0,8.70708399999387,False,0,31.287749999989956,117.40387499999372
fp_theta10_alpha0p05,false_positive,10.0,0.0,0.05,46,20033166,False,1,0,False,0,,-1.0,7.5922910000087995,False,0,35.83633299999178,125.69716699999844
fp_theta10_alpha0p05,false_positive,10.0,0.0,0.05,50,20033170,False,1,0,False,0,,-1.0,8.547999999990452,False,0,33.527625000004946,109.2248340000026
fp_theta10_alpha0p05,false_positive,10.0,0.0,0.05,51,20033171,False,1,0,False,0,,-1.0,8.541832999995336,False,0,29.255083000009563,98.67766600000039
fp_theta10_alpha0p05,false_positive,10.0,0.0,0.05,53,20033173,False,1,0,False,0,,-1.0,4.982040999991,False,0,28.73154200000272,87.11449999999843
fp_theta10_alpha0p05,false_positive,10.0,0.0,0.05,52,20033172,False,1,0,False,0,,-1.0,8.029790999998454,False,0,28.291874999993638,114.05916599998989
fp_theta10_alpha0p05,false_positive,10.0,0.0,0.05,54,20033174,False,1,0,False,0,,-1.0,6.7764169999975365,False,0,30.816040999994243,94.90883400000882
fp_theta10_alpha0p05,false_positive,10.0,0.0,0.05,55,20033175,False,1,0,False,0,,-1.0,8.32366699999909,False,0,27.484499999999912,100.12833300000068
fp_theta10_alpha0p05,false_positive,10.0,0.0,0.05,57,20033177,False,1,0,False,0,,-1.0,7.329791999993063,False,0,39.88212500000543,100.08245800000282
fp_theta10_alpha0p05,false_positive,10.0,0.0,0.05,56,20033176,False,1,0,False,0,,-1.0,9.007167000007144,False,0,40.37733300000923,114.0107500000056
fp_theta10_alpha0p05,false_positive,10.0,0.0,0.05,58,20033178,False,1,0,False,0,,-1.0,5.788082999998778,False,0,36.35254200000304,91.88154099999224
fp_theta10_alpha0p05,false_positive,10.0,0.0,0.05,59,20033179,False,1,0,False,0,,-1.0,5.731957999998372,False,0,31.088707999998633,80.0723750000003
fp_theta10_alpha0p05,false_positive,10.0,0.0,0.05,60,20033180,False,1,0,False,0,,-1.0,7.954583000000071,False,0,30.47583299999701,95.04049999999609
fp_theta10_alpha0p05,false_positive,10.0,0.0,0.05,61,20033181,False,1,0,False,0,,-1.0,7.347249999995142,False,0,29.58049999999446,90.9412500000002
fp_theta10_alpha0p05,false_positive,10.0,0.0,0.05,62,20033182,False,1,0,False,0,,-1.0,5.5228749999969295,False,0,34.22612500000355,103.22491600000205
fp_theta10_alpha0p05,false_positive,10.0,0.0,0.05,63,20033183,False,1,0,False,0,,-1.0,7.860458999999764,False,0,33.19808400000568,97.0159590000037
fp_theta10_alpha0p05,false_positive,10.0,0.0,0.05,65,20033185,False,1,0,False,0,,-1.0,7.590541999988432,False,0,29.964208000009762,92.02620899999658
fp_theta10_alpha0p05,false_positive,10.0,0.0,0.05,64,20033184,False,1,0,False,0,,-1.0,8.412290999999072,False,0,28.959708999991562,122.06995900000095
fp_theta10_alpha0p05,false_positive,10.0,0.0,0.05,66,20033186,False,1,0,False,0,,-1.0,8.073749999994106,False,0,32.83324999999593,130.34933300001228
fp_theta10_alpha0p05,false_positive,10.0,0.0,0.05,67,20033187,False,1,0,False,0,,-1.0,7.748208999998951,False,0,32.64462499998899,117.38133299999731
fp_theta10_alpha0p05,false_positive,10.0,0.0,0.05,69,20033189,False,1,0,False,0,,-1.0,7.21641699999509,False,0,34.357083000003286,103.57999999999379
fp_theta10_alpha0p05,false_positive,10.0,0.0,0.05,70,20033190,False,1,0,False,0,,-1.0,6.741417000000638,False,0,37.739250000001334,99.90470800001106
fp_theta10_alpha0p05,false_positive,10.0,0.0,0.05,68,20033188,False,1,0,False,0,,-1.0,9.173708000005831,False,0,40.143874999998275,119.25591600000018
fp_theta10_alpha0p05,false_positive,10.0,0.0,0.05,71,20033191,False,1,0,False,0,,-1.0,8.445042000005287,False,0,40.90483299999903,108.78783400001169
fp_theta10_alpha0p05,false_positive,10.0,0.0,0.05,75,20033195,False,1,0,False,0,,-1.0,5.3167499999915435,False,0,31.02645800001369,85.10487499999897
fp_theta10_alpha0p05,false_positive,10.0,0.0,0.05,72,20033192,False,1,0,False,0,,-1.0,6.787790999993604,False,0,28.20370799999239,117.75983299999382
fp_theta10_alpha0p05,false_positive,10.0,0.0,0.05,74,20033194,False,1,0,False,0,,-1.0,9.734917000002952,False,0,31.73708299999589,105.54283400000486
fp_theta10_alpha0p05,false_positive,10.0,0.0,0.05,73,20033193,False,1,0,False,0,,-1.0,9.126332999997544,False,0,32.158457999997836,125.22366599999657
fp_theta10_alpha0p05,false_positive,10.0,0.0,0.05,76,20033196,False,1,0,False,0,,-1.0,7.594249999996805,False,0,28.106415999999967,112.43362500000842
fp_theta10_alpha0p05,false_positive,10.0,0.0,0.05,77,20033197,False,1,0,False,0,,-1.0,9.331958000004192,False,0,36.797833000008495,95.73908300001222
fp_theta10_alpha0p05,false_positive,10.0,0.0,0.05,79,20033199,False,1,0,False,0,,-1.0,1.4862499999992451,False,0,36.467666999996595,66.52383399999451
fp_theta10_alpha0p05,false_positive,10.0,0.0,0.05,80,20033200,False,1,0,False,0,,-1.0,7.318208000000936,False,0,29.443040999993286,88.71941700000718
fp_theta10_alpha0p05,false_positive,10.0,0.0,0.05,78,20033198,False,1,0,False,0,,-1.0,6.555040999998596,False,0,30.940749999999184,110.90950000000532
fp_theta10_alpha0p05,false_positive,10.0,0.0,0.05,83,20033203,False,1,0,False,0,,-1.0,6.883625000000393,False,0,32.35970800000132,80.95983399999795
fp_theta10_alpha0p05,false_positive,10.0,0.0,0.05,82,20033202,False,1,0,False,0,,-1.0,8.827584000002275,False,0,29.475875000002816,102.22729200000913
fp_theta10_alpha0p05,false_positive,10.0,0.0,0.05,81,20033201,False,1,0,False,0,,-1.0,8.255165999997871,False,0,30.219750000000545,129.13820800000053
fp_theta10_alpha0p05,false_positive,10.0,0.0,0.05,84,20033204,False,1,0,False,0,,-1.0,8.281707999998389,False,0,33.04633300000148,104.24829100000466
fp_theta10_alpha0p05,false_positive,10.0,0.0,0.05,85,20033205,False,1,0,False,0,,-1.0,8.516166999996244,False,0,32.60945800001025,95.48945800000297
fp_theta10_alpha0p05,false_positive,10.0,0.0,0.05,86,20033206,False,1,0,False,0,,-1.0,7.961832999995977,False,0,36.59312499999601,92.56274999999903
fp_theta10_alpha0p05,false_positive,10.0,0.0,0.05,87,20033207,False,1,0,False,0,,-1.0,6.425792000001707,False,0,35.63720899998657,90.58724999999868
fp_theta10_alpha0p05,false_positive,10.0,0.0,0.05,90,20033210,False,1,0,False,0,,-1.0,6.107916999994245,False,0,28.831791000001772,81.9820840000034
fp_theta10_alpha0p05,false_positive,10.0,0.0,0.05,88,20033208,False,1,0,False,0,,-1.0,8.360417000005782,False,0,31.065832999999543,110.81670899999096
fp_theta10_alpha0p05,false_positive,10.0,0.0,0.05,89,20033209,False,1,0,False,0,,-1.0,7.608707999992248,False,0,31.317874999999162,132.4537079999999
fp_theta10_alpha0p05,false_positive,10.0,0.0,0.05,91,20033211,False,1,0,False,0,,-1.0,6.722957999997448,False,0,29.116166999997972,96.50779199999704
fp_theta10_alpha0p05,false_positive,10.0,0.0,0.05,92,20033212,False,1,0,False,0,,-1.0,6.973290999994219,False,0,36.77887499999599,114.99562500000593
fp_theta10_alpha0p05,false_positive,10.0,0.0,0.05,93,20033213,False,1,0,False,0,,-1.0,6.874416999991695,False,0,37.41516700000602,100.75379100000248
fp_theta10_alpha0p05,false_positive,10.0,0.0,0.05,95,20033215,False,1,0,False,0,,-1.0,7.130084000010584,False,0,33.29391699999462,100.77787500000568
fp_theta10_alpha0p05,false_positive,10.0,0.0,0.05,96,20033216,False,1,0,False,0,,-1.0,6.644375000007585,False,0,32.72041600000364,92.74095799999316
fp_theta10_alpha0p05,false_positive,10.0,0.0,0.05,94,20033214,False,1,0,False,0,,-1.0,8.965166999999497,False,0,37.417291999986446,116.66645799999742
fp_theta10_alpha0p05,false_positive,10.0,0.0,0.05,97,20033217,False,1,0,False,0,,-1.0,7.551417000001948,False,0,35.58316699999864,101.80745899999977
fp_theta10_alpha0p05,false_positive,10.0,0.0,0.05,99,20033219,False,1,0,False,0,,-1.0,7.625125000004118,False,0,35.22416600000611,101.70391700000891
fp_theta10_alpha0p05,false_positive,10.0,0.0,0.05,98,20033218,False,1,0,False,0,,-1.0,7.861042000001817,False,0,40.585915999997724,96.19154199999969
fp_theta50_alpha2p0,false_positive,50.0,0.0,2.0,1,20034121,False,1,0,False,0,,-1.0,7.688040999994428,False,0,28.88308400000028,190.21812500000124
fp_theta50_alpha2p0,false_positive,50.0,0.0,2.0,2,20034122,False,1,0,False,0,,-1.0,7.167166999991537,False,0,32.35924999999895,207.9484160000078
fp_theta50_alpha2p0,false_positive,50.0,0.0,2.0,0,20034120,False,1,0,False,0,,-1.0,7.970208000003254,False,0,34.29533300000287,278.57708300000183
fp_theta50_alpha2p0,false_positive,50.0,0.0,2.0,10,20034130,False,1,0,False,0,,-1.0,7.502375000001393,False,0,29.72270900001206,171.40083300000697
fp_theta50_alpha2p0,false_positive,50.0,0.0,2.0,6,20034126,False,1,0,False,0,,-1.0,11.56979099999944,False,0,29.958458999999493,221.31408299999578
fp_theta50_alpha2p0,false_positive,50.0,0.0,2.0,3,20034123,False,1,0,False,0,,-1.0,9.35420799999065,False,0,33.004374999990205,286.46758300000386
fp_theta50_alpha2p0,false_positive,50.0,0.0,2.0,11,20034131,False,1,0,False,0,,-1.0,7.336417000004758,False,0,35.821749999996655,214.47762500000067
fp_theta50_alpha2p0,false_positive,50.0,0.0,2.0,8,20034128,False,1,0,False,0,,-1.0,7.9570420000010245,False,0,34.355124999990494,231.25179100000537
fp_theta50_alpha2p0,false_positive,50.0,0.0,2.0,4,20034124,False,1,0,False,0,,-1.0,8.484083999988457,False,0,32.45137499999373,298.6726670000053
fp_theta50_alpha2p0,false_positive,50.0,0.0,2.0,7,20034127,False,1,0,False,0,,-1.0,7.627165999991803,False,0,31.105041999992977,288.4052499999967
fp_theta50_alpha2p0,false_positive,50.0,0.0,2.0,9,20034129,False,1,0,False,0,,-1.0,8.603708999999071,False,0,30.223332999995023,280.04887500000564
fp_theta50_alpha2p0,false_positive,50.0,0.0,2.0,5,20034125,False,1,0,False,0,,-1.0,8.478749999994761,False,0,30.8877500000051,328.2294580000098
fp_theta50_alpha2p0,false_positive,50.0,0.0,2.0,16,20034136,False,1,0,False,0,,-1.0,7.415833999999677,False,0,32.33720900000492,165.54491599998755
fp_theta50_alpha2p0,false_positive,50.0,0.0,2.0,13,20034133,False,1,0,False,0,,-1.0,7.749833000005424,False,0,30.56737500000395,254.77258300000472
fp_theta50_alpha2p0,false_positive,50.0,0.0,2.0,12,20034132,False,1,0,False,0,,-1.0,9.338333999991733,False,0,30.011208000004785,317.92520800000545
fp_theta50_alpha2p0,false_positive,50.0,0.0,2.0,15,20034135,False,1,0,False,0,,-1.0,8.103375000004576,False,0,30.910083999998506,238.8579580000112
fp_theta50_alpha2p0,false_positive,50.0,0.0,2.0,20,20034140,False,1,0,False,0,,-1.0,7.479875000001357,False,0,33.46945799999901,189.6013749999952
fp_theta50_alpha2p0,false_positive,50.0,0.0,2.0,14,20034134,False,1,0,False,0,,-1.0,8.122249999999553,False,0,35.39920800000118,297.151999999997
fp_theta50_alpha2p0,false_positive,50.0,0.0,2.0,19,20034139,False,1,0,False,0,,-1.0,7.342042000004767,False,0,32.29249999999695,237.84341600000403
fp_theta50_alpha2p0,false_positive,50.0,0.0,2.0,21,20034141,False,1,0,False,0,,-1.0,8.361457999995991,False,0,34.37941599999306,221.482666
fp_theta50_alpha2p0,false_positive,50.0,0.0,2.0,18,20034138,False,1,0,False,0,,-1.0,8.143125000003693,False,0,33.51324999999861,269.64574999999513
fp_theta50_alpha2p0,false_positive,50.0,0.0,2.0,17,20034137,False,1,0,False,0,,-1.0,7.632916000005707,False,0,34.45741699999871,289.0463749999981
fp_theta50_alpha2p0,false_positive,50.0,0.0,2.0,23,20034143,False,1,0,False,0,,-1.0,7.802791999992564,False,0,30.088833999997178,263.93991600001243
fp_theta50_alpha2p0,false_positive,50.0,0.0,2.0,22,20034142,False,1,0,False,0,,-1.0,7.142915999992283,False,0,33.099875000004886,284.509082999989
fp_theta50_alpha2p0,false_positive,50.0,0.0,2.0,24,20034144,False,1,0,True,1,250,-1.0,13.71954100000039,False,0,30.41912499999455,221.64849999998637
fp_theta50_alpha2p0,false_positive,50.0,0.0,2.0,26,20034146,False,1,0,False,0,,-1.0,8.869500000002972,False,0,30.11416600000416,204.38595799998893
fp_theta50_alpha2p0,false_positive,50.0,0.0,2.0,27,20034147,False,1,0,False,0,,-1.0,8.020500000000652,False,0,30.116833000008114,203.3590409999988
fp_theta50_alpha2p0,false_positive,50.0,0.0,2.0,33,20034153,False,1,0,False,0,,-1.0,10.005707999994229,False,0,29.14399999998807,117.06804199999965
fp_theta50_alpha2p0,false_positive,50.0,0.0,2.0,25,20034145,False,1,0,False,0,,-1.0,8.338125000008745,False,0,30.6507499999924,248.95054200000288
fp_theta50_alpha2p0,false_positive,50.0,0.0,2.0,30,20034150,False,1,0,False,0,,-1.0,8.617583999992462,False,0,27.868458000000373,204.23195800000826
fp_theta50_alpha2p0,false_positive,50.0,0.0,2.0,28,20034148,False,1,0,False,0,,-1.0,7.29116599998747,False,0,29.82975000000465,248.35587499998724
fp_theta50_alpha2p0,false_positive,50.0,0.0,2.0,29,20034149,False,1,0,False,0,,-1.0,11.268791000006217,False,0,28.868332999991253,250.0766250000055
fp_theta50_alpha2p0,false_positive,50.0,0.0,2.0,32,20034152,False,1,0,False,0,,-1.0,10.090500000003999,False,0,27.666917000004787,225.034167000004
fp_theta50_alpha2p0,false_positive,50.0,0.0,2.0,31,20034151,False,1,0,False,0,,-1.0,7.487582999999631,False,0,29.42287500000873,257.5603330000007
fp_theta50_alpha2p0,false_positive,50.0,0.0,2.0,35,20034155,False,1,0,False,0,,-1.0,8.941125000006878,False,0,32.53187500000365,216.47345899999948
fp_theta50_alpha2p0,false_positive,50.0,0.0,2.0,38,20034158,False,1,0,False,0,,-1.0,7.087750000010828,False,0,29.798750000011864,184.69304199999215
fp_theta50_alpha2p0,false_positive,50.0,0.0,2.0,36,20034156,False,1,0,False,0,,-1.0,8.613249999996242,False,0,33.79362500000127,215.6279580000131
fp_theta50_alpha2p0,false_positive,50.0,0.0,2.0,39,20034159,False,1,0,False,0,,-1.0,7.94829100000527,False,0,33.610124999995605,184.9677089999915
fp_theta50_alpha2p0,false_positive,50.0,0.0,2.0,37,20034157,False,1,0,False,0,,-1.0,7.446792000010305,False,0,37.11429199999827,231.40616700000294
fp_theta50_alpha2p0,false_positive,50.0,0.0,2.0,34,20034154,False,1,0,False,0,,-1.0,8.042583000005266,False,0,37.90291600000728,327.8829169999966
fp_theta50_alpha2p0,false_positive,50.0,0.0,2.0,42,20034162,False,1,0,False,0,,-1.0,7.5492080000003625,False,0,30.180958000002533,197.22558299999093
fp_theta50_alpha2p0,false_positive,50.0,0.0,2.0,44,20034164,False,1,0,False,0,,-1.0,7.1522079999937205,False,0,27.851417000007928,186.32929199999637
fp_theta50_alpha2p0,false_positive,50.0,0.0,2.0,40,20034160,False,1,0,False,0,,-1.0,7.686374999991585,False,0,34.904416999992804,274.7912920000033
fp_theta50_alpha2p0,false_positive,50.0,0.0,2.0,43,20034163,False,1,0,False,0,,-1.0,8.132916000008095,False,0,34.15804200000139,224.61245899999938
fp_theta50_alpha2p0,false_positive,50.0,0.0,2.0,41,20034161,False,1,0,False,0,,-1.0,7.38783299999568,False,0,37.80933400000208,252.90920799999128
fp_theta50_alpha2p0,false_positive,50.0,0.0,2.0,45,20034165,False,1,0,False,0,,-1.0,7.583957999997892,False,0,31.877084000001332,247.41691699999535
fp_theta50_alpha2p0,false_positive,50.0,0.0,2.0,50,20034170,False,1,0,False,0,,-1.0,7.821582999994803,False,0,28.373666000007347,174.4125419999989
fp_theta50_alpha2p0,false_positive,50.0,0.0,2.0,46,20034166,False,1,0,False,0,,-1.0,8.019083000007754,False,0,28.616083000002845,285.9923750000064
fp_theta50_alpha2p0,false_positive,50.0,0.0,2.0,47,20034167,False,1,0,False,0,,-1.0,7.769417000005774,False,0,36.888083999997434,279.69966599999907
fp_theta50_alpha2p0,false_positive,50.0,0.0,2.0,53,20034173,False,1,0,False,0,,-1.0,7.248375000003193,False,0,34.11979199999848,181.27558399999089
fp_theta50_alpha2p0,false_positive,50.0,0.0,2.0,52,20034172,False,1,0,False,0,,-1.0,7.2580840000000535,False,0,35.89274999998793,213.4350420000004
fp_theta50_alpha2p0,false_positive,50.0,0.0,2.0,48,20034168,False,1,0,False,0,,-1.0,7.611749999995254,False,0,36.782125000002,295.99699999999984
fp_theta50_alpha2p0,false_positive,50.0,0.0,2.0,49,20034169,False,1,0,False,0,,-1.0,7.861750000003553,False,0,30.865167000001748,332.98087499998985
fp_theta50_alpha2p0,false_positive,50.0,0.0,2.0,56,20034176,False,1,0,False,0,,-1.0,7.1178749999916135,False,0,37.79358300000979,218.3771250000035
fp_theta50_alpha2p0,false_positive,50.0,0.0,2.0,51,20034171,False,1,0,False,0,,-1.0,7.637375000001612,False,0,39.06900000001201,310.3004580000004
fp_theta50_alpha2p0,false_positive,50.0,0.0,2.0,57,20034177,False,1,0,False,0,,-1.0,7.0112910000119655,False,0,31.706083000003105,167.83900000000074
fp_theta50_alpha2p0,false_positive,50.0,0.0,2.0,55,20034175,False,1,0,False,0,,-1.0,7.281833000007509,False,0,32.20416700000328,242.190542000003
fp_theta50_alpha2p0,false_positive,50.0,0.0,2.0,58,20034178,False,1,0,False,0,,-1.0,7.5667499999951815,False,0,30.85591699999668,127.11820900000248
fp_theta50_alpha2p0,false_positive,50.0,0.0,2.0,59,20034179,False,1,0,False,0,,-1.0,7.542416999996249,False,0,30.37612500000364,154.94866599999568
fp_theta50_alpha2p0,false_positive,50.0,0.0,2.0,54,20034174,False,1,0,False,0,,-1.0,7.461291999987907,False,0,37.16808299999741,380.0434170000102
fp_theta50_alpha2p0,false_positive,50.0,0.0,2.0,61,20034181,False,1,0,False,0,,-1.0,9.888666000009039,False,0,31.607874999991736,192.36208300000612
fp_theta50_alpha2p0,false_positive,50.0,0.0,2.0,62,20034182,False,1,0,False,0,,-1.0,9.289666999990231,False,0,27.110542000002624,213.62529200000324
fp_theta50_alpha2p0,false_positive,50.0,0.0,2.0,60,20034180,False,1,0,False,0,,-1.0,8.123957999998765,False,0,32.82912500000634,257.30391700000155
fp_theta50_alpha2p0,false_positive,50.0,0.0,2.0,66,20034186,False,1,0,False,0,,-1.0,8.720749999994837,False,0,27.465749999990408,214.62383300000454
fp_theta50_alpha2p0,false_positive,50.0,0.0,2.0,67,20034187,False,1,0,False,0,,-1.0,8.971541999997612,False,0,28.123041000000626,221.4867910000038
fp_theta50_alpha2p0,false_positive,50.0,0.0,2.0,68,20034188,False,1,0,False,0,,-1.0,8.162999999996146,False,0,35.58099999999342,227.3857079999999
fp_theta50_alpha2p0,false_positive,50.0,0.0,2.0,70,20034190,False,1,0,False,0,,-1.0,7.839041000011093,False,0,31.845125000003804,195.70795799999985
fp_theta50_alpha2p0,false_positive,50.0,0.0,2.0,65,20034185,False,1,0,False,0,,-1.0,7.316500000001724,False,0,30.274833000007106,270.1227910000057
fp_theta50_alpha2p0,false_positive,50.0,0.0,2.0,64,20034184,False,1,0,False,0,,-1.0,8.524708999999575,False,0,28.800291999999672,294.34229099999243
fp_theta50_alpha2p0,false_positive,50.0,0.0,2.0,63,20034183,False,1,0,False,0,,-1.0,9.001750000010134,False,0,34.40012500000478,365.173249999998
fp_theta50_alpha2p0,false_positive,50.0,0.0,2.0,69,20034189,False,1,0,False,0,,-1.0,7.640834000000041,False,0,34.979250000006346,317.1033330000057
fp_theta50_alpha2p0,false_positive,50.0,0.0,2.0,71,20034191,False,1,0,False,0,,-1.0,7.7165839999935315,False,0,33.20891600000664,276.5817500000054
fp_theta50_alpha2p0,false_positive,50.0,0.0,2.0,73,20034193,False,1,0,False,0,,-1.0,7.717416999994953,False,0,29.00516600000458,258.4084169999983
fp_theta50_alpha2p0,false_positive,50.0,0.0,2.0,75,20034195,False,1,0,False,0,,-1.0,9.706249999993588,False,0,30.279915999997797,209.534000000005
fp_theta50_alpha2p0,false_positive,50.0,0.0,2.0,72,20034192,False,1,0,False,0,,-1.0,7.599290999991126,False,0,34.52937499999109,320.2553749999879
fp_theta50_alpha2p0,false_positive,50.0,0.0,2.0,74,20034194,False,1,0,False,0,,-1.0,7.576000000000249,False,0,31.76787499999989,275.96100000000945
fp_theta50_alpha2p0,false_positive,50.0,0.0,2.0,76,20034196,False,1,0,False,0,,-1.0,7.96783300000925,False,0,30.94195799999966,250.86187499999824
fp_theta50_alpha2p0,false_positive,50.0,0.0,2.0,79,20034199,False,1,0,False,0,,-1.0,7.764832999995974,False,0,29.762125000004858,243.0452090000017
fp_theta50_alpha2p0,false_positive,50.0,0.0,2.0,77,20034197,False,1,0,False,0,,-1.0,8.223583000003032,False,0,34.281915999997636,269.23966600000426
fp_theta50_alpha2p0,false_positive,50.0,0.0,2.0,78,20034198,False,1,0,False,0,,-1.0,7.333082999991802,False,0,35.14995799999099,272.075375
fp_theta50_alpha2p0,false_positive,50.0,0.0,2.0,81,20034201,False,1,0,False,0,,-1.0,7.2893330000027845,False,0,29.258374999997727,215.94483299999467
fp_theta50_alpha2p0,false_positive,50.0,0.0,2.0,83,20034203,False,1,0,False,0,,-1.0,8.58462500001167,False,0,30.801666000002115,151.7374159999889
fp_theta50_alpha2p0,false_positive,50.0,0.0,2.0,80,20034200,False,1,0,False,0,,-1.0,7.743040999997675,False,0,29.72820800000875,317.1217500000125
fp_theta50_alpha2p0,false_positive,50.0,0.0,2.0,82,20034202,False,1,0,False,0,,-1.0,8.161250000000564,False,0,30.777791999994975,261.7310420000081
fp_theta50_alpha2p0,false_positive,50.0,0.0,2.0,84,20034204,False,1,0,False,0,,-1.0,8.909250000002089,False,0,31.871625000007953,173.93108299999938
fp_theta50_alpha2p0,false_positive,50.0,0.0,2.0,91,20034211,False,1,0,False,0,,-1.0,7.356791999995949,False,0,32.20833299999981,119.1892920000015
fp_theta50_alpha2p0,false_positive,50.0,0.0,2.0,86,20034206,False,1,0,False,0,,-1.0,7.157457999994676,False,0,30.063874999996187,221.9595000000112
fp_theta50_alpha2p0,false_positive,50.0,0.0,2.0,89,20034209,False,1,0,False,0,,-1.0,7.05591700000241,False,0,29.730458999992493,188.42641699998808
fp_theta50_alpha2p0,false_positive,50.0,0.0,2.0,85,20034205,False,1,0,False,0,,-1.0,8.27587499999538,False,0,31.941000000003328,276.66645899999764
fp_theta50_alpha2p0,false_positive,50.0,0.0,2.0,87,20034207,False,1,0,False,0,,-1.0,7.5369590000065045,False,0,32.221792000001415,252.72925000000157
fp_theta50_alpha2p0,false_positive,50.0,0.0,2.0,96,20034216,False,1,0,False,0,,-1.0,7.182333000002927,False,0,28.20170799999744,130.44041699998843
fp_theta50_alpha2p0,false_positive,50.0,0.0,2.0,90,20034210,False,1,0,False,0,,-1.0,7.430290999991485,False,0,38.358000000002335,241.23837499999468
fp_theta50_alpha2p0,false_positive,50.0,0.0,2.0,88,20034208,False,1,0,False,0,,-1.0,8.73629100000528,False,0,37.5508329999974,294.24691600000585
fp_theta50_alpha2p0,false_positive,50.0,0.0,2.0,93,20034213,False,1,0,False,0,,-1.0,8.968332999998552,False,0,33.906500000000506,225.53274999999928
fp_theta50_alpha2p0,false_positive,50.0,0.0,2.0,95,20034215,False,1,0,False,0,,-1.0,8.942125000004353,False,0,32.84862499999974,197.557333000006
fp_theta50_alpha2p0,false_positive,50.0,0.0,2.0,94,20034214,False,1,0,False,0,,-1.0,8.612749999997504,False,0,30.375208999998904,218.450500000003
fp_theta50_alpha2p0,false_positive,50.0,0.0,2.0,99,20034219,False,1,0,False,0,,-1.0,7.150332999998454,False,0,28.637082999992458,141.0814169999952
fp_theta50_alpha2p0,false_positive,50.0,0.0,2.0,98,20034218,False,1,0,False,0,,-1.0,8.486042000001248,False,0,30.162290999996344,190.74516700000288
fp_theta50_alpha0p5,false_positive,50.0,0.0,0.5,1,20035121,False,1,0,False,0,,-1.0,7.205166999995072,False,0,35.85983400000714,185.75341599999717
fp_theta50_alpha2p0,false_positive,50.0,0.0,2.0,97,20034217,False,1,0,False,0,,-1.0,9.961459000010109,False,0,39.849583999995275,259.0526249999954
fp_theta50_alpha2p0,false_positive,50.0,0.0,2.0,92,20034212,False,1,0,False,0,,-1.0,9.778083000000493,False,0,40.03904200000363,416.3398330000092
fp_theta50_alpha0p5,false_positive,50.0,0.0,0.5,3,20035123,False,1,0,False,0,,-1.0,7.058084000007625,False,0,31.82800000000441,227.47375000000147
fp_theta50_alpha0p5,false_positive,50.0,0.0,0.5,0,20035120,False,1,0,False,0,,-1.0,7.152167000000986,False,0,33.247416999998336,310.5524169999967
fp_theta50_alpha0p5,false_positive,50.0,0.0,0.5,7,20035127,False,1,0,False,0,,-1.0,9.110624999991046,False,0,29.289333000008355,206.3684999999964
fp_theta50_alpha0p5,false_positive,50.0,0.0,0.5,5,20035125,False,1,0,False,0,,-1.0,10.18912499999658,False,0,29.910709000006364,250.17670800001213
fp_theta50_alpha0p5,false_positive,50.0,0.0,0.5,4,20035124,False,1,0,False,0,,-1.0,8.875750000001403,False,0,32.190834000005,282.2611250000051
fp_theta50_alpha0p5,false_positive,50.0,0.0,0.5,6,20035126,False,1,0,False,0,,-1.0,8.185000000011655,False,0,33.62595899999121,261.99499999999887
fp_theta50_alpha0p5,false_positive,50.0,0.0,0.5,2,20035122,False,1,0,False,0,,-1.0,7.183749999995825,False,0,32.4145409999943,312.9754579999968
fp_theta50_alpha0p5,false_positive,50.0,0.0,0.5,9,20035129,False,1,0,False,0,,-1.0,8.104375000002051,False,0,31.45849999999939,232.3602080000029
fp_theta50_alpha0p5,false_positive,50.0,0.0,0.5,12,20035132,False,1,0,False,0,,-1.0,8.039124999996261,False,0,29.644791000009718,194.7716669999977
fp_theta50_alpha0p5,false_positive,50.0,0.0,0.5,11,20035131,False,1,0,False,0,,-1.0,8.7276250000059,False,0,29.773624999990034,205.74070799999333
fp_theta50_alpha0p5,false_positive,50.0,0.0,0.5,8,20035128,False,1,0,False,0,,-1.0,7.966041000003088,False,0,34.745084000007864,346.4804999999984
fp_theta50_alpha0p5,false_positive,50.0,0.0,0.5,15,20035135,False,1,0,False,0,,-1.0,8.157999999994558,False,0,30.502292000008424,208.45191600000135
fp_theta50_alpha0p5,false_positive,50.0,0.0,0.5,10,20035130,False,1,0,False,0,,-1.0,6.9876249999936135,False,0,31.069000000002234,342.8353340000001
fp_theta50_alpha0p5,false_positive,50.0,0.0,0.5,18,20035138,False,1,0,False,0,,-1.0,7.652041000000054,False,0,27.409500000004527,207.28358399999536
fp_theta50_alpha0p5,false_positive,50.0,0.0,0.5,16,20035136,False,1,0,False,0,,-1.0,7.991332999992551,False,0,27.195415999997863,227.61583399999097
fp_theta50_alpha0p5,false_positive,50.0,0.0,0.5,13,20035133,False,1,0,False,0,,-1.0,7.189541000002464,False,0,32.64066700000967,317.1782499999978
fp_theta50_alpha0p5,false_positive,50.0,0.0,0.5,22,20035142,False,1,0,False,0,,-1.0,7.348957999994354,False,0,31.93933299999685,176.1707910000041
fp_theta50_alpha0p5,false_positive,50.0,0.0,0.5,20,20035140,False,1,0,False,0,,-1.0,7.201792000003593,False,0,43.1193750000034,224.89787499999636
fp_theta50_alpha0p5,false_positive,50.0,0.0,0.5,19,20035139,False,1,0,False,0,,-1.0,7.60941699999762,False,0,46.63570900000025,284.15820899999744
fp_theta50_alpha0p5,false_positive,50.0,0.0,0.5,14,20035134,False,1,0,False,0,,-1.0,8.33129199999405,False,0,42.651583000008486,344.27745799999343
fp_theta50_alpha0p5,false_positive,50.0,0.0,0.5,17,20035137,False,1,0,False,0,,-1.0,8.607042000008391,False,0,34.29154100000176,327.62049999999476
fp_theta50_alpha0p5,false_positive,50.0,0.0,0.5,21,20035141,False,1,0,False,0,,-1.0,8.709582999998133,False,0,29.317332999994505,299.4135
fp_theta50_alpha0p5,false_positive,50.0,0.0,0.5,23,20035143,False,1,0,False,0,,-1.0,7.064499999998475,False,0,30.620959000003722,312.604874999991
fp_theta50_alpha0p5,false_positive,50.0,0.0,0.5,26,20035146,False,1,0,False,0,,-1.0,7.887582999998699,False,0,30.143457999997736,231.59524999999803
fp_theta50_alpha0p5,false_positive,50.0,0.0,0.5,27,20035147,False,1,0,False,0,,-1.0,7.577667000006727,False,0,30.816125000001193,233.2963329999984
fp_theta50_alpha0p5,false_positive,50.0,0.0,0.5,25,20035145,False,1,0,False,0,,-1.0,9.380750000005378,False,0,30.296165999999403,273.9212080000044
fp_theta50_alpha0p5,false_positive,50.0,0.0,0.5,32,20035152,False,1,0,False,0,,-1.0,7.214207999993505,False,0,29.900167000008082,202.87900000001002
fp_theta50_alpha0p5,false_positive,50.0,0.0,0.5,33,20035153,False,1,0,False,0,,-1.0,7.838915999997198,False,0,31.019000000000574,201.00699999998994
fp_theta50_alpha0p5,false_positive,50.0,0.0,0.5,31,20035151,False,1,0,False,0,,-1.0,7.379332999988719,False,0,28.41516699999147,240.7065420000123
fp_theta50_alpha0p5,false_positive,50.0,0.0,0.5,24,20035144,False,1,0,False,0,,-1.0,7.667040999990604,False,0,33.81204199999388,387.534040999995
fp_theta50_alpha0p5,false_positive,50.0,0.0,0.5,28,20035148,False,1,0,False,0,,-1.0,8.820833000001471,False,0,35.60400000000641,303.7434579999996
fp_theta50_alpha0p5,false_positive,50.0,0.0,0.5,30,20035150,False,1,0,False,0,,-1.0,9.286875000000805,False,0,28.728917000009346,269.184917000004
fp_theta50_alpha0p5,false_positive,50.0,0.0,0.5,29,20035149,False,1,0,False,0,,-1.0,7.413917000008041,False,0,36.086457999999766,346.18658399999447
fp_theta50_alpha0p5,false_positive,50.0,0.0,0.5,34,20035154,False,1,0,False,0,,-1.0,7.818917000008696,False,0,29.774291999999036,279.4834580000014
fp_theta50_alpha0p5,false_positive,50.0,0.0,0.5,35,20035155,False,1,0,False,0,,-1.0,8.506582999999068,False,0,32.09308300000657,252.72829100001104
fp_theta50_alpha0p5,false_positive,50.0,0.0,0.5,38,20035158,False,1,0,False,0,,-1.0,7.777625000002786,False,0,32.29837499999633,245.88379200000077
fp_theta50_alpha0p5,false_positive,50.0,0.0,0.5,36,20035156,False,1,0,False,0,,-1.0,7.715707999992105,False,0,31.20079100000339,306.5572920000079
fp_theta50_alpha0p5,false_positive,50.0,0.0,0.5,37,20035157,False,1,0,False,0,,-1.0,7.315041000012457,False,0,30.65320800000393,315.11179199999617
fp_theta50_alpha0p5,false_positive,50.0,0.0,0.5,43,20035163,False,1,0,False,0,,-1.0,7.188999999996781,False,0,35.44479200000694,204.3068340000076
fp_theta50_alpha0p5,false_positive,50.0,0.0,0.5,39,20035159,False,1,0,True,1,705,-1.0,14.847957999990058,False,0,35.972624999999425,252.50337500000342
fp_theta50_alpha0p5,false_positive,50.0,0.0,0.5,40,20035160,False,1,0,False,0,,-1.0,7.639249999996878,False,0,34.162167000005184,248.96229200000164
fp_theta50_alpha0p5,false_positive,50.0,0.0,0.5,42,20035162,False,1,0,False,0,,-1.0,7.253250000005096,False,0,29.833708000012393,267.6299999999969
fp_theta50_alpha0p5,false_positive,50.0,0.0,0.5,41,20035161,False,1,0,False,0,,-1.0,7.9039170000072545,False,0,29.675417000007087,312.87020800000676
fp_theta50_alpha0p5,false_positive,50.0,0.0,0.5,44,20035164,False,1,0,False,0,,-1.0,7.9362500000002,False,0,32.49791699998639,289.1778340000002
fp_theta50_alpha0p5,false_positive,50.0,0.0,0.5,45,20035165,False,1,0,False,0,,-1.0,7.95579200000418,False,0,32.19908399999838,286.246332999994
fp_theta50_alpha0p5,false_positive,50.0,0.0,0.5,46,20035166,False,1,0,False,0,,-1.0,7.61379099999715,False,0,33.859917000000905,318.03379199999426
fp_theta50_alpha0p5,false_positive,50.0,0.0,0.5,49,20035169,False,1,0,False,0,,-1.0,9.1531669999938,False,0,29.15204199999266,201.77658299999734
fp_theta50_alpha0p5,false_positive,50.0,0.0,0.5,47,20035167,False,1,0,False,0,,-1.0,8.225957999997036,False,0,31.759542000003194,304.3813329999949
fp_theta50_alpha0p5,false_positive,50.0,0.0,0.5,51,20035171,False,1,0,False,0,,-1.0,7.642165999996564,False,0,37.363334000005466,285.2073749999988
fp_theta50_alpha0p5,false_positive,50.0,0.0,0.5,50,20035170,False,1,0,False,0,,-1.0,7.949332999999115,False,0,38.989750000013146,295.8301670000054
fp_theta50_alpha0p5,false_positive,50.0,0.0,0.5,48,20035168,False,1,0,False,0,,-1.0,9.21966600000701,False,0,32.584165999992365,357.9300829999994
fp_theta50_alpha0p5,false_positive,50.0,0.0,0.5,53,20035173,False,1,0,False,0,,-1.0,9.910750000003077,False,0,38.395832999995605,309.9678340000054
fp_theta50_alpha0p5,false_positive,50.0,0.0,0.5,55,20035175,False,1,0,False,0,,-1.0,7.973583000008944,False,0,34.8397079999927,232.77108300000293
fp_theta50_alpha0p5,false_positive,50.0,0.0,0.5,54,20035174,False,1,0,False,0,,-1.0,8.084041000003594,False,0,29.020125000002395,299.3514169999969
fp_theta50_alpha0p5,false_positive,50.0,0.0,0.5,52,20035172,False,1,0,False,0,,-1.0,7.317624999998884,False,0,32.05970800000557,372.0138330000111
fp_theta50_alpha0p5,false_positive,50.0,0.0,0.5,56,20035176,False,1,0,False,0,,-1.0,10.404124999993769,False,0,33.77808400000504,321.305792000004
fp_theta50_alpha0p5,false_positive,50.0,0.0,0.5,57,20035177,False,1,0,False,0,,-1.0,7.752207999999428,False,0,39.456791999995744,317.02941700000054
fp_theta50_alpha0p5,false_positive,50.0,0.0,0.5,58,20035178,False,1,0,False,0,,-1.0,7.854207999997698,False,0,41.16483299999629,246.94891699999744
fp_theta50_alpha0p5,false_positive,50.0,0.0,0.5,59,20035179,False,1,0,False,0,,-1.0,10.727000000002818,False,0,27.967040999996584,274.09745799999996
fp_theta50_alpha0p5,false_positive,50.0,0.0,0.5,65,20035185,False,1,0,False,0,,-1.0,7.417458999995574,False,0,29.171374999990007,197.95287499999858
fp_theta50_alpha0p5,false_positive,50.0,0.0,0.5,62,20035182,False,1,0,False,0,,-1.0,7.119500000001722,False,0,34.891166999997836,260.4604579999972
fp_theta50_alpha0p5,false_positive,50.0,0.0,0.5,63,20035183,False,1,0,False,0,,-1.0,8.588709000008521,False,0,39.52641600000106,254.22708300000352
fp_theta50_alpha0p5,false_positive,50.0,0.0,0.5,61,20035181,False,1,0,False,0,,-1.0,8.967999999995868,False,0,37.72491600000194,263.8162079999944
fp_theta50_alpha0p5,false_positive,50.0,0.0,0.5,64,20035184,False,1,0,False,0,,-1.0,9.439167000010684,False,0,31.09820800000307,270.76808400001084
fp_theta50_alpha0p5,false_positive,50.0,0.0,0.5,60,20035180,False,1,0,False,0,,-1.0,7.941333000005102,False,0,35.58512500001143,372.8278750000129
fp_theta50_alpha0p5,false_positive,50.0,0.0,0.5,66,20035186,False,1,0,False,0,,-1.0,8.729583999993906,False,0,34.320082999997226,251.68008299999656
fp_theta50_alpha0p5,false_positive,50.0,0.0,0.5,68,20035188,False,1,0,False,0,,-1.0,9.251708999997277,False,0,29.91758299999958,214.22533300000168
fp_theta50_alpha0p5,false_positive,50.0,0.0,0.5,70,20035190,False,1,0,False,0,,-1.0,8.487166999998408,False,0,37.469958000002634,249.86362499998904
fp_theta50_alpha0p5,false_positive,50.0,0.0,0.5,69,20035189,False,1,0,False,0,,-1.0,6.929999999996994,False,0,37.91229099999782,260.0458329999924
fp_theta50_alpha0p5,false_positive,50.0,0.0,0.5,67,20035187,False,1,0,False,0,,-1.0,8.002500000003465,False,0,34.68929199999593,364.9417080000035
fp_theta50_alpha0p5,false_positive,50.0,0.0,0.5,71,20035191,False,1,0,False,0,,-1.0,8.786791000005678,False,0,29.840582999995036,254.3328749999887
fp_theta50_alpha0p5,false_positive,50.0,0.0,0.5,74,20035194,False,1,0,False,0,,-1.0,8.575167000003603,False,0,29.29008299999225,245.48154100000374
fp_theta50_alpha0p5,false_positive,50.0,0.0,0.5,72,20035192,False,1,0,False,0,,-1.0,7.043542000005232,False,0,30.774875000005864,298.29395900000577
fp_theta50_alpha0p5,false_positive,50.0,0.0,0.5,75,20035195,False,1,0,True,1,308,-1.0,13.14191699999867,False,0,27.588583000010658,263.1745000000052
fp_theta50_alpha0p5,false_positive,50.0,0.0,0.5,73,20035193,False,1,0,False,0,,-1.0,8.653542000004677,False,0,29.483999999996513,287.63058399999863
fp_theta50_alpha0p5,false_positive,50.0,0.0,0.5,77,20035197,False,1,0,False,0,,-1.0,8.845667000002777,False,0,29.560916999997744,266.7622499999993
fp_theta50_alpha0p5,false_positive,50.0,0.0,0.5,79,20035199,False,1,0,False,0,,-1.0,7.331250000007117,False,0,32.48124999998936,250.88983299998802
fp_theta50_alpha0p5,false_positive,50.0,0.0,0.5,78,20035198,False,1,0,False,0,,-1.0,8.177833000004853,False,0,30.66174999999305,287.64387500000055
fp_theta50_alpha0p5,false_positive,50.0,0.0,0.5,76,20035196,False,1,0,False,0,,-1.0,7.3545829999943635,False,0,32.660333999999125,307.04420799999355
fp_theta50_alpha0p5,false_positive,50.0,0.0,0.5,83,20035203,False,1,0,False,0,,-1.0,7.187625000000253,False,0,28.007708000004072,237.54129099999943
fp_theta50_alpha0p5,false_positive,50.0,0.0,0.5,80,20035200,False,1,0,False,0,,-1.0,7.82662500000697,False,0,30.26329100001135,261.8517079999947
fp_theta50_alpha0p5,false_positive,50.0,0.0,0.5,81,20035201,False,1,0,False,0,,-1.0,8.814041000007933,False,0,31.574040999998942,281.9217499999951
fp_theta50_alpha0p5,false_positive,50.0,0.0,0.5,87,20035207,False,1,0,False,0,,-1.0,8.842375000000402,False,0,37.702042000006486,190.22708299999636
fp_theta50_alpha0p5,false_positive,50.0,0.0,0.5,84,20035204,False,1,0,True,1,322,-1.0,18.72691700000928,False,0,38.63770800001021,216.49341699999525
fp_theta50_alpha0p5,false_positive,50.0,0.0,0.5,86,20035206,False,1,0,False,0,,-1.0,8.717000000004305,False,0,30.407709000002114,222.99962499999992
fp_theta50_alpha0p5,false_positive,50.0,0.0,0.5,82,20035202,False,1,0,False,0,,-1.0,9.516666999999757,False,0,33.596165999995264,390.3915839999996
fp_theta50_alpha0p5,false_positive,50.0,0.0,0.5,91,20035211,False,1,0,False,0,,-1.0,8.161874999998986,False,0,32.48037500000578,196.63795799999662
fp_theta50_alpha0p5,false_positive,50.0,0.0,0.5,85,20035205,False,1,0,False,0,,-1.0,7.647875000003523,False,0,33.26558300000215,289.6022919999979
fp_theta50_alpha0p5,false_positive,50.0,0.0,0.5,90,20035210,False,1,0,False,0,,-1.0,9.047374999994418,False,0,35.573124999999095,284.7453329999894
fp_theta50_alpha0p5,false_positive,50.0,0.0,0.5,89,20035209,False,1,0,False,0,,-1.0,7.571165999991081,False,0,35.2913749999999,317.1901249999962
fp_theta50_alpha0p5,false_positive,50.0,0.0,0.5,93,20035213,False,1,0,False,0,,-1.0,8.108332999995582,False,0,32.375833999992665,247.64654199999825
fp_theta50_alpha0p5,false_positive,50.0,0.0,0.5,92,20035212,False,1,0,False,0,,-1.0,8.154416000010656,False,0,30.618583000006083,277.0512499999995
fp_theta50_alpha0p5,false_positive,50.0,0.0,0.5,88,20035208,False,1,0,False,0,,-1.0,7.362667000009537,False,0,35.11208300000135,405.6218329999979
fp_theta50_alpha0p05,false_positive,50.0,0.0,0.05,0,20036120,False,1,0,False,0,,-1.0,7.701334000003612,False,0,28.65108400000338,146.66766599999903
fp_theta50_alpha0p5,false_positive,50.0,0.0,0.5,95,20035215,False,1,0,False,0,,-1.0,7.601291999989712,False,0,29.15649999999914,250.04808399999945
fp_theta50_alpha0p5,false_positive,50.0,0.0,0.5,94,20035214,False,1,0,False,0,,-1.0,7.786709000001224,False,0,37.51762500000666,335.9201660000082
fp_theta50_alpha0p5,false_positive,50.0,0.0,0.5,97,20035217,False,1,0,False,0,,-1.0,8.04495799999927,False,0,43.964250000001925,265.7231660000008
fp_theta50_alpha0p05,false_positive,50.0,0.0,0.05,1,20036121,False,1,0,False,0,,-1.0,8.795667000001117,False,0,41.89516700000695,135.07687499999577
fp_theta50_alpha0p5,false_positive,50.0,0.0,0.5,96,20035216,False,1,0,False,0,,-1.0,7.941583000004471,False,0,33.84741699998983,291.0862499999922
fp_theta50_alpha0p05,false_positive,50.0,0.0,0.05,3,20036123,False,1,0,False,0,,-1.0,7.697333000010076,False,0,28.20008300000154,156.0775000000092
fp_theta50_alpha0p05,false_positive,50.0,0.0,0.05,2,20036122,False,1,0,True,1,178,-1.0,13.41108299999405,False,0,32.89300000000139,185.80841600000042
fp_theta50_alpha0p05,false_positive,50.0,0.0,0.05,5,20036125,False,1,0,False,0,,-1.0,8.694584000011218,False,0,32.16450000000748,135.26170900000523
fp_theta50_alpha0p5,false_positive,50.0,0.0,0.5,98,20035218,False,1,0,False,0,,-1.0,7.332332999993696,False,0,30.157334000008973,336.3211249999978
fp_theta50_alpha0p05,false_positive,50.0,0.0,0.05,4,20036124,False,1,0,False,0,,-1.0,9.88629200000446,False,0,33.22858299999609,188.93424999998842
fp_theta50_alpha0p5,false_positive,50.0,0.0,0.5,99,20035219,False,1,0,False,0,,-1.0,8.644916999998031,False,0,37.56216599998652,343.74049999999556
fp_theta50_alpha0p05,false_positive,50.0,0.0,0.05,6,20036126,False,1,0,False,0,,-1.0,7.268875000008279,False,0,27.798708000005945,178.60254199999304
fp_theta50_alpha0p05,false_positive,50.0,0.0,0.05,7,20036127,False,1,0,False,0,,-1.0,7.327083000006951,False,0,27.393208999995977,170.91141699999923
fp_theta50_alpha0p05,false_positive,50.0,0.0,0.05,10,20036130,False,1,0,False,0,,-1.0,9.954333999999676,False,0,30.15912499999729,157.94800000000464
fp_theta50_alpha0p05,false_positive,50.0,0.0,0.05,8,20036128,False,1,0,False,0,,-1.0,8.912582999997198,False,0,28.29033399999048,171.9523750000036
fp_theta50_alpha0p05,false_positive,50.0,0.0,0.05,11,20036131,False,1,0,False,0,,-1.0,8.10037500001215,False,0,32.029375000007576,180.241874999993
fp_theta50_alpha0p05,false_positive,50.0,0.0,0.05,9,20036129,False,1,0,False,0,,-1.0,8.047875000002591,False,0,27.942916999990075,205.0591670000017
fp_theta50_alpha0p05,false_positive,50.0,0.0,0.05,14,20036134,False,1,0,False,0,,-1.0,7.377542000000403,False,0,28.513541999998893,144.57099999999912
fp_theta50_alpha0p05,false_positive,50.0,0.0,0.05,13,20036133,False,1,0,False,0,,-1.0,7.712624999996365,False,0,27.38191699999959,165.1713749999999
fp_theta50_alpha0p05,false_positive,50.0,0.0,0.05,12,20036132,False,1,0,False,0,,-1.0,9.147542000008002,False,0,40.73645799999781,189.12554099999568
fp_theta50_alpha0p05,false_positive,50.0,0.0,0.05,15,20036135,False,1,0,False,0,,-1.0,8.354541999992193,False,0,37.69429200001184,158.8254589999991
fp_theta50_alpha0p05,false_positive,50.0,0.0,0.05,16,20036136,False,1,0,False,0,,-1.0,8.086708999996972,False,0,26.5595420000011,165.4767499999963
fp_theta50_alpha0p05,false_positive,50.0,0.0,0.05,17,20036137,False,1,0,False,0,,-1.0,10.24345899999446,False,0,28.400832999992076,172.70474999999408
fp_theta50_alpha0p05,false_positive,50.0,0.0,0.05,18,20036138,False,1,0,False,0,,-1.0,10.19675000000575,False,0,28.76604200000088,179.47674999999208
fp_theta50_alpha0p05,false_positive,50.0,0.0,0.05,19,20036139,False,1,0,False,0,,-1.0,8.70191700001044,False,0,33.46629199999995,190.27533400000607
fp_theta50_alpha0p05,false_positive,50.0,0.0,0.05,20,20036140,False,1,0,False,0,,-1.0,7.64862500000163,False,0,28.85758400000782,166.64304200000402
fp_theta50_alpha0p05,false_positive,50.0,0.0,0.05,21,20036141,False,1,0,False,0,,-1.0,8.81354199999862,False,0,30.37520800000948,185.08116600000335
fp_theta50_alpha0p05,false_positive,50.0,0.0,0.05,22,20036142,False,1,0,False,0,,-1.0,9.090499999999224,False,0,30.143957999996474,163.10191700000587
fp_theta50_alpha0p05,false_positive,50.0,0.0,0.05,23,20036143,False,1,0,False,0,,-1.0,9.116875000003688,False,0,28.2435830000054,179.13391599999784
fp_theta50_alpha0p05,false_positive,50.0,0.0,0.05,24,20036144,False,1,0,False,0,,-1.0,7.476666000002297,False,0,32.23066700000743,174.66245800000024
fp_theta50_alpha0p05,false_positive,50.0,0.0,0.05,27,20036147,False,1,0,False,0,,-1.0,9.444250000001375,False,0,28.275332999996294,151.4872499999882
fp_theta50_alpha0p05,false_positive,50.0,0.0,0.05,25,20036145,False,1,0,False,0,,-1.0,7.965833000000089,False,0,28.002041999997118,189.6568329999866
fp_theta50_alpha0p05,false_positive,50.0,0.0,0.05,26,20036146,False,1,0,False,0,,-1.0,9.482667000000333,False,0,31.57433299999468,162.24404199999753
fp_theta50_alpha0p05,false_positive,50.0,0.0,0.05,28,20036148,False,1,0,False,0,,-1.0,8.647667000005299,False,0,35.148792000001094,179.28920800000014
fp_theta50_alpha0p05,false_positive,50.0,0.0,0.05,29,20036149,False,1,0,False,0,,-1.0,7.885083000005011,False,0,36.4869160000012,167.64141699999868
fp_theta50_alpha0p05,false_positive,50.0,0.0,0.05,31,20036151,False,1,0,False,0,,-1.0,7.859959000001027,False,0,30.00354200000288,155.02433300000007
fp_theta50_alpha0p05,false_positive,50.0,0.0,0.05,32,20036152,False,1,0,False,0,,-1.0,7.784584000006589,False,0,35.40541700000688,158.94404099999804
fp_theta50_alpha0p05,false_positive,50.0,0.0,0.05,30,20036150,False,1,0,False,0,,-1.0,8.543792000011763,False,0,39.264333000005536,196.0538340000113
fp_theta50_alpha0p05,false_positive,50.0,0.0,0.05,35,20036155,False,1,0,False,0,,-1.0,8.501166999991483,False,0,29.288207999996985,151.6842500000024
fp_theta50_alpha0p05,false_positive,50.0,0.0,0.05,34,20036154,False,1,0,False,0,,-1.0,7.060957999996731,False,0,34.61079199999517,195.82662500000936
fp_theta50_alpha0p05,false_positive,50.0,0.0,0.05,33,20036153,False,1,0,False,0,,-1.0,8.983249999999998,False,0,33.21299999998928,197.66900000000476
fp_theta50_alpha0p05,false_positive,50.0,0.0,0.05,39,20036159,False,1,0,False,0,,-1.0,8.759917000006112,False,0,31.831709000002206,138.23208400000908
fp_theta50_alpha0p05,false_positive,50.0,0.0,0.05,37,20036157,False,1,0,False,0,,-1.0,8.492832999991151,False,0,40.515999999996666,161.21616699999208
fp_theta50_alpha0p05,false_positive,50.0,0.0,0.05,36,20036156,False,1,0,False,0,,-1.0,8.681875000007722,False,0,42.32912499999486,181.68229100000133
fp_theta50_alpha0p05,false_positive,50.0,0.0,0.05,38,20036158,False,1,0,False,0,,-1.0,7.86024999999313,False,0,40.08462499999155,162.20958399999574
fp_theta50_alpha0p05,false_positive,50.0,0.0,0.05,41,20036161,False,1,0,False,0,,-1.0,8.343207999999436,False,0,39.45120800000268,114.49745900000607
fp_theta50_alpha0p05,false_positive,50.0,0.0,0.05,40,20036160,False,1,0,False,0,,-1.0,8.01545900000633,False,0,35.06920800001012,187.3377920000081
fp_theta50_alpha0p05,false_positive,50.0,0.0,0.05,43,20036163,False,1,0,False,0,,-1.0,7.789875000000279,False,0,33.85366599999884,136.23074999999574
fp_theta50_alpha0p05,false_positive,50.0,0.0,0.05,44,20036164,False,1,0,False,0,,-1.0,9.512416999996276,False,0,30.67454199999986,164.36379099999954
fp_theta50_alpha0p05,false_positive,50.0,0.0,0.05,42,20036162,False,1,0,False,0,,-1.0,8.323583000006352,False,0,30.294084000004773,188.9393750000039
fp_theta50_alpha0p05,false_positive,50.0,0.0,0.05,45,20036165,False,1,0,False,0,,-1.0,8.79087500000253,False,0,31.369999999995457,160.84016599999984
fp_theta50_alpha0p05,false_positive,50.0,0.0,0.05,47,20036167,False,1,0,False,0,,-1.0,9.283499999995115,False,0,31.837249999995265,167.76566699999762
fp_theta50_alpha0p05,false_positive,50.0,0.0,0.05,46,20036166,False,1,0,False,0,,-1.0,9.258625000001075,False,0,37.17283299999963,182.0695419999936
fp_theta50_alpha0p05,false_positive,50.0,0.0,0.05,48,20036168,False,1,0,False,0,,-1.0,16.49320799999998,False,0,36.815292,170.84224999999265
fp_theta50_alpha0p05,false_positive,50.0,0.0,0.05,51,20036171,False,1,0,False,0,,-1.0,10.534874999990507,False,0,39.613916999996945,156.644
fp_theta50_alpha0p05,false_positive,50.0,0.0,0.05,50,20036170,False,1,0,False,0,,-1.0,11.121458999994616,False,0,39.07991600000571,165.90183400001024
fp_theta50_alpha0p05,false_positive,50.0,0.0,0.05,49,20036169,False,1,0,True,1,788,-1.0,16.82775000000447,False,0,34.958875000000944,167.9103329999947
fp_theta50_alpha0p05,false_positive,50.0,0.0,0.05,53,20036173,False,1,0,False,0,,-1.0,7.4259159999883195,False,0,28.28479100000436,146.14645900000767
fp_theta50_alpha0p05,false_positive,50.0,0.0,0.05,52,20036172,False,1,0,False,0,,-1.0,8.869042000000604,False,0,30.001874999996403,226.43908300000248
fp_theta50_alpha0p05,false_positive,50.0,0.0,0.05,54,20036174,False,1,0,False,0,,-1.0,8.674333000001866,False,0,27.82070899999667,210.5456670000052
fp_theta50_alpha0p05,false_positive,50.0,0.0,0.05,55,20036175,False,1,0,False,0,,-1.0,7.617249999995579,False,0,38.981292000002554,199.9695830000121
fp_theta50_alpha0p05,false_positive,50.0,0.0,0.05,59,20036179,False,1,0,False,0,,-1.0,9.162083999996185,False,0,40.03924999999242,113.16516700000534
fp_theta50_alpha0p05,false_positive,50.0,0.0,0.05,56,20036176,False,1,0,False,0,,-1.0,7.959541000005288,False,0,35.449332999988314,195.5565419999914
fp_theta50_alpha0p05,false_positive,50.0,0.0,0.05,57,20036177,False,1,0,False,0,,-1.0,8.80145899999718,False,0,31.137333000003764,172.04204200000106
fp_theta50_alpha0p05,false_positive,50.0,0.0,0.05,63,20036183,False,1,0,False,0,,-1.0,7.996875000003456,False,0,33.25645800001098,145.5583340000004
fp_theta50_alpha0p05,false_positive,50.0,0.0,0.05,62,20036182,False,1,0,False,0,,-1.0,7.974791999998843,False,0,43.6271669999968,159.91787500000498
fp_theta50_alpha0p05,false_positive,50.0,0.0,0.05,60,20036180,False,1,0,False,0,,-1.0,7.782125000005635,False,0,42.81308299999864,171.25170799999978
fp_theta50_alpha0p05,false_positive,50.0,0.0,0.05,58,20036178,False,1,0,False,0,,-1.0,8.036000000004151,False,0,46.26950000000818,203.8903750000003
fp_theta50_alpha0p05,false_positive,50.0,0.0,0.05,61,20036181,False,1,0,False,0,,-1.0,9.15766699999665,False,0,40.16299999999262,175.90300000000525
fp_theta50_alpha0p05,false_positive,50.0,0.0,0.05,65,20036185,False,1,0,False,0,,-1.0,7.658415999998169,False,0,38.90262499999153,170.14941700000463
fp_theta50_alpha0p05,false_positive,50.0,0.0,0.05,64,20036184,False,1,0,False,0,,-1.0,8.957334000001538,False,0,37.480500000000916,185.14404200000456
fp_theta50_alpha0p05,false_positive,50.0,0.0,0.05,70,20036190,False,1,0,False,0,,-1.0,7.408084000005033,False,0,30.80837499999234,139.28674999999657
fp_theta50_alpha0p05,false_positive,50.0,0.0,0.05,68,20036188,False,1,0,False,0,,-1.0,8.912957999996252,False,0,33.24674999998933,152.02495799999838
fp_theta50_alpha0p05,false_positive,50.0,0.0,0.05,69,20036189,False,1,0,False,0,,-1.0,7.736791999988668,False,0,29.822957999996902,166.1060830000025
fp_theta50_alpha0p05,false_positive,50.0,0.0,0.05,66,20036186,False,1,0,False,0,,-1.0,9.646249999988754,False,0,36.858374999994226,199.69504200000188
fp_theta50_alpha0p05,false_positive,50.0,0.0,0.05,67,20036187,False,1,0,False,0,,-1.0,8.08908299998734,False,0,33.615499999996246,177.77395800000306
fp_theta50_alpha0p05,false_positive,50.0,0.0,0.05,71,20036191,False,1,0,False,0,,-1.0,7.1274999999957345,False,0,29.681874999994307,174.69183400000077
fp_theta50_alpha0p05,false_positive,50.0,0.0,0.05,74,20036194,False,1,0,False,0,,-1.0,7.097541999996793,False,0,28.47483399999362,150.63504200000466
fp_theta50_alpha0p05,false_positive,50.0,0.0,0.05,75,20036195,False,1,0,False,0,,-1.0,7.238166000007595,False,0,41.53641700000321,164.80383300000767
fp_theta50_alpha0p05,false_positive,50.0,0.0,0.05,73,20036193,False,1,0,False,0,,-1.0,8.101042000006942,False,0,38.79179199999783,174.81945800000176
fp_theta50_alpha0p05,false_positive,50.0,0.0,0.05,72,20036192,False,1,0,False,0,,-1.0,10.010500000007028,False,0,38.60837500000969,175.3720410000028
fp_theta50_alpha0p05,false_positive,50.0,0.0,0.05,77,20036197,False,1,0,False,0,,-1.0,8.07945799999743,False,0,39.0891670000002,176.96929200000966
fp_theta50_alpha0p05,false_positive,50.0,0.0,0.05,76,20036196,False,1,0,False,0,,-1.0,9.17083299999888,False,0,41.37504199999853,173.93862500000523
fp_theta50_alpha0p05,false_positive,50.0,0.0,0.05,79,20036199,False,1,0,False,0,,-1.0,7.477749999992511,False,0,33.27733300000091,155.0956250000013
fp_theta50_alpha0p05,false_positive,50.0,0.0,0.05,81,20036201,False,1,0,False,0,,-1.0,7.3407499999973425,False,0,41.28154200000722,157.15183300000035
fp_theta50_alpha0p05,false_positive,50.0,0.0,0.05,78,20036198,False,1,0,False,0,,-1.0,7.702459000000772,False,0,42.82012500000576,187.87624999998798
fp_theta50_alpha0p05,false_positive,50.0,0.0,0.05,80,20036200,False,1,0,False,0,,-1.0,7.7208330000075875,False,0,40.83579199999576,170.73608400001206
fp_theta50_alpha0p05,false_positive,50.0,0.0,0.05,82,20036202,False,1,0,False,0,,-1.0,9.092584000001125,False,0,33.56783299999222,191.38595900000155
fp_theta50_alpha0p05,false_positive,50.0,0.0,0.05,84,20036204,False,1,0,False,0,,-1.0,9.821458000004668,False,0,31.305833000004668,141.8614170000012
fp_theta50_alpha0p05,false_positive,50.0,0.0,0.05,87,20036207,False,1,0,False,0,,-1.0,7.3373750000058635,False,0,28.942125000000374,145.90891699999986
fp_theta50_alpha0p05,false_positive,50.0,0.0,0.05,83,20036203,False,1,0,False,0,,-1.0,8.322500000005562,False,0,36.94354200000305,189.23529199999223
fp_theta50_alpha0p05,false_positive,50.0,0.0,0.05,86,20036206,False,1,0,False,0,,-1.0,9.16408300000171,False,0,32.53033300001107,157.47650000000135
fp_theta50_alpha0p05,false_positive,50.0,0.0,0.05,85,20036205,False,1,0,False,0,,-1.0,7.30112499999791,False,0,31.43916599999841,187.36720900000137
fp_theta50_alpha0p05,false_positive,50.0,0.0,0.05,90,20036210,False,1,0,False,0,,-1.0,7.739542000010147,False,0,26.760999999993373,112.09841699999856
fp_theta50_alpha0p05,false_positive,50.0,0.0,0.05,89,20036209,False,1,0,False,0,,-1.0,8.397541999997316,False,0,31.790166000007503,174.66291699999204
fp_theta50_alpha0p05,false_positive,50.0,0.0,0.05,88,20036208,False,1,0,False,0,,-1.0,9.296750000004295,False,0,28.237958000005392,181.57833300000448
fp_theta50_alpha0p05,false_positive,50.0,0.0,0.05,91,20036211,False,1,0,False,0,,-1.0,8.19908399999747,False,0,31.551042000003804,153.90087500000504
fp_theta50_alpha0p05,false_positive,50.0,0.0,0.05,93,20036213,False,1,0,False,0,,-1.0,9.054958999996643,False,0,31.262542000007443,170.39912499998877
fp_theta50_alpha0p05,false_positive,50.0,0.0,0.05,92,20036212,False,1,0,False,0,,-1.0,8.66012499999158,False,0,31.60145799999725,185.05345799999873
fp_theta50_alpha0p05,false_positive,50.0,0.0,0.05,95,20036215,False,1,0,False,0,,-1.0,8.113334000000805,False,0,28.611249999997312,168.14541700000518
fp_theta50_alpha0p05,false_positive,50.0,0.0,0.05,94,20036214,False,1,0,False,0,,-1.0,7.825207999999861,False,0,30.27191699999321,184.77849999999307
fp_theta50_alpha0p05,false_positive,50.0,0.0,0.05,98,20036218,False,1,0,False,0,,-1.0,9.915875000004348,False,0,33.41079199999797,128.123875
fp_theta50_alpha0p05,false_positive,50.0,0.0,0.05,97,20036217,False,1,0,False,0,,-1.0,9.109750000007466,False,0,29.162499999998204,152.45608399999355
fp_theta50_alpha0p05,false_positive,50.0,0.0,0.05,96,20036216,False,1,0,False,0,,-1.0,9.307582999994679,False,0,30.159249999996973,176.5322080000118
fp_theta50_alpha0p05,false_positive,50.0,0.0,0.05,99,20036219,False,1,0,False,0,,-1.0,8.565290999996478,False,0,30.743041999997445,170.2271249999967
fp_theta100_alpha2p0,false_positive,100.0,0.0,2.0,0,20037120,False,1,0,False,0,,-1.0,7.3784160000087695,False,0,39.620791000004374,301.7382080000033
fp_theta100_alpha2p0,false_positive,100.0,0.0,2.0,10,20037130,False,1,0,False,0,,-1.0,8.084166999992703,False,0,35.84962499999733,197.1126250000026
fp_theta100_alpha2p0,false_positive,100.0,0.0,2.0,7,20037127,False,1,0,False,0,,-1.0,7.620625000001269,False,0,35.282125000009046,226.22945899999536
fp_theta100_alpha2p0,false_positive,100.0,0.0,2.0,3,20037123,False,1,0,False,0,,-1.0,8.623209000006682,False,0,38.231666000001496,280.9374170000041
fp_theta100_alpha2p0,false_positive,100.0,0.0,2.0,2,20037122,False,1,0,False,0,,-1.0,7.502750000000447,False,0,33.26316600001178,389.46024999999906
fp_theta100_alpha2p0,false_positive,100.0,0.0,2.0,9,20037129,False,1,0,True,1,533,-1.0,14.073916999990388,False,0,39.15216699999746,281.65120799999954
fp_theta100_alpha2p0,false_positive,100.0,0.0,2.0,1,20037121,False,1,0,False,0,,-1.0,7.423416999998267,False,0,39.868957999999566,410.0921659999983
fp_theta100_alpha2p0,false_positive,100.0,0.0,2.0,5,20037125,False,1,0,False,0,,-1.0,7.317958000001568,False,0,35.765208000000825,344.22595799999556
fp_theta100_alpha2p0,false_positive,100.0,0.0,2.0,6,20037126,False,1,0,False,0,,-1.0,8.50716600000112,False,0,34.919625000000565,362.501249999994
fp_theta100_alpha2p0,false_positive,100.0,0.0,2.0,8,20037128,False,1,0,False,0,,-1.0,7.466499999992493,False,0,34.736292000005164,360.8542499999885
fp_theta100_alpha2p0,false_positive,100.0,0.0,2.0,4,20037124,False,1,0,False,0,,-1.0,7.569166999999766,False,0,33.0615000000023,415.085916999999
fp_theta100_alpha2p0,false_positive,100.0,0.0,2.0,11,20037131,False,1,0,False,0,,-1.0,7.404624999992393,False,0,33.74875000000088,415.5670420000064
fp_theta100_alpha2p0,false_positive,100.0,0.0,2.0,12,20037132,False,1,0,False,0,,-1.0,8.082999999999174,False,0,34.51033300000006,321.3420419999977
fp_theta100_alpha2p0,false_positive,100.0,0.0,2.0,13,20037133,False,1,0,False,0,,-1.0,8.898457999990228,False,0,35.6640419999934,287.77066699998954
fp_theta100_alpha2p0,false_positive,100.0,0.0,2.0,20,20037140,False,1,0,False,0,,-1.0,8.776999999994928,False,0,39.54924999999321,237.40020799999684
fp_theta100_alpha2p0,false_positive,100.0,0.0,2.0,15,20037135,False,1,0,False,0,,-1.0,9.515415999999277,False,0,43.229166999992685,358.8791669999978
fp_theta100_alpha2p0,false_positive,100.0,0.0,2.0,17,20037137,False,1,0,False,0,,-1.0,8.19708400000252,False,0,40.09745799999109,286.2787090000012
fp_theta100_alpha2p0,false_positive,100.0,0.0,2.0,14,20037134,False,1,0,False,0,,-1.0,8.84058300000845,False,0,40.02674999999556,374.49162499999034
fp_theta100_alpha2p0,false_positive,100.0,0.0,2.0,18,20037138,False,1,0,False,0,,-1.0,11.979874999994422,False,0,37.19354200001135,321.2559160000126
fp_theta100_alpha2p0,false_positive,100.0,0.0,2.0,22,20037142,False,1,0,False,0,,-1.0,11.216540999996027,False,0,33.669957999990174,304.2422080000051
fp_theta100_alpha2p0,false_positive,100.0,0.0,2.0,16,20037136,False,1,0,False,0,,-1.0,13.26162499999839,False,0,34.93424999999206,419.15212499999654
fp_theta100_alpha2p0,false_positive,100.0,0.0,2.0,21,20037141,False,1,0,False,0,,-1.0,8.980500000006941,False,0,32.769042000012405,364.9044160000017
fp_theta100_alpha2p0,false_positive,100.0,0.0,2.0,19,20037139,False,1,0,False,0,,-1.0,8.56295900000248,False,0,42.725833000005764,419.3582920000125
fp_theta100_alpha2p0,false_positive,100.0,0.0,2.0,23,20037143,False,1,0,False,0,,-1.0,7.59433300000012,False,0,31.39749999999708,336.2986669999941
fp_theta100_alpha2p0,false_positive,100.0,0.0,2.0,27,20037147,False,1,0,False,0,,-1.0,8.11654199999623,False,0,28.777542000000267,232.7233329999956
fp_theta100_alpha2p0,false_positive,100.0,0.0,2.0,24,20037144,False,1,0,False,0,,-1.0,8.607834000002867,False,0,34.34937500000501,371.39854200000855
fp_theta100_alpha2p0,false_positive,100.0,0.0,2.0,25,20037145,False,1,0,False,0,,-1.0,7.439250000004449,False,0,34.31287499999769,390.25604100000066
fp_theta100_alpha2p0,false_positive,100.0,0.0,2.0,29,20037149,False,1,0,False,0,,-1.0,8.971332999990977,False,0,34.49245900000619,319.07875000000274
fp_theta100_alpha2p0,false_positive,100.0,0.0,2.0,30,20037150,False,1,0,False,0,,-1.0,8.899917000007918,False,0,33.661542000004374,290.74541699999656
fp_theta100_alpha2p0,false_positive,100.0,0.0,2.0,28,20037148,False,1,0,False,0,,-1.0,10.989541999990138,False,0,34.15370899999459,363.2269590000021
fp_theta100_alpha2p0,false_positive,100.0,0.0,2.0,31,20037151,False,1,0,False,0,,-1.0,8.13820799999121,False,0,31.746624999996698,298.0072919999941
fp_theta100_alpha2p0,false_positive,100.0,0.0,2.0,26,20037146,False,1,0,False,0,,-1.0,7.847540999989633,False,0,36.79904099999476,434.12912499999834
fp_theta100_alpha2p0,false_positive,100.0,0.0,2.0,32,20037152,False,1,0,False,0,,-1.0,7.181166000009398,False,0,34.78966600000888,388.926749999996
fp_theta100_alpha2p0,false_positive,100.0,0.0,2.0,34,20037154,False,1,0,False,0,,-1.0,8.876708000002509,False,0,34.92712500001005,411.7945840000061
fp_theta100_alpha2p0,false_positive,100.0,0.0,2.0,39,20037159,False,1,0,False,0,,-1.0,9.386625000004756,False,0,37.47337499999048,215.43616599998927
fp_theta100_alpha2p0,false_positive,100.0,0.0,2.0,35,20037155,False,1,0,False,0,,-1.0,7.959333000002289,False,0,42.522292000001016,374.39170800000454
fp_theta100_alpha2p0,false_positive,100.0,0.0,2.0,38,20037158,False,1,0,False,0,,-1.0,8.702041999995913,False,0,30.296333999999092,270.81866700000035
fp_theta100_alpha2p0,false_positive,100.0,0.0,2.0,36,20037156,False,1,0,False,0,,-1.0,8.214584000000968,False,0,35.22183300000847,398.8421250000016
fp_theta100_alpha2p0,false_positive,100.0,0.0,2.0,33,20037153,False,1,0,False,0,,-1.0,8.331583000000364,False,0,48.887624999991885,578.8258749999926
fp_theta100_alpha2p0,false_positive,100.0,0.0,2.0,40,20037160,False,1,0,False,0,,-1.0,7.961624999992978,False,0,45.3950830000025,330.73570799999175
fp_theta100_alpha2p0,false_positive,100.0,0.0,2.0,37,20037157,False,1,0,False,0,,-1.0,7.725207999996542,False,0,46.47883300000899,402.779584000001
fp_theta100_alpha2p0,false_positive,100.0,0.0,2.0,42,20037162,False,1,0,False,0,,-1.0,8.39858399999116,False,0,36.812666999992416,299.31625000000395
fp_theta100_alpha2p0,false_positive,100.0,0.0,2.0,47,20037167,False,1,0,False,0,,-1.0,8.664833999986854,False,0,31.753875000006815,226.43658299999458
fp_theta100_alpha2p0,false_positive,100.0,0.0,2.0,41,20037161,False,1,0,False,0,,-1.0,7.259749999988685,False,0,34.58458299999734,477.72320800000045
fp_theta100_alpha2p0,false_positive,100.0,0.0,2.0,44,20037164,False,1,0,False,0,,-1.0,7.873000000003572,False,0,30.853041999989728,352.85966700000415
fp_theta100_alpha2p0,false_positive,100.0,0.0,2.0,46,20037166,False,1,0,False,0,,-1.0,7.548374999998941,False,0,31.295874999997864,295.9219159999975
fp_theta100_alpha2p0,false_positive,100.0,0.0,2.0,43,20037163,False,1,0,False,0,,-1.0,8.635791999992648,False,0,33.378167000009284,469.4293330000079
fp_theta100_alpha2p0,false_positive,100.0,0.0,2.0,45,20037165,False,1,0,False,0,,-1.0,8.282874999991918,False,0,33.03983300000368,387.7294589999991
fp_theta100_alpha2p0,false_positive,100.0,0.0,2.0,53,20037173,False,1,0,False,0,,-1.0,7.678167000008784,False,0,30.972667000000342,247.06241600000567
fp_theta100_alpha2p0,false_positive,100.0,0.0,2.0,48,20037168,False,1,0,False,0,,-1.0,7.771208999997725,False,0,34.62349999999503,409.17508399999747
fp_theta100_alpha2p0,false_positive,100.0,0.0,2.0,49,20037169,False,1,0,False,0,,-1.0,7.845915999993736,False,0,33.26074999999662,390.2277079999976
fp_theta100_alpha2p0,false_positive,100.0,0.0,2.0,50,20037170,False,1,0,False,0,,-1.0,7.847625000010794,False,0,45.02341700001011,408.22699999999656
fp_theta100_alpha2p0,false_positive,100.0,0.0,2.0,52,20037172,False,1,0,False,0,,-1.0,7.355291999999736,False,0,44.57995799999992,407.41624999999715
fp_theta100_alpha2p0,false_positive,100.0,0.0,2.0,51,20037171,False,1,0,False,0,,-1.0,7.182666999995035,False,0,37.10116599999935,447.87345800000367
fp_theta100_alpha2p0,false_positive,100.0,0.0,2.0,54,20037174,False,1,0,False,0,,-1.0,8.27499999999759,False,0,34.23441700000751,339.1511250000008
fp_theta100_alpha2p0,false_positive,100.0,0.0,2.0,55,20037175,False,1,0,False,0,,-1.0,8.473584000000756,False,0,34.16320799999539,325.1644589999927
fp_theta100_alpha2p0,false_positive,100.0,0.0,2.0,56,20037176,False,1,0,False,0,,-1.0,8.124791000000187,False,0,36.23795800000096,355.7557910000071
fp_theta100_alpha2p0,false_positive,100.0,0.0,2.0,57,20037177,False,1,0,False,0,,-1.0,7.930749999999875,False,0,39.854208000008384,346.6568330000115
fp_theta100_alpha2p0,false_positive,100.0,0.0,2.0,59,20037179,False,1,0,False,0,,-1.0,8.763707999989379,False,0,41.1170840000068,282.78274999999553
fp_theta100_alpha2p0,false_positive,100.0,0.0,2.0,61,20037181,False,1,0,False,0,,-1.0,8.191916999990667,False,0,31.427542000002973,247.49375000000384
fp_theta100_alpha2p0,false_positive,100.0,0.0,2.0,60,20037180,False,1,0,False,0,,-1.0,8.374000000003434,False,0,40.13766699999621,328.4449579999915
fp_theta100_alpha2p0,false_positive,100.0,0.0,2.0,58,20037178,False,1,0,False,0,,-1.0,8.119084000000498,False,0,41.697874999997,393.71925000000374
fp_theta100_alpha2p0,false_positive,100.0,0.0,2.0,63,20037183,False,1,0,False,0,,-1.0,8.928957999998488,False,0,36.231999999998266,294.76091700000495
fp_theta100_alpha2p0,false_positive,100.0,0.0,2.0,64,20037184,False,1,0,False,0,,-1.0,9.107041000007143,False,0,35.69962500000656,331.62966599999777
fp_theta100_alpha2p0,false_positive,100.0,0.0,2.0,65,20037185,False,1,0,False,0,,-1.0,8.833792000004337,False,0,37.12870900000098,303.19400000000485
fp_theta100_alpha2p0,false_positive,100.0,0.0,2.0,62,20037182,False,1,0,False,0,,-1.0,9.174125000001254,False,0,43.264290999999844,416.3081250000005
fp_theta100_alpha2p0,false_positive,100.0,0.0,2.0,67,20037187,False,1,0,False,0,,-1.0,8.387666999993826,False,0,38.48787500000128,322.61300000000404
fp_theta100_alpha2p0,false_positive,100.0,0.0,2.0,66,20037186,False,1,0,False,0,,-1.0,8.976082999993196,False,0,32.121833999994465,347.5192920000012
fp_theta100_alpha2p0,false_positive,100.0,0.0,2.0,70,20037190,False,1,0,False,0,,-1.0,11.909375000001887,False,0,30.4169169999966,296.65216700000485
fp_theta100_alpha2p0,false_positive,100.0,0.0,2.0,68,20037188,False,1,0,False,0,,-1.0,8.572208999993336,False,0,41.762250000005,360.7608749999969
fp_theta100_alpha2p0,false_positive,100.0,0.0,2.0,69,20037189,False,1,0,False,0,,-1.0,8.346083999995813,False,0,40.286207999997714,347.79033300000606
fp_theta100_alpha2p0,false_positive,100.0,0.0,2.0,72,20037192,False,1,0,False,0,,-1.0,8.838790999988078,False,0,33.92291599999453,379.0099579999975
fp_theta100_alpha2p0,false_positive,100.0,0.0,2.0,73,20037193,False,1,0,False,0,,-1.0,7.479457999991723,False,0,35.17975000001172,397.37862500000176
fp_theta100_alpha2p0,false_positive,100.0,0.0,2.0,71,20037191,False,1,0,False,0,,-1.0,7.931875000011246,False,0,32.846083000009685,458.23879200000306
fp_theta100_alpha2p0,false_positive,100.0,0.0,2.0,74,20037194,False,1,0,False,0,,-1.0,8.528333000000998,False,0,30.263624999989247,353.08833400000594
fp_theta100_alpha2p0,false_positive,100.0,0.0,2.0,77,20037197,False,1,0,False,0,,-1.0,8.47895799999776,False,0,30.45862500000851,324.5815840000006
fp_theta100_alpha2p0,false_positive,100.0,0.0,2.0,79,20037199,False,1,0,False,0,,-1.0,7.798166000000606,False,0,36.23787499999764,307.72808300000065
fp_theta100_alpha2p0,false_positive,100.0,0.0,2.0,78,20037198,False,1,0,False,0,,-1.0,8.406749999991803,False,0,32.5982500000066,341.924750000004
fp_theta100_alpha2p0,false_positive,100.0,0.0,2.0,75,20037195,False,1,0,False,0,,-1.0,8.294917000000623,False,0,37.63016700000321,422.3432499999973
fp_theta100_alpha2p0,false_positive,100.0,0.0,2.0,80,20037200,False,1,0,False,0,,-1.0,9.880957999996554,False,0,36.292750000001206,314.727916999999
fp_theta100_alpha2p0,false_positive,100.0,0.0,2.0,76,20037196,False,1,0,False,0,,-1.0,7.599041999995393,False,0,34.85495900000046,439.0811250000013
fp_theta100_alpha2p0,false_positive,100.0,0.0,2.0,82,20037202,False,1,0,False,0,,-1.0,7.12112500001183,False,0,32.002458000008005,351.81208299999867
fp_theta100_alpha2p0,false_positive,100.0,0.0,2.0,84,20037204,False,1,0,False,0,,-1.0,8.050957999998332,False,0,31.32349999999917,286.65062499999294
fp_theta100_alpha2p0,false_positive,100.0,0.0,2.0,81,20037201,False,1,0,False,0,,-1.0,7.433875000003809,False,0,33.992209000004436,404.97466700000473
fp_theta100_alpha2p0,false_positive,100.0,0.0,2.0,83,20037203,False,1,0,False,0,,-1.0,7.568958000007342,False,0,37.73412500000006,336.2532499999986
fp_theta100_alpha2p0,false_positive,100.0,0.0,2.0,85,20037205,False,1,0,False,0,,-1.0,7.825166000003492,False,0,30.786292000001936,409.38408300000617
fp_theta100_alpha2p0,false_positive,100.0,0.0,2.0,87,20037207,False,1,0,False,0,,-1.0,7.610958000000778,False,0,33.75533400000563,349.50995799999873
fp_theta100_alpha2p0,false_positive,100.0,0.0,2.0,92,20037212,False,1,0,False,0,,-1.0,8.741958999991084,False,0,40.89125000000138,309.8495410000055
fp_theta100_alpha2p0,false_positive,100.0,0.0,2.0,88,20037208,False,1,0,False,0,,-1.0,7.718667000006008,False,0,38.767166999988945,369.4271250000014
fp_theta100_alpha2p0,false_positive,100.0,0.0,2.0,86,20037206,False,1,0,False,0,,-1.0,8.063292000002775,False,0,36.57154200000434,459.12237500000685
fp_theta100_alpha2p0,false_positive,100.0,0.0,2.0,91,20037211,False,1,0,False,0,,-1.0,7.07425000000228,False,0,31.732542000000308,408.54562500000213
fp_theta100_alpha2p0,false_positive,100.0,0.0,2.0,90,20037210,False,1,0,False,0,,-1.0,8.258166000004508,False,0,34.294375000001764,413.00895800000603
fp_theta100_alpha2p0,false_positive,100.0,0.0,2.0,95,20037215,False,1,0,False,0,,-1.0,7.421374999992736,False,0,29.801333999998292,337.2810830000077
fp_theta100_alpha2p0,false_positive,100.0,0.0,2.0,89,20037209,False,1,0,False,0,,-1.0,7.7423749999923075,False,0,35.84141700000032,497.3410830000091
fp_theta100_alpha2p0,false_positive,100.0,0.0,2.0,94,20037214,False,1,0,False,0,,-1.0,8.801375000004441,False,0,32.35275000000115,375.45054199999583
fp_theta100_alpha2p0,false_positive,100.0,0.0,2.0,98,20037218,False,1,0,False,0,,-1.0,7.574082999994403,False,0,32.26662500000543,211.4964160000028
fp_theta100_alpha2p0,false_positive,100.0,0.0,2.0,93,20037213,False,1,0,False,0,,-1.0,7.276042000000871,False,0,37.46495800000105,424.69591600000456
fp_theta100_alpha2p0,false_positive,100.0,0.0,2.0,96,20037216,False,1,0,False,0,,-1.0,7.1337500000083764,False,0,32.706000000004565,361.7084579999954
fp_theta100_alpha2p0,false_positive,100.0,0.0,2.0,97,20037217,False,1,0,False,0,,-1.0,7.073667000000228,False,0,36.435166999993385,357.8989580000069
fp_theta100_alpha0p5,false_positive,100.0,0.0,0.5,1,20038121,False,1,0,False,0,,-1.0,7.766625000002136,False,0,29.422999999994204,287.0512909999974
fp_theta100_alpha0p5,false_positive,100.0,0.0,0.5,0,20038120,False,1,0,False,0,,-1.0,7.616916000003471,False,0,28.62179099999196,339.86166599999024
fp_theta100_alpha2p0,false_positive,100.0,0.0,2.0,99,20037219,False,1,0,False,0,,-1.0,7.285707999997726,False,0,32.38195800000199,360.86600000000146
fp_theta100_alpha0p5,false_positive,100.0,0.0,0.5,3,20038123,False,1,0,False,0,,-1.0,8.314165999991019,False,0,33.071000000006734,346.6602090000066
fp_theta100_alpha0p5,false_positive,100.0,0.0,0.5,4,20038124,False,1,0,False,0,,-1.0,8.5063329999997,False,0,31.66220800000019,338.5682500000087
fp_theta100_alpha0p5,false_positive,100.0,0.0,0.5,2,20038122,False,1,0,False,0,,-1.0,7.309958000007555,False,0,31.892292000009093,429.67000000000155
fp_theta100_alpha0p5,false_positive,100.0,0.0,0.5,5,20038125,False,1,0,False,0,,-1.0,8.015457999988485,False,0,29.102457999997,374.29320799999743
fp_theta100_alpha0p5,false_positive,100.0,0.0,0.5,8,20038128,False,1,0,False,0,,-1.0,8.679457999988927,False,0,29.525708999997846,354.7610420000069
fp_theta100_alpha0p5,false_positive,100.0,0.0,0.5,6,20038126,False,1,0,False,0,,-1.0,8.45504199999425,False,0,34.04820800000152,393.3734169999923
fp_theta100_alpha0p5,false_positive,100.0,0.0,0.5,7,20038127,False,1,0,False,0,,-1.0,7.471416999990765,False,0,32.02954200000363,408.8318750000042
fp_theta100_alpha0p5,false_positive,100.0,0.0,0.5,9,20038129,False,1,0,False,0,,-1.0,8.783624999992412,False,0,31.610125000000266,441.20379199999604
fp_theta100_alpha0p5,false_positive,100.0,0.0,0.5,11,20038131,False,1,0,False,0,,-1.0,8.266665999997258,False,0,31.17495899999767,320.9693750000042
fp_theta100_alpha0p5,false_positive,100.0,0.0,0.5,12,20038132,False,1,0,False,0,,-1.0,7.981583000002956,False,0,35.3956250000067,297.4429169999979
fp_theta100_alpha0p5,false_positive,100.0,0.0,0.5,10,20038130,False,1,0,False,0,,-1.0,9.664916000005519,False,0,33.205416000001264,371.90020799999957
fp_theta100_alpha0p5,false_positive,100.0,0.0,0.5,13,20038133,False,1,0,False,0,,-1.0,7.656874999995011,False,0,31.814083000000437,399.98983299999225
fp_theta100_alpha0p5,false_positive,100.0,0.0,0.5,18,20038138,False,1,0,False,0,,-1.0,8.64425000000324,False,0,29.114040999999702,236.91524999999558
fp_theta100_alpha0p5,false_positive,100.0,0.0,0.5,14,20038134,False,1,0,False,0,,-1.0,9.192292000008706,False,0,31.030250000000592,352.18641699999864
fp_theta100_alpha0p5,false_positive,100.0,0.0,0.5,21,20038141,False,1,0,False,0,,-1.0,9.020374999991532,False,0,35.54241700000205,243.88695800000448
fp_theta100_alpha0p5,false_positive,100.0,0.0,0.5,19,20038139,False,1,0,False,0,,-1.0,8.212125000000015,False,0,36.064792000004786,315.31466700000976
fp_theta100_alpha0p5,false_positive,100.0,0.0,0.5,15,20038135,False,1,0,False,0,,-1.0,7.637250000001927,False,0,32.27083299999833,427.2281250000134
fp_theta100_alpha0p5,false_positive,100.0,0.0,0.5,17,20038137,False,1,0,False,0,,-1.0,8.418958000007137,False,0,33.57712499999366,385.87454100000684
fp_theta100_alpha0p5,false_positive,100.0,0.0,0.5,16,20038136,False,1,0,False,0,,-1.0,7.316666000008354,False,0,37.17149999999947,425.123291999995
fp_theta100_alpha0p5,false_positive,100.0,0.0,0.5,20,20038140,False,1,0,False,0,,-1.0,8.275208000000589,False,0,33.04841700000338,411.7215410000057
fp_theta100_alpha0p5,false_positive,100.0,0.0,0.5,23,20038143,False,1,0,False,0,,-1.0,7.783708999994587,False,0,30.862541999994164,341.90466699999433
fp_theta100_alpha0p5,false_positive,100.0,0.0,0.5,24,20038144,False,1,0,False,0,,-1.0,8.650375000001986,False,0,32.505082999989554,354.90520800000525
fp_theta100_alpha0p5,false_positive,100.0,0.0,0.5,22,20038142,False,1,0,False,0,,-1.0,8.896875000004911,False,0,30.12929199999803,415.1372500000008
fp_theta100_alpha0p5,false_positive,100.0,0.0,0.5,26,20038146,False,1,0,False,0,,-1.0,7.757249999997384,False,0,29.778792000001886,364.1059999999925
fp_theta100_alpha0p5,false_positive,100.0,0.0,0.5,25,20038145,False,1,0,False,0,,-1.0,7.774458000000095,False,0,33.180083000004856,428.33224999999686
fp_theta100_alpha0p5,false_positive,100.0,0.0,0.5,29,20038149,False,1,0,False,0,,-1.0,8.294290999998566,False,0,27.71075000001133,310.4652499999929
fp_theta100_alpha0p5,false_positive,100.0,0.0,0.5,32,20038152,False,1,0,False,0,,-1.0,7.834833999993407,False,0,29.579874999996036,287.5498750000105
fp_theta100_alpha0p5,false_positive,100.0,0.0,0.5,31,20038151,False,1,0,False,0,,-1.0,9.756667000004882,False,0,29.498833999994645,325.19691699999953
fp_theta100_alpha0p5,false_positive,100.0,0.0,0.5,27,20038147,False,1,0,False,0,,-1.0,7.665250000002288,False,0,37.298542000002044,464.26070900000127
fp_theta100_alpha0p5,false_positive,100.0,0.0,0.5,28,20038148,False,1,0,False,0,,-1.0,8.621125000004781,False,0,37.066959000000566,358.31979099999955
fp_theta100_alpha0p5,false_positive,100.0,0.0,0.5,30,20038150,False,1,0,False,0,,-1.0,7.728249999999548,False,0,32.399749999996175,384.80316700000117
fp_theta100_alpha0p5,false_positive,100.0,0.0,0.5,34,20038154,False,1,0,False,0,,-1.0,7.7483340000128464,False,0,46.16758299999901,352.8455829999899
fp_theta100_alpha0p5,false_positive,100.0,0.0,0.5,35,20038155,False,1,0,False,0,,-1.0,8.299250000007419,False,0,51.07912500000111,347.2335000000015
fp_theta100_alpha0p5,false_positive,100.0,0.0,0.5,33,20038153,False,1,0,False,0,,-1.0,8.238583999997218,False,0,34.358166000004076,443.911166999996
fp_theta100_alpha0p5,false_positive,100.0,0.0,0.5,36,20038156,False,1,0,False,0,,-1.0,9.260374999996657,False,0,40.59887500000059,406.6935840000099
fp_theta100_alpha0p5,false_positive,100.0,0.0,0.5,41,20038161,False,1,0,False,0,,-1.0,8.74174999999866,False,0,30.107000000000994,297.03691599999615
fp_theta100_alpha0p5,false_positive,100.0,0.0,0.5,37,20038157,False,1,0,True,1,660,-1.0,14.866667000006828,False,0,38.088708000003635,415.3172080000047
fp_theta100_alpha0p5,false_positive,100.0,0.0,0.5,42,20038162,False,1,0,False,0,,-1.0,9.363749999991455,False,0,48.989834000011,313.74216599999727
fp_theta100_alpha0p5,false_positive,100.0,0.0,0.5,38,20038158,False,1,0,False,0,,-1.0,10.30195900000308,False,0,57.878333000005,391.7663750000031
fp_theta100_alpha0p5,false_positive,100.0,0.0,0.5,39,20038159,False,1,0,False,0,,-1.0,7.39041700001053,False,0,72.86274999999875,437.15362499999344
fp_theta100_alpha0p5,false_positive,100.0,0.0,0.5,43,20038163,False,1,0,False,0,,-1.0,8.364624999998682,False,0,59.419957999992334,409.8468749999995
fp_theta100_alpha0p5,false_positive,100.0,0.0,0.5,40,20038160,False,1,0,True,1,336,-1.0,19.539084000001594,False,0,49.42279200000144,491.03079200000366
fp_theta100_alpha0p5,false_positive,100.0,0.0,0.5,44,20038164,False,1,0,False,0,,-1.0,9.108083000000988,False,0,50.54825000000562,480.00412499999356
fp_theta100_alpha0p5,false_positive,100.0,0.0,0.5,49,20038169,False,1,0,False,0,,-1.0,8.618124999998145,False,0,94.76354100000606,275.64554199999236
fp_theta100_alpha0p5,false_positive,100.0,0.0,0.5,46,20038166,False,1,0,False,0,,-1.0,8.222415999995292,False,0,102.83062500000995,428.2454999999885
fp_theta100_alpha0p5,false_positive,100.0,0.0,0.5,47,20038167,False,1,0,False,0,,-1.0,7.416499999990833,False,0,74.39287500000091,500.43904199999645
fp_theta100_alpha0p5,false_positive,100.0,0.0,0.5,45,20038165,False,1,0,False,0,,-1.0,8.216583000006494,False,0,88.30804100000478,554.2710419999963
fp_theta100_alpha0p5,false_positive,100.0,0.0,0.5,48,20038168,False,1,0,False,0,,-1.0,7.641583000008723,False,0,94.88245800000072,540.3912919999954
fp_theta100_alpha0p5,false_positive,100.0,0.0,0.5,50,20038170,False,1,0,False,0,,-1.0,8.750874999989833,False,0,47.00562499999705,490.50425000000075
fp_theta100_alpha0p5,false_positive,100.0,0.0,0.5,54,20038174,False,1,0,False,0,,-1.0,9.39549999999656,False,0,40.11666699999239,380.87354200000334
fp_theta100_alpha0p5,false_positive,100.0,0.0,0.5,51,20038171,False,1,0,False,0,,-1.0,9.703874999999584,False,0,48.43558299999984,488.15104199999837
fp_theta100_alpha0p5,false_positive,100.0,0.0,0.5,52,20038172,False,1,0,False,0,,-1.0,9.456958000001237,False,0,46.236624999991704,449.409916999997
fp_theta100_alpha0p5,false_positive,100.0,0.0,0.5,55,20038175,False,1,0,False,0,,-1.0,9.994500000004791,False,0,46.74787499999411,388.4767079999989
fp_theta100_alpha0p5,false_positive,100.0,0.0,0.5,53,20038173,False,1,0,False,0,,-1.0,8.286124999997924,False,0,56.261667000001125,576.6679169999946
fp_theta100_alpha0p5,false_positive,100.0,0.0,0.5,56,20038176,False,1,0,False,0,,-1.0,8.441916999998966,False,0,37.5374169999958,451.308209000004
fp_theta100_alpha0p5,false_positive,100.0,0.0,0.5,59,20038179,False,1,0,False,0,,-1.0,9.091917000006333,False,0,35.57570899999973,353.4706660000069
fp_theta100_alpha0p5,false_positive,100.0,0.0,0.5,58,20038178,False,1,0,False,0,,-1.0,8.064582999992354,False,0,36.31737499999588,453.2406249999923
fp_theta100_alpha0p5,false_positive,100.0,0.0,0.5,57,20038177,False,1,0,True,1,301,-1.0,16.677500000000123,False,0,35.55070900000601,506.9953329999919
fp_theta100_alpha0p5,false_positive,100.0,0.0,0.5,60,20038180,False,1,0,False,0,,-1.0,8.595083999992426,False,0,31.64929199999733,411.7652909999947
fp_theta100_alpha0p5,false_positive,100.0,0.0,0.5,63,20038183,False,1,0,False,0,,-1.0,8.838041999993607,False,0,42.89229200000477,388.5925840000084
fp_theta100_alpha0p5,false_positive,100.0,0.0,0.5,61,20038181,False,1,0,False,0,,-1.0,9.363125000007244,False,0,39.09991599999785,423.3165840000055
fp_theta100_alpha0p5,false_positive,100.0,0.0,0.5,62,20038182,False,1,0,True,1,296,-1.0,18.178833000007444,False,0,35.51812500001006,396.73054200000024
fp_theta100_alpha0p5,false_positive,100.0,0.0,0.5,64,20038184,False,1,0,False,0,,-1.0,10.094916999989323,False,0,40.19299999998793,397.10579200000495
fp_theta100_alpha0p5,false_positive,100.0,0.0,0.5,66,20038186,False,1,0,False,0,,-1.0,9.241000000002941,False,0,38.72829200000183,372.37887499999545
fp_theta100_alpha0p5,false_positive,100.0,0.0,0.5,65,20038185,False,1,0,False,0,,-1.0,8.741666000005921,False,0,34.57491700000048,453.053084000004
fp_theta100_alpha0p5,false_positive,100.0,0.0,0.5,69,20038189,False,1,0,False,0,,-1.0,9.516874999988545,False,0,30.406916999993427,258.18825000000345
fp_theta100_alpha0p5,false_positive,100.0,0.0,0.5,70,20038190,False,1,0,False,0,,-1.0,8.42045799998914,False,0,31.31808300000216,216.61799999999687
fp_theta100_alpha0p5,false_positive,100.0,0.0,0.5,67,20038187,False,1,0,False,0,,-1.0,9.366583000002038,False,0,33.253916999996136,410.05533400000616
fp_theta100_alpha0p5,false_positive,100.0,0.0,0.5,68,20038188,False,1,0,False,0,,-1.0,8.232792000001155,False,0,34.7189170000064,422.83158400000787
fp_theta100_alpha0p5,false_positive,100.0,0.0,0.5,72,20038192,False,1,0,False,0,,-1.0,9.029249999997546,False,0,32.969958999998994,357.7065839999989
fp_theta100_alpha0p5,false_positive,100.0,0.0,0.5,74,20038194,False,1,0,False,0,,-1.0,8.580875000006927,False,0,32.538500000001136,305.40404200000637
fp_theta100_alpha0p5,false_positive,100.0,0.0,0.5,71,20038191,False,1,0,False,0,,-1.0,8.959625000002802,False,0,32.44687500000509,470.7530410000089
fp_theta100_alpha0p5,false_positive,100.0,0.0,0.5,76,20038196,False,1,0,False,0,,-1.0,10.80475000000547,False,0,36.19112500000199,398.9942919999976
fp_theta100_alpha0p5,false_positive,100.0,0.0,0.5,77,20038197,False,1,0,False,0,,-1.0,9.013624999994363,False,0,39.479541000005725,401.38408400000003
fp_theta100_alpha0p5,false_positive,100.0,0.0,0.5,79,20038199,False,1,0,False,0,,-1.0,10.476582999999096,False,0,38.71549999999502,320.0427919999953
fp_theta100_alpha0p5,false_positive,100.0,0.0,0.5,73,20038193,False,1,0,False,0,,-1.0,10.283000000001152,False,0,37.92083300000115,453.33920899999214
fp_theta100_alpha0p5,false_positive,100.0,0.0,0.5,75,20038195,False,1,0,False,0,,-1.0,9.812459000002605,False,0,31.486624999999435,481.6685420000084
fp_theta100_alpha0p5,false_positive,100.0,0.0,0.5,78,20038198,False,1,0,False,0,,-1.0,8.062709000000723,False,0,38.135041000003866,424.3399589999939
fp_theta100_alpha0p5,false_positive,100.0,0.0,0.5,80,20038200,False,1,0,False,0,,-1.0,9.118125000000532,False,0,35.86587499999894,363.7169999999941
fp_theta100_alpha0p5,false_positive,100.0,0.0,0.5,82,20038202,False,1,0,False,0,,-1.0,7.623749999993379,False,0,35.84604199998864,295.36266699999203
fp_theta100_alpha0p5,false_positive,100.0,0.0,0.5,84,20038204,False,1,0,False,0,,-1.0,8.983792000009316,False,0,27.5652500000092,304.72774999999785
fp_theta100_alpha0p5,false_positive,100.0,0.0,0.5,81,20038201,False,1,0,False,0,,-1.0,7.813499999997475,False,0,32.98350000000028,478.9888330000025
fp_theta100_alpha0p5,false_positive,100.0,0.0,0.5,83,20038203,False,1,0,False,0,,-1.0,9.161499999990497,False,0,29.145292000009704,386.79704100000833
fp_theta100_alpha0p5,false_positive,100.0,0.0,0.5,86,20038206,False,1,0,False,0,,-1.0,9.49604099999135,False,0,29.684000000003152,286.4571249999983
fp_theta100_alpha0p5,false_positive,100.0,0.0,0.5,87,20038207,False,1,0,False,0,,-1.0,9.485541999993075,False,0,28.006499999989387,298.56879199999753
fp_theta100_alpha0p5,false_positive,100.0,0.0,0.5,89,20038209,False,1,0,False,0,,-1.0,9.06887500001119,False,0,30.41870799999913,296.0567499999911
fp_theta100_alpha0p5,false_positive,100.0,0.0,0.5,85,20038205,False,1,0,False,0,,-1.0,9.624250000001666,False,0,39.22637499999837,395.64816600000086
fp_theta100_alpha0p5,false_positive,100.0,0.0,0.5,88,20038208,False,1,0,False,0,,-1.0,9.769833000007111,False,0,29.739792000000875,356.69554100000767
fp_theta100_alpha0p5,false_positive,100.0,0.0,0.5,90,20038210,False,1,0,False,0,,-1.0,9.086874999994166,False,0,27.241375000002677,357.8745420000047
fp_theta100_alpha0p5,false_positive,100.0,0.0,0.5,91,20038211,False,1,0,False,0,,-1.0,8.752290999993306,False,0,36.88474999999869,391.4811670000091
fp_theta100_alpha0p5,false_positive,100.0,0.0,0.5,92,20038212,False,1,0,False,0,,-1.0,9.62774999999283,False,0,37.44949999999392,407.1287500000125
fp_theta100_alpha0p5,false_positive,100.0,0.0,0.5,93,20038213,False,1,0,False,0,,-1.0,11.783041999990473,False,0,48.05166600000632,443.3680839999994
fp_theta100_alpha0p5,false_positive,100.0,0.0,0.5,94,20038214,False,1,0,False,0,,-1.0,14.136958999998228,False,0,44.6988750000088,392.2228340000089
fp_theta100_alpha0p05,false_positive,100.0,0.0,0.05,0,20039120,False,1,0,False,0,,-1.0,11.86766700000419,False,0,34.61991599999692,228.2511249999999
fp_theta100_alpha0p05,false_positive,100.0,0.0,0.05,1,20039121,False,1,0,False,0,,-1.0,11.32454100000757,False,0,29.515416999998934,227.83291700000063
fp_theta100_alpha0p5,false_positive,100.0,0.0,0.5,96,20038216,False,1,0,False,0,,-1.0,7.798542000003295,False,0,31.832166999990363,377.82074999999793
fp_theta100_alpha0p05,false_positive,100.0,0.0,0.05,2,20039122,False,1,0,False,0,,-1.0,8.74708299998872,False,0,31.767082999991203,233.95595899999932
fp_theta100_alpha0p5,false_positive,100.0,0.0,0.5,99,20038219,False,1,0,False,0,,-1.0,9.155750000005014,False,0,32.67304100000956,357.7848750000072
fp_theta100_alpha0p5,false_positive,100.0,0.0,0.5,95,20038215,False,1,0,False,0,,-1.0,7.96987500000057,False,0,31.110541999993302,483.6228329999983
fp_theta100_alpha0p5,false_positive,100.0,0.0,0.5,97,20038217,False,1,0,False,0,,-1.0,8.35770800000546,False,0,31.529625000004557,418.77937499999973
fp_theta100_alpha0p05,false_positive,100.0,0.0,0.05,3,20039123,False,1,0,True,1,421,-1.0,17.2263749999928,False,0,30.00166599998977,242.25124999999537
fp_theta100_alpha0p05,false_positive,100.0,0.0,0.05,4,20039124,False,1,0,False,0,,-1.0,8.344417000003546,False,0,30.0351670000083,237.11762499999622
fp_theta100_alpha0p5,false_positive,100.0,0.0,0.5,98,20038218,False,1,0,False,0,,-1.0,8.194666999997935,False,0,30.95387499999447,450.8869579999981
fp_theta100_alpha0p05,false_positive,100.0,0.0,0.05,5,20039125,False,1,0,False,0,,-1.0,9.026124999991225,False,0,28.005833000008806,186.23099999999226
fp_theta100_alpha0p05,false_positive,100.0,0.0,0.05,8,20039128,False,1,0,False,0,,-1.0,8.203167000004896,False,0,44.970000000006394,195.6032079999943
fp_theta100_alpha0p05,false_positive,100.0,0.0,0.05,6,20039126,False,1,0,False,0,,-1.0,8.664416999991431,False,0,45.59683300000472,219.84774999999956
fp_theta100_alpha0p05,false_positive,100.0,0.0,0.05,9,20039129,False,1,0,False,0,,-1.0,9.314332999991848,False,0,38.37483399999542,189.5025419999996
fp_theta100_alpha0p05,false_positive,100.0,0.0,0.05,7,20039127,False,1,0,False,0,,-1.0,9.28787499999828,False,0,43.87024999999767,221.76162499999919
fp_theta100_alpha0p05,false_positive,100.0,0.0,0.05,11,20039131,False,1,0,False,0,,-1.0,8.761000000006902,False,0,30.293291999996086,186.40000000000612
fp_theta100_alpha0p05,false_positive,100.0,0.0,0.05,12,20039132,False,1,0,False,0,,-1.0,9.201584000010143,False,0,30.19016599999702,197.31995799999424
fp_theta100_alpha0p05,false_positive,100.0,0.0,0.05,14,20039134,False,1,0,False,0,,-1.0,10.683583000002272,False,0,29.891834000011386,169.56208400000605
fp_theta100_alpha0p05,false_positive,100.0,0.0,0.05,10,20039130,False,1,0,False,0,,-1.0,9.168708999993669,False,0,30.329375000007985,266.0745830000053
fp_theta100_alpha0p05,false_positive,100.0,0.0,0.05,15,20039135,False,1,0,False,0,,-1.0,10.91862500000218,False,0,28.29024999999774,181.28229100000226
fp_theta100_alpha0p05,false_positive,100.0,0.0,0.05,13,20039133,False,1,0,False,0,,-1.0,9.775875000002543,False,0,29.851708999999005,230.1947910000024
fp_theta100_alpha0p05,false_positive,100.0,0.0,0.05,16,20039136,False,1,0,False,0,,-1.0,10.259292000000642,False,0,27.850083000004133,219.5462499999934
fp_theta100_alpha0p05,false_positive,100.0,0.0,0.05,17,20039137,False,1,0,False,0,,-1.0,8.786708000002363,False,0,28.032125000009955,216.78249999999366
fp_theta100_alpha0p05,false_positive,100.0,0.0,0.05,18,20039138,False,1,0,False,0,,-1.0,7.799167000001717,False,0,29.293250000009152,199.86620899999252
fp_theta100_alpha0p05,false_positive,100.0,0.0,0.05,20,20039140,False,1,0,False,0,,-1.0,7.151082999996561,False,0,30.176916000002052,206.0035419999906
fp_theta100_alpha0p05,false_positive,100.0,0.0,0.05,22,20039142,False,1,0,False,0,,-1.0,9.253834000006123,False,0,27.926250000007258,165.0625409999975
fp_theta100_alpha0p05,false_positive,100.0,0.0,0.05,19,20039139,False,1,0,False,0,,-1.0,8.779958000005195,False,0,35.97408300001348,221.771375000003
fp_theta100_alpha0p05,false_positive,100.0,0.0,0.05,21,20039141,False,1,0,False,0,,-1.0,7.674082999997722,False,0,36.6658330000007,217.1120830000035
fp_theta100_alpha0p05,false_positive,100.0,0.0,0.05,24,20039144,False,1,0,False,0,,-1.0,9.134125000002769,False,0,28.749250000004167,180.52741599998967
fp_theta100_alpha0p05,false_positive,100.0,0.0,0.05,23,20039143,False,1,0,False,0,,-1.0,7.851916999996433,False,0,29.117166999995447,212.36329100000262
fp_theta100_alpha0p05,false_positive,100.0,0.0,0.05,26,20039146,False,1,0,False,0,,-1.0,8.189749999999663,False,0,29.938458999993145,184.8121660000004
fp_theta100_alpha0p05,false_positive,100.0,0.0,0.05,28,20039148,False,1,0,False,0,,-1.0,7.661333999990916,False,0,27.252958999994803,169.40445800000248
fp_theta100_alpha0p05,false_positive,100.0,0.0,0.05,27,20039147,False,1,0,False,0,,-1.0,7.478792000000567,False,0,29.31879099999435,225.51870899999926
fp_theta100_alpha0p05,false_positive,100.0,0.0,0.05,25,20039145,False,1,0,False,0,,-1.0,8.699875000004909,False,0,29.544333999993455,257.2362500000054
fp_theta100_alpha0p05,false_positive,100.0,0.0,0.05,30,20039150,False,1,0,False,0,,-1.0,7.615125000000944,False,0,35.35754199999985,192.0948749999951
fp_theta100_alpha0p05,false_positive,100.0,0.0,0.05,32,20039152,False,1,0,False,0,,-1.0,7.7285830000022315,False,0,37.955459000002634,181.21783300000516
fp_theta100_alpha0p05,false_positive,100.0,0.0,0.05,29,20039149,False,1,0,True,1,434,-1.0,16.40591700000016,False,0,37.084708999998384,226.97425000001203
fp_theta100_alpha0p05,false_positive,100.0,0.0,0.05,35,20039155,False,1,0,False,0,,-1.0,7.581874999999627,False,0,33.76049999999964,145.59887500000457
fp_theta100_alpha0p05,false_positive,100.0,0.0,0.05,31,20039151,False,1,0,False,0,,-1.0,8.969167000003608,False,0,34.618584000000396,203.58866700000533
fp_theta100_alpha0p05,false_positive,100.0,0.0,0.05,34,20039154,False,1,0,False,0,,-1.0,8.430291999999895,False,0,32.539874999997664,188.21666700000605
fp_theta100_alpha0p05,false_positive,100.0,0.0,0.05,33,20039153,False,1,0,False,0,,-1.0,8.267875000001368,False,0,30.721833000001197,207.04591700000208
fp_theta100_alpha0p05,false_positive,100.0,0.0,0.05,37,20039157,False,1,0,False,0,,-1.0,7.701083000000608,False,0,29.197499999995102,174.3044579999946
fp_theta100_alpha0p05,false_positive,100.0,0.0,0.05,36,20039156,False,1,0,False,0,,-1.0,8.664500000008957,False,0,28.275124999993295,191.08529100000737
fp_theta100_alpha0p05,false_positive,100.0,0.0,0.05,38,20039158,False,1,0,False,0,,-1.0,8.317665999996393,False,0,27.565624999994043,191.81095800000492
fp_theta100_alpha0p05,false_positive,100.0,0.0,0.05,39,20039159,False,1,0,False,0,,-1.0,9.807207999998013,False,0,31.817833999994605,195.79187499999762
fp_theta100_alpha0p05,false_positive,100.0,0.0,0.05,40,20039160,False,1,0,False,0,,-1.0,8.247709000002601,False,0,29.08195900000976,238.97912500000018
fp_theta100_alpha0p05,false_positive,100.0,0.0,0.05,42,20039162,False,1,0,False,0,,-1.0,8.706833000005076,False,0,27.75704100000098,188.7509160000036
fp_theta100_alpha0p05,false_positive,100.0,0.0,0.05,46,20039166,False,1,0,False,0,,-1.0,8.209125000007589,False,0,28.458041999996908,182.31554099999414
fp_theta100_alpha0p05,false_positive,100.0,0.0,0.05,45,20039165,False,1,0,False,0,,-1.0,7.115208000001871,False,0,32.14591700000824,200.54116699999724
fp_theta100_alpha0p05,false_positive,100.0,0.0,0.05,41,20039161,False,1,0,False,0,,-1.0,7.6615840000044955,False,0,32.704000000009614,229.15687500000104
fp_theta100_alpha0p05,false_positive,100.0,0.0,0.05,44,20039164,False,1,0,False,0,,-1.0,12.270499999999629,False,0,28.79441599999666,214.7573750000049
fp_theta100_alpha0p05,false_positive,100.0,0.0,0.05,43,20039163,False,1,0,False,0,,-1.0,8.53775000000212,False,0,31.845249999989278,247.322374999996
fp_theta100_alpha0p05,false_positive,100.0,0.0,0.05,47,20039167,False,1,0,False,0,,-1.0,7.720917000000327,False,0,31.051750000003153,217.7411669999998
fp_theta100_alpha0p05,false_positive,100.0,0.0,0.05,48,20039168,False,1,0,False,0,,-1.0,10.83054199999367,False,0,29.182625000004236,204.42683299999942
fp_theta100_alpha0p05,false_positive,100.0,0.0,0.05,49,20039169,False,1,0,False,0,,-1.0,9.012916000003202,False,0,26.660166999988633,226.9943330000075
fp_theta100_alpha0p05,false_positive,100.0,0.0,0.05,50,20039170,False,1,0,False,0,,-1.0,8.484416000001715,False,0,29.495290999989265,229.44512499999803
fp_theta100_alpha0p05,false_positive,100.0,0.0,0.05,51,20039171,False,1,0,False,0,,-1.0,8.658457999999314,False,0,28.05887499999926,224.7534170000023
fp_theta100_alpha0p05,false_positive,100.0,0.0,0.05,52,20039172,False,1,0,False,0,,-1.0,8.852957999991418,False,0,29.996249999996394,214.12708299999395
fp_theta100_alpha0p05,false_positive,100.0,0.0,0.05,53,20039173,False,1,0,False,0,,-1.0,8.238083000009055,False,0,32.59933300000739,215.19195899999488
fp_theta100_alpha0p05,false_positive,100.0,0.0,0.05,56,20039176,False,1,0,False,0,,-1.0,8.49229199999968,False,0,29.98941699999591,187.3759160000077
fp_theta100_alpha0p05,false_positive,100.0,0.0,0.05,57,20039177,False,1,0,False,0,,-1.0,11.381041999996455,False,0,35.28591699999595,190.5795410000053
fp_theta100_alpha0p05,false_positive,100.0,0.0,0.05,60,20039180,False,1,0,False,0,,-1.0,10.09466600000053,False,0,39.352041999990206,162.02658399998882
fp_theta100_alpha0p05,false_positive,100.0,0.0,0.05,55,20039175,False,1,0,False,0,,-1.0,10.494750000006547,False,0,39.59429200000386,205.61466700000608
fp_theta100_alpha0p05,false_positive,100.0,0.0,0.05,54,20039174,False,1,0,False,0,,-1.0,9.859540999997307,False,0,30.129000000002293,259.86670899999353
fp_theta100_alpha0p05,false_positive,100.0,0.0,0.05,58,20039178,False,1,0,False,0,,-1.0,10.65395900000965,False,0,30.927207999994266,217.54658300000074
fp_theta100_alpha0p05,false_positive,100.0,0.0,0.05,61,20039181,False,1,0,False,0,,-1.0,7.903458000001251,False,0,28.651999999993905,203.27300000001003
fp_theta100_alpha0p05,false_positive,100.0,0.0,0.05,59,20039179,False,1,0,False,0,,-1.0,8.838666999992029,False,0,29.782707999999047,243.74770800000078
fp_theta100_alpha0p05,false_positive,100.0,0.0,0.05,63,20039183,False,1,0,False,0,,-1.0,7.157834000011576,False,0,34.624209000000405,198.23262500000283
fp_theta100_alpha0p05,false_positive,100.0,0.0,0.05,62,20039182,False,1,0,False,0,,-1.0,7.091083000005938,False,0,32.75091700000132,230.42754200000104
fp_theta100_alpha0p05,false_positive,100.0,0.0,0.05,64,20039184,False,1,0,False,0,,-1.0,7.406625000001554,False,0,28.571999999996933,222.37837500000524
fp_theta100_alpha0p05,false_positive,100.0,0.0,0.05,66,20039186,False,1,0,False,0,,-1.0,8.147292000003858,False,0,27.624374999987822,191.19899999999745
fp_theta100_alpha0p05,false_positive,100.0,0.0,0.05,65,20039185,False,1,0,False,0,,-1.0,9.44108400000232,False,0,35.62683299999492,210.9799579999958
fp_theta100_alpha0p05,false_positive,100.0,0.0,0.05,68,20039188,False,1,0,False,0,,-1.0,8.150833000001967,False,0,38.15975000000549,185.7584999999915
fp_theta100_alpha0p05,false_positive,100.0,0.0,0.05,69,20039189,False,1,0,True,1,503,-1.0,14.906999999993786,False,0,37.606749999994804,178.07045899999707
fp_theta100_alpha0p05,false_positive,100.0,0.0,0.05,70,20039190,False,1,0,False,0,,-1.0,7.723792000007279,False,0,29.045874999994226,184.4482089999957
fp_theta100_alpha0p05,false_positive,100.0,0.0,0.05,67,20039187,False,1,0,False,0,,-1.0,8.979334000002837,False,0,27.834917000006953,232.49270799999522
fp_theta100_alpha0p05,false_positive,100.0,0.0,0.05,72,20039192,False,1,0,False,0,,-1.0,8.738792000002604,False,0,28.21795900000268,188.55291700000976
fp_theta100_alpha0p05,false_positive,100.0,0.0,0.05,71,20039191,False,1,0,False,0,,-1.0,9.366791999994462,False,0,27.21262500000421,211.45249999999294
fp_theta100_alpha0p05,false_positive,100.0,0.0,0.05,73,20039193,False,1,0,False,0,,-1.0,7.981000000000904,False,0,29.31970800000272,244.09041600000592
fp_theta100_alpha0p05,false_positive,100.0,0.0,0.05,75,20039195,False,1,0,False,0,,-1.0,8.354959000001827,False,0,28.220165999996993,193.92150000000186
fp_theta100_alpha0p05,false_positive,100.0,0.0,0.05,74,20039194,False,1,0,False,0,,-1.0,7.492792000007853,False,0,29.797708999993233,201.41154200000244
fp_theta100_alpha0p05,false_positive,100.0,0.0,0.05,79,20039199,False,1,0,False,0,,-1.0,8.246916999993914,False,0,28.156459000001632,164.10579200000086
fp_theta100_alpha0p05,false_positive,100.0,0.0,0.05,77,20039197,False,1,0,False,0,,-1.0,8.577750000000606,False,0,35.612333000003105,204.64354199999946
fp_theta100_alpha0p05,false_positive,100.0,0.0,0.05,76,20039196,False,1,0,False,0,,-1.0,8.779750000002196,False,0,34.19716700000208,225.2550000000042
fp_theta100_alpha0p05,false_positive,100.0,0.0,0.05,78,20039198,False,1,0,False,0,,-1.0,9.344416000004685,False,0,28.04274999999734,199.16254199999628
fp_theta100_alpha0p05,false_positive,100.0,0.0,0.05,80,20039200,False,1,0,False,0,,-1.0,7.608707999992248,False,0,27.391374999993445,207.06829200000243
fp_theta100_alpha0p05,false_positive,100.0,0.0,0.05,84,20039204,False,1,0,False,0,,-1.0,8.746333999994249,False,0,25.84295799999836,185.71970899999712
fp_theta100_alpha0p05,false_positive,100.0,0.0,0.05,83,20039203,False,1,0,False,0,,-1.0,7.068749999987745,False,0,41.059916999998336,208.88525000000868
fp_theta100_alpha0p05,false_positive,100.0,0.0,0.05,81,20039201,False,1,0,False,0,,-1.0,7.744916999996576,False,0,41.183791000008796,242.38766599999906
fp_theta100_alpha0p05,false_positive,100.0,0.0,0.05,82,20039202,False,1,0,False,0,,-1.0,8.381916999994132,False,0,42.165374999996175,226.79579200000433
fp_theta100_alpha0p05,false_positive,100.0,0.0,0.05,85,20039205,False,1,0,False,0,,-1.0,7.150042000006351,False,0,27.846832999998128,200.08650000001182
fp_theta100_alpha0p05,false_positive,100.0,0.0,0.05,86,20039206,False,1,0,False,0,,-1.0,7.165334000006851,False,0,29.11037500000191,191.95437499999457
fp_theta100_alpha0p05,false_positive,100.0,0.0,0.05,87,20039207,False,1,0,False,0,,-1.0,8.568917000005172,False,0,32.4010420000036,226.41050000000007
fp_theta100_alpha0p05,false_positive,100.0,0.0,0.05,89,20039209,False,1,0,False,0,,-1.0,8.658834000002003,False,0,35.49891599999455,175.13916700001175
fp_theta100_alpha0p05,false_positive,100.0,0.0,0.05,90,20039210,False,1,0,False,0,,-1.0,7.87770800000942,False,0,35.39716599999565,175.16862499999775
fp_theta100_alpha0p05,false_positive,100.0,0.0,0.05,92,20039212,False,1,0,False,0,,-1.0,7.108916999996495,False,0,39.20320800000354,181.71537500001023
fp_theta100_alpha0p05,false_positive,100.0,0.0,0.05,88,20039208,False,1,0,False,0,,-1.0,8.691166999994948,False,0,39.18979100001252,221.74379099999442
fp_theta100_alpha0p05,false_positive,100.0,0.0,0.05,91,20039211,False,1,0,False,0,,-1.0,8.959458000006748,False,0,27.719417000000135,211.4413749999926
fp_theta100_alpha0p05,false_positive,100.0,0.0,0.05,93,20039213,False,1,0,False,0,,-1.0,7.503874999997606,False,0,27.687291999995978,209.28341700000885
fp_theta100_alpha0p05,false_positive,100.0,0.0,0.05,95,20039215,False,1,0,False,0,,-1.0,7.814833999987059,False,0,33.78441699999257,182.89825000000803
fp_theta100_alpha0p05,false_positive,100.0,0.0,0.05,94,20039214,False,1,0,False,0,,-1.0,8.047167000000854,False,0,33.96820800000455,183.18887499999903
fp_theta100_alpha0p05,false_positive,100.0,0.0,0.05,96,20039216,False,1,0,False,0,,-1.0,11.072249999998007,False,0,29.02445799999498,216.13720800000635
fp_theta100_alpha0p05,false_positive,100.0,0.0,0.05,97,20039217,False,1,0,False,0,,-1.0,8.686375000010571,False,0,27.882459000011295,207.21204200000898
fp_theta100_alpha0p05,false_positive,100.0,0.0,0.05,98,20039218,False,1,0,False,0,,-1.0,8.672958000005337,False,0,29.828249999994227,207.89887499999793
fp_theta100_alpha0p05,false_positive,100.0,0.0,0.05,99,20039219,False,1,0,False,0,,-1.0,8.827415999988375,False,0,28.22100000000205,220.14966599999752
fp_theta200_alpha2p0,false_positive,200.0,0.0,2.0,1,20040121,False,1,0,False,0,,-1.0,7.635499999992135,False,0,31.46954199999641,342.6737080000066
fp_theta200_alpha2p0,false_positive,200.0,0.0,2.0,0,20040120,False,1,0,False,0,,-1.0,9.206458999997835,False,0,33.650457999996775,443.77045899999246
fp_theta200_alpha2p0,false_positive,200.0,0.0,2.0,3,20040123,False,1,0,False,0,,-1.0,8.427166999993574,False,0,36.06116699999973,513.0213749999939
fp_theta200_alpha2p0,false_positive,200.0,0.0,2.0,4,20040124,False,1,0,False,0,,-1.0,7.313332999999034,False,0,39.32441700000311,505.2594579999976
fp_theta200_alpha2p0,false_positive,200.0,0.0,2.0,7,20040127,False,1,0,False,0,,-1.0,9.246165999996947,False,0,35.15216599998894,486.6738340000012
fp_theta200_alpha2p0,false_positive,200.0,0.0,2.0,6,20040126,False,1,0,False,0,,-1.0,9.613874999999439,True,1,34.73254200000042,494.0542500000049
fp_theta200_alpha2p0,false_positive,200.0,0.0,2.0,10,20040130,False,1,0,False,0,,-1.0,9.402792000003046,True,1,36.409999999989395,438.84104200000706
fp_theta200_alpha2p0,false_positive,200.0,0.0,2.0,9,20040129,False,1,0,False,0,,-1.0,9.033166999998343,False,0,38.63629199999252,460.2600000000052
fp_theta200_alpha2p0,false_positive,200.0,0.0,2.0,5,20040125,False,1,0,False,0,,-1.0,8.830291000009538,False,0,42.52633300001207,556.4566249999956
fp_theta200_alpha2p0,false_positive,200.0,0.0,2.0,8,20040128,False,1,0,False,0,,-1.0,8.375499999999647,False,0,42.183999999991784,512.1514579999911
fp_theta200_alpha2p0,false_positive,200.0,0.0,2.0,2,20040122,False,1,0,False,0,,-1.0,8.983291999996368,False,0,44.22762500000488,607.3608329999871
fp_theta200_alpha2p0,false_positive,200.0,0.0,2.0,11,20040131,False,1,0,False,0,,-1.0,7.979207999994742,False,0,36.25645799999688,507.58412499999395
fp_theta200_alpha2p0,false_positive,200.0,0.0,2.0,15,20040135,False,1,0,False,0,,-1.0,9.169374999999036,False,0,29.114749999990863,286.5017919999957
fp_theta200_alpha2p0,false_positive,200.0,0.0,2.0,14,20040134,False,1,0,False,0,,-1.0,9.134291999998823,False,0,39.85704200000839,321.7850419999877
fp_theta200_alpha2p0,false_positive,200.0,0.0,2.0,12,20040132,False,1,0,False,0,,-1.0,7.690832999998065,False,0,40.77279100000908,542.0630420000094
fp_theta200_alpha2p0,false_positive,200.0,0.0,2.0,18,20040138,False,1,0,False,0,,-1.0,8.380833999993342,False,0,33.54133399999171,385.4663749999929
fp_theta200_alpha2p0,false_positive,200.0,0.0,2.0,16,20040136,False,1,0,False,0,,-1.0,7.879000000002634,False,0,31.729292000008513,446.0332080000029
fp_theta200_alpha2p0,false_positive,200.0,0.0,2.0,13,20040133,False,1,0,False,0,,-1.0,8.752083999993943,False,0,38.22274999998854,588.4830419999929
fp_theta200_alpha2p0,false_positive,200.0,0.0,2.0,19,20040139,False,1,0,False,0,,-1.0,8.231874999992783,False,0,37.64079200000481,440.3865839999952
fp_theta200_alpha2p0,false_positive,200.0,0.0,2.0,17,20040137,False,1,0,False,0,,-1.0,8.177457999991589,False,0,35.87791600000401,496.03562500000464
fp_theta200_alpha2p0,false_positive,200.0,0.0,2.0,22,20040142,False,1,0,False,0,,-1.0,7.398750000007226,False,0,32.65812500001175,473.4987090000118
fp_theta200_alpha2p0,false_positive,200.0,0.0,2.0,23,20040143,False,1,0,False,0,,-1.0,7.536583000003816,False,0,37.197125000005826,430.9914999999904
fp_theta200_alpha2p0,false_positive,200.0,0.0,2.0,24,20040144,False,1,0,False,0,,-1.0,7.96029200000703,False,0,42.544042000002946,342.71333299999185
fp_theta200_alpha2p0,false_positive,200.0,0.0,2.0,20,20040140,False,1,0,False,0,,-1.0,8.289292000000614,False,0,46.443957999997565,576.158833000008
fp_theta200_alpha2p0,false_positive,200.0,0.0,2.0,21,20040141,False,1,0,False,0,,-1.0,7.18070800000703,False,0,37.996375000005855,666.6911249999998
fp_theta200_alpha2p0,false_positive,200.0,0.0,2.0,28,20040148,False,1,0,False,0,,-1.0,6.93841699998643,False,0,29.9001249999975,334.6329999999966
fp_theta200_alpha2p0,false_positive,200.0,0.0,2.0,25,20040145,False,1,0,False,0,,-1.0,7.8877079999983835,False,0,34.77458400000444,511.7245829999888
fp_theta200_alpha2p0,false_positive,200.0,0.0,2.0,26,20040146,False,1,0,False,0,,-1.0,7.199916000004691,False,0,34.30658300000289,541.6003330000052
fp_theta200_alpha2p0,false_positive,200.0,0.0,2.0,27,20040147,False,1,0,False,0,,-1.0,7.585542000001055,False,0,36.02616700000283,437.18754199998955
fp_theta200_alpha2p0,false_positive,200.0,0.0,2.0,33,20040153,False,1,0,False,0,,-1.0,7.3560000000014725,False,0,41.83187499999974,363.8660840000085
fp_theta200_alpha2p0,false_positive,200.0,0.0,2.0,30,20040150,False,1,0,False,0,,-1.0,7.395250000001852,False,0,43.783749999988686,471.84708400000375
fp_theta200_alpha2p0,false_positive,200.0,0.0,2.0,32,20040152,False,1,0,False,0,,-1.0,7.743750000003047,False,0,34.61550000000102,448.9904580000115
fp_theta200_alpha2p0,false_positive,200.0,0.0,2.0,29,20040149,False,1,0,False,0,,-1.0,7.991291999999817,False,0,34.92133400000341,542.4231669999955
fp_theta200_alpha2p0,false_positive,200.0,0.0,2.0,31,20040151,False,1,0,False,0,,-1.0,7.233541999994486,False,0,35.336624999999344,520.5975419999902
fp_theta200_alpha2p0,false_positive,200.0,0.0,2.0,35,20040155,False,1,0,False,0,,-1.0,7.4164579999944635,False,0,31.04841600000441,431.6766249999944
fp_theta200_alpha2p0,false_positive,200.0,0.0,2.0,36,20040156,False,1,0,False,0,,-1.0,7.908125000000155,False,0,33.47258300000533,413.9230840000039
fp_theta200_alpha2p0,false_positive,200.0,0.0,2.0,34,20040154,False,1,0,False,0,,-1.0,8.085833999999181,False,0,35.236624999996025,508.02070799998944
fp_theta200_alpha2p0,false_positive,200.0,0.0,2.0,37,20040157,False,1,0,False,0,,-1.0,8.937875000000872,False,0,34.542749999999955,394.04874999999606
fp_theta200_alpha2p0,false_positive,200.0,0.0,2.0,38,20040158,False,1,0,False,0,,-1.0,8.792749999997795,False,0,33.747167000001355,433.94512500000815
fp_theta200_alpha2p0,false_positive,200.0,0.0,2.0,40,20040160,False,1,0,False,0,,-1.0,8.60837499999434,False,0,33.28337499999634,474.5745000000028
fp_theta200_alpha2p0,false_positive,200.0,0.0,2.0,43,20040163,False,1,0,False,0,,-1.0,7.8151249999933725,False,0,35.116083999994885,392.55195799999854
fp_theta200_alpha2p0,false_positive,200.0,0.0,2.0,39,20040159,False,1,0,False,0,,-1.0,8.046292000003064,False,0,38.52654199999961,556.9767920000004
fp_theta200_alpha2p0,false_positive,200.0,0.0,2.0,42,20040162,False,1,0,False,0,,-1.0,8.242125000009537,False,0,32.411917000004564,475.0037080000027
fp_theta200_alpha2p0,false_positive,200.0,0.0,2.0,44,20040164,False,1,0,False,0,,-1.0,7.46295800000496,False,0,33.7528329999941,498.43833300000995
fp_theta200_alpha2p0,false_positive,200.0,0.0,2.0,49,20040169,False,1,0,False,0,,-1.0,6.911709000007704,False,0,31.44870900000285,345.361374999996
fp_theta200_alpha2p0,false_positive,200.0,0.0,2.0,46,20040166,False,1,0,False,0,,-1.0,9.327624999997397,False,0,32.775292000010836,497.68345799999736
fp_theta200_alpha2p0,false_positive,200.0,0.0,2.0,41,20040161,False,1,0,False,0,,-1.0,7.618833999998742,False,0,39.87900000001332,611.2161660000055
fp_theta200_alpha2p0,false_positive,200.0,0.0,2.0,45,20040165,False,1,0,False,0,,-1.0,7.686625000005165,False,0,34.31866699999375,558.1041249999998
fp_theta200_alpha2p0,false_positive,200.0,0.0,2.0,48,20040168,False,1,0,False,0,,-1.0,7.079584000010186,False,0,37.24383300000511,490.09216700000025
fp_theta200_alpha2p0,false_positive,200.0,0.0,2.0,50,20040170,False,1,0,False,0,,-1.0,8.634750000013014,False,0,33.47245899999507,378.1804580000028
fp_theta200_alpha2p0,false_positive,200.0,0.0,2.0,51,20040171,False,1,0,False,0,,-1.0,9.471332999993365,False,0,32.5405000000103,291.8917079999943
fp_theta200_alpha2p0,false_positive,200.0,0.0,2.0,47,20040167,False,1,0,False,0,,-1.0,7.762917000007974,False,0,41.19708400000377,605.8945420000015
fp_theta200_alpha2p0,false_positive,200.0,0.0,2.0,53,20040173,False,1,0,False,0,,-1.0,8.384292000002347,False,0,33.477833000006285,434.381958000003
fp_theta200_alpha2p0,false_positive,200.0,0.0,2.0,52,20040172,False,1,0,False,0,,-1.0,7.997500000001878,False,0,36.53450000000191,527.6014580000066
fp_theta200_alpha2p0,false_positive,200.0,0.0,2.0,58,20040178,False,1,0,False,0,,-1.0,8.48341600000424,False,0,35.235792000008814,358.0500420000021
fp_theta200_alpha2p0,false_positive,200.0,0.0,2.0,54,20040174,False,1,0,False,0,,-1.0,8.893541999995591,False,0,44.463707999994995,526.7741659999956
fp_theta200_alpha2p0,false_positive,200.0,0.0,2.0,55,20040175,False,1,0,False,0,,-1.0,8.335083000005739,False,0,45.70804099999748,462.47025000000974
fp_theta200_alpha2p0,false_positive,200.0,0.0,2.0,57,20040177,False,1,0,False,0,,-1.0,8.63120799999706,False,0,37.65133399998888,407.7608750000081
fp_theta200_alpha2p0,false_positive,200.0,0.0,2.0,56,20040176,False,1,0,False,0,,-1.0,8.47249999999633,False,0,35.119667000003574,486.27554200000134
fp_theta200_alpha2p0,false_positive,200.0,0.0,2.0,61,20040181,False,1,0,False,0,,-1.0,7.5020839999950795,False,0,35.52999999999429,409.3659579999951
fp_theta200_alpha2p0,false_positive,200.0,0.0,2.0,59,20040179,False,1,0,False,0,,-1.0,7.816041999987533,False,0,36.945750000001,533.583875000005
fp_theta200_alpha2p0,false_positive,200.0,0.0,2.0,62,20040182,False,1,0,False,0,,-1.0,8.660583999997584,False,0,36.042332999997484,487.62341599999104
fp_theta200_alpha2p0,false_positive,200.0,0.0,2.0,60,20040180,False,1,0,False,0,,-1.0,8.51508300000603,False,0,37.96749999999349,529.5168329999882
fp_theta200_alpha2p0,false_positive,200.0,0.0,2.0,63,20040183,False,1,0,False,0,,-1.0,9.087417000003484,False,0,39.81958299999633,428.91233400000317
fp_theta200_alpha2p0,false_positive,200.0,0.0,2.0,65,20040185,False,1,0,False,0,,-1.0,7.665124999988393,False,0,34.73233399999742,359.7825840000013
fp_theta200_alpha2p0,false_positive,200.0,0.0,2.0,64,20040184,False,1,0,False,0,,-1.0,9.340667000003577,False,0,34.985707999993565,443.33883299999854
fp_theta200_alpha2p0,false_positive,200.0,0.0,2.0,66,20040186,False,1,0,False,0,,-1.0,9.0254170000037,False,0,37.32154200000082,465.75283299999626
fp_theta200_alpha2p0,false_positive,200.0,0.0,2.0,71,20040191,False,1,0,False,0,,-1.0,8.354916000001822,False,0,33.74554100000182,370.4689160000072
fp_theta200_alpha2p0,false_positive,200.0,0.0,2.0,69,20040189,False,1,0,False,0,,-1.0,8.556624999997098,False,0,40.503416000007064,513.1356660000108
fp_theta200_alpha2p0,false_positive,200.0,0.0,2.0,70,20040190,False,1,0,False,0,,-1.0,9.49520799998993,False,0,42.44995800000595,533.5338340000106
fp_theta200_alpha2p0,false_positive,200.0,0.0,2.0,68,20040188,False,1,0,False,0,,-1.0,8.503624999988801,False,0,41.43112500000257,604.6546249999949
fp_theta200_alpha2p0,false_positive,200.0,0.0,2.0,72,20040192,False,1,0,False,0,,-1.0,8.842125000001033,False,0,34.34887499999206,469.18729200000087
fp_theta200_alpha2p0,false_positive,200.0,0.0,2.0,67,20040187,False,1,0,False,0,,-1.0,7.771124999990775,False,0,35.11541599999646,644.3550839999972
fp_theta200_alpha2p0,false_positive,200.0,0.0,2.0,73,20040193,False,1,0,False,0,,-1.0,7.665125000002604,False,0,32.15808400000242,495.6826670000112
fp_theta200_alpha2p0,false_positive,200.0,0.0,2.0,75,20040195,False,1,0,False,0,,-1.0,7.88741700000628,False,0,36.616166000001726,502.16199999999844
fp_theta200_alpha2p0,false_positive,200.0,0.0,2.0,74,20040194,False,1,0,False,0,,-1.0,8.39654199999984,False,0,36.50595799999223,544.8954579999992
fp_theta200_alpha2p0,false_positive,200.0,0.0,2.0,76,20040196,False,1,0,False,0,,-1.0,10.244000000000142,False,0,36.7027089999965,502.129583999988
fp_theta200_alpha2p0,false_positive,200.0,0.0,2.0,77,20040197,False,1,0,False,0,,-1.0,9.501916999994364,False,0,36.65020799999752,511.133583000003
fp_theta200_alpha2p0,false_positive,200.0,0.0,2.0,78,20040198,False,1,0,False,0,,-1.0,8.536749999990434,False,0,37.850875000003725,409.36762499998736
fp_theta200_alpha2p0,false_positive,200.0,0.0,2.0,80,20040200,False,1,0,False,0,,-1.0,9.706958000009536,False,0,31.471915999986777,348.12300000000107
fp_theta200_alpha2p0,false_positive,200.0,0.0,2.0,79,20040199,False,1,0,False,0,,-1.0,7.791749999995545,False,0,35.95012499999939,456.5845000000053
fp_theta200_alpha2p0,false_positive,200.0,0.0,2.0,83,20040203,False,1,0,False,0,,-1.0,8.51358399998503,False,0,35.219333000014785,386.6290840000062
fp_theta200_alpha2p0,false_positive,200.0,0.0,2.0,81,20040201,False,1,0,False,0,,-1.0,7.868041999984143,False,0,37.07395800000768,471.37200000000234
fp_theta200_alpha2p0,false_positive,200.0,0.0,2.0,84,20040204,False,1,0,False,0,,-1.0,10.312707999986515,False,0,36.17525000001365,480.43912500000374
fp_theta200_alpha2p0,false_positive,200.0,0.0,2.0,82,20040202,False,1,0,False,0,,-1.0,7.462541999984751,False,0,33.464624999993475,521.8954169999961
fp_theta200_alpha2p0,false_positive,200.0,0.0,2.0,91,20040211,False,1,0,False,0,,-1.0,8.585041999992882,False,0,28.33379200001218,215.12879200000157
fp_theta200_alpha2p0,false_positive,200.0,0.0,2.0,85,20040205,False,1,0,False,0,,-1.0,7.954124999997703,False,0,45.3522919999898,573.1069589999862
fp_theta200_alpha2p0,false_positive,200.0,0.0,2.0,86,20040206,False,1,0,False,0,,-1.0,8.624916000002258,False,0,43.88316699998995,529.6512909999933
fp_theta200_alpha2p0,false_positive,200.0,0.0,2.0,88,20040208,False,1,0,False,0,,-1.0,7.828791999997975,False,0,42.92504200000735,440.5585840000015
fp_theta200_alpha2p0,false_positive,200.0,0.0,2.0,87,20040207,False,1,0,False,0,,-1.0,7.868207999990773,False,0,41.722708999998304,535.0204579999911
fp_theta200_alpha2p0,false_positive,200.0,0.0,2.0,89,20040209,False,1,0,False,0,,-1.0,8.088250000014341,False,0,37.79504100000963,524.9998749999918
fp_theta200_alpha2p0,false_positive,200.0,0.0,2.0,92,20040212,False,1,0,False,0,,-1.0,8.733709000011913,False,0,37.60616700000696,502.1329170000115
fp_theta200_alpha2p0,false_positive,200.0,0.0,2.0,93,20040213,False,1,0,False,0,,-1.0,7.605582999985927,False,0,38.41216699998995,420.4650420000178
fp_theta200_alpha2p0,false_positive,200.0,0.0,2.0,96,20040216,False,1,0,False,0,,-1.0,8.034165999987408,False,0,35.00029099998869,332.38987500001826
fp_theta200_alpha2p0,false_positive,200.0,0.0,2.0,97,20040217,False,1,0,False,0,,-1.0,8.410416999993231,False,0,33.00224999998136,359.2705840000008
fp_theta200_alpha2p0,false_positive,200.0,0.0,2.0,90,20040210,False,1,0,False,0,,-1.0,8.784332999994149,False,0,38.64949999999112,651.1034579999944
fp_theta200_alpha2p0,false_positive,200.0,0.0,2.0,94,20040214,False,1,0,False,0,,-1.0,8.2670409999821,False,0,31.889791999986983,446.5902919999962
fp_theta200_alpha2p0,false_positive,200.0,0.0,2.0,95,20040215,False,1,0,False,0,,-1.0,7.517417000002524,False,0,34.300833000003195,478.16762499999754
fp_theta200_alpha0p5,false_positive,200.0,0.0,0.5,1,20041121,False,1,0,False,0,,-1.0,7.89075000000139,False,0,33.52170799999499,464.88541700000496
fp_theta200_alpha0p5,false_positive,200.0,0.0,0.5,0,20041120,False,1,0,False,0,,-1.0,7.265833000019484,False,0,33.90037500000176,498.3819159999996
fp_theta200_alpha2p0,false_positive,200.0,0.0,2.0,98,20040218,False,1,0,False,0,,-1.0,8.359791000003725,False,0,36.74200000000383,538.9048750000143
fp_theta200_alpha0p5,false_positive,200.0,0.0,0.5,2,20041122,False,1,0,False,0,,-1.0,7.432041999976491,False,0,33.899915999995756,412.40995900000144
fp_theta200_alpha2p0,false_positive,200.0,0.0,2.0,99,20040219,False,1,0,False,0,,-1.0,8.197291000016094,False,0,36.81187500001215,563.1692500000156
fp_theta200_alpha0p5,false_positive,200.0,0.0,0.5,3,20041123,False,1,0,False,0,,-1.0,7.664124999990918,False,0,32.56791700002282,432.7055830000006
fp_theta200_alpha0p5,false_positive,200.0,0.0,0.5,5,20041125,False,1,0,False,0,,-1.0,7.318874999981517,False,0,29.313624999986132,432.8324579999787
fp_theta200_alpha0p5,false_positive,200.0,0.0,0.5,4,20041124,False,1,0,False,0,,-1.0,7.653000000004795,False,0,35.48229200001174,550.8952910000176
fp_theta200_alpha0p5,false_positive,200.0,0.0,0.5,7,20041127,False,1,0,False,0,,-1.0,7.893957999982604,False,0,34.992500000015525,492.8165420000141
fp_theta200_alpha0p5,false_positive,200.0,0.0,0.5,6,20041126,False,1,0,False,0,,-1.0,7.59333400000628,False,0,35.78412499999217,547.4167499999965
fp_theta200_alpha0p5,false_positive,200.0,0.0,0.5,9,20041129,False,1,0,False,0,,-1.0,7.37262499998792,False,0,32.44449999999688,450.80195799999956
fp_theta200_alpha0p5,false_positive,200.0,0.0,0.5,8,20041128,False,1,0,False,0,,-1.0,7.919667000010122,False,0,31.856833999995615,531.738875000002
fp_theta200_alpha0p5,false_positive,200.0,0.0,0.5,10,20041130,False,1,0,False,0,,-1.0,8.469750000017484,False,0,33.36720799998716,399.1052080000088
fp_theta200_alpha0p5,false_positive,200.0,0.0,0.5,11,20041131,False,1,0,False,0,,-1.0,7.146458999983452,False,0,39.98616699999502,412.7442090000102
fp_theta200_alpha0p5,false_positive,200.0,0.0,0.5,14,20041134,False,1,0,False,0,,-1.0,7.7572080000152255,False,0,32.5086249999913,485.1603749999924
fp_theta200_alpha0p5,false_positive,200.0,0.0,0.5,13,20041133,False,1,0,False,0,,-1.0,7.580499999988888,False,0,36.48116699997672,542.5725409999984
fp_theta200_alpha0p5,false_positive,200.0,0.0,0.5,16,20041136,False,1,0,False,0,,-1.0,7.724666999990859,False,0,29.017541000001756,429.7764159999815
fp_theta200_alpha0p5,false_positive,200.0,0.0,0.5,12,20041132,False,1,0,False,0,,-1.0,7.263082999998005,False,0,31.27625000001899,573.5410830000092
fp_theta200_alpha0p5,false_positive,200.0,0.0,0.5,15,20041135,False,1,0,False,0,,-1.0,7.679292000005944,False,0,35.025917000012896,510.3075840000031
fp_theta200_alpha0p5,false_positive,200.0,0.0,0.5,18,20041138,False,1,0,False,0,,-1.0,7.768959000003406,False,0,33.26362500001778,412.06366599999456
fp_theta200_alpha0p5,false_positive,200.0,0.0,0.5,21,20041141,False,1,0,False,0,,-1.0,8.222875000001295,False,0,32.44829200002641,383.3056249999913
fp_theta200_alpha0p5,false_positive,200.0,0.0,0.5,20,20041140,False,1,0,False,0,,-1.0,8.151832999999442,False,0,37.20508299997505,393.9302499999826
fp_theta200_alpha0p5,false_positive,200.0,0.0,0.5,17,20041137,False,1,0,False,0,,-1.0,8.075458999996954,False,0,38.36491600000613,510.3048329999922
fp_theta200_alpha0p5,false_positive,200.0,0.0,0.5,19,20041139,False,1,0,True,1,614,-1.0,13.615541999996594,False,0,33.29920900000616,480.17816699999116
fp_theta200_alpha0p5,false_positive,200.0,0.0,0.5,23,20041143,False,1,0,False,0,,-1.0,7.271250000002283,False,0,42.10562500000492,439.4778330000122
fp_theta200_alpha0p5,false_positive,200.0,0.0,0.5,22,20041142,False,1,0,False,0,,-1.0,7.4604159999864805,False,0,41.19779200001972,490.5802920000042
fp_theta200_alpha0p5,false_positive,200.0,0.0,0.5,24,20041144,False,1,0,False,0,,-1.0,8.055541000004496,False,0,32.93874999999957,528.6090829999921
fp_theta200_alpha0p5,false_positive,200.0,0.0,0.5,33,20041153,False,1,0,False,0,,-1.0,7.5731670000038775,False,0,31.23362499999871,298.6066670000014
fp_theta200_alpha0p5,false_positive,200.0,0.0,0.5,28,20041148,False,1,0,False,0,,-1.0,7.6004579999846555,False,0,34.068583000021135,449.1347500000131
fp_theta200_alpha0p5,false_positive,200.0,0.0,0.5,26,20041146,False,1,0,False,0,,-1.0,7.5419160000080865,False,0,35.24350000000709,530.2728750000085
fp_theta200_alpha0p5,false_positive,200.0,0.0,0.5,29,20041149,False,1,0,False,0,,-1.0,7.288000000016837,False,0,36.578082999994876,454.81799999998884
fp_theta200_alpha0p5,false_positive,200.0,0.0,0.5,25,20041145,False,1,0,False,0,,-1.0,7.714832999994314,False,0,35.52187500000059,587.0314580000127
fp_theta200_alpha0p5,false_positive,200.0,0.0,0.5,27,20041147,False,1,0,False,0,,-1.0,7.363666999992802,False,0,32.62050000000727,590.1351250000175
fp_theta200_alpha0p5,false_positive,200.0,0.0,0.5,31,20041151,False,1,0,False,0,,-1.0,7.692583999983071,False,0,32.509374999989404,520.6070829999874
fp_theta200_alpha0p5,false_positive,200.0,0.0,0.5,30,20041150,False,1,0,False,0,,-1.0,7.310208999996348,False,0,32.09412500001463,555.9006249999925
fp_theta200_alpha0p5,false_positive,200.0,0.0,0.5,34,20041154,False,1,0,False,0,,-1.0,7.140832999994018,False,0,32.56991599999992,360.2927500000135
fp_theta200_alpha0p5,false_positive,200.0,0.0,0.5,32,20041152,False,1,0,False,0,,-1.0,7.701332999999977,False,0,35.08333299998867,538.0674170000077
fp_theta200_alpha0p5,false_positive,200.0,0.0,0.5,35,20041155,False,1,0,False,0,,-1.0,8.207583000000795,False,0,33.422415999979194,524.0580829999999
fp_theta200_alpha0p5,false_positive,200.0,0.0,0.5,37,20041157,False,1,0,True,1,707,-1.0,14.328582999979744,False,0,33.21391700001186,393.9264999999921
fp_theta200_alpha0p5,false_positive,200.0,0.0,0.5,40,20041160,False,1,0,False,0,,-1.0,7.119832999990194,False,0,31.525208000005023,354.4299999999794
fp_theta200_alpha0p5,false_positive,200.0,0.0,0.5,38,20041158,False,1,0,False,0,,-1.0,7.880499999998847,False,0,35.13229199998591,453.94504199998664
fp_theta200_alpha0p5,false_positive,200.0,0.0,0.5,41,20041161,False,1,0,False,0,,-1.0,7.870083999989674,False,0,32.278166000025976,388.12849999999344
fp_theta200_alpha0p5,false_positive,200.0,0.0,0.5,39,20041159,False,1,0,False,0,,-1.0,7.885667000010699,False,0,34.18058399998358,464.61041699998873
fp_theta200_alpha0p5,false_positive,200.0,0.0,0.5,36,20041156,False,1,0,False,0,,-1.0,8.356458000008615,False,0,34.28220899999701,527.7357499999766
fp_theta200_alpha0p5,false_positive,200.0,0.0,0.5,42,20041162,False,1,0,False,0,,-1.0,8.411625000007916,False,0,32.06599999998616,421.5749589999973
fp_theta200_alpha0p5,false_positive,200.0,0.0,0.5,45,20041165,False,1,0,False,0,,-1.0,7.6464579999822035,False,0,33.863292000006595,415.9986249999861
fp_theta200_alpha0p5,false_positive,200.0,0.0,0.5,44,20041164,False,1,0,False,0,,-1.0,8.12616700000035,False,0,34.87641699999244,455.8986669999854
fp_theta200_alpha0p5,false_positive,200.0,0.0,0.5,43,20041163,False,1,0,False,0,,-1.0,7.578625000007833,False,0,34.029625000016495,496.5148750000026
fp_theta200_alpha0p5,false_positive,200.0,0.0,0.5,46,20041166,False,1,0,False,0,,-1.0,7.164707999976372,False,0,32.713416999996525,501.19970800000146
fp_theta200_alpha0p5,false_positive,200.0,0.0,0.5,47,20041167,False,1,0,False,0,,-1.0,7.467832999992652,False,0,34.38008300000206,538.0837499999984
fp_theta200_alpha0p5,false_positive,200.0,0.0,0.5,48,20041168,False,1,0,False,0,,-1.0,7.325708000024633,False,0,38.934624999996004,481.6896659999941
fp_theta200_alpha0p5,false_positive,200.0,0.0,0.5,51,20041171,False,1,0,False,0,,-1.0,9.231833000001188,False,0,37.8545830000121,416.1923749999801
fp_theta200_alpha0p5,false_positive,200.0,0.0,0.5,49,20041169,False,1,0,True,1,443,-1.0,15.494374999974525,False,0,40.46699999997827,476.8355829999962
fp_theta200_alpha0p5,false_positive,200.0,0.0,0.5,54,20041174,False,1,0,False,0,,-1.0,7.923083000008546,False,0,40.230374999993046,370.9951250000074
fp_theta200_alpha0p5,false_positive,200.0,0.0,0.5,53,20041173,False,1,0,False,0,,-1.0,10.376082999982827,False,0,32.874667000015734,409.66183300000125
fp_theta200_alpha0p5,false_positive,200.0,0.0,0.5,50,20041170,False,1,0,False,0,,-1.0,7.972166999991259,False,0,34.07441699999936,540.320333000011
fp_theta200_alpha0p5,false_positive,200.0,0.0,0.5,52,20041172,False,1,0,False,0,,-1.0,7.476291999978457,False,0,33.08404099999507,528.9098749999823
fp_theta200_alpha0p5,false_positive,200.0,0.0,0.5,56,20041176,False,1,0,False,0,,-1.0,7.30133300001512,False,0,34.92029200000957,436.2485000000049
fp_theta200_alpha0p5,false_positive,200.0,0.0,0.5,57,20041177,False,1,0,False,0,,-1.0,7.619541999986268,False,0,31.965207999974155,473.74220899999386
fp_theta200_alpha0p5,false_positive,200.0,0.0,0.5,58,20041178,False,1,0,False,0,,-1.0,7.262458000013794,False,0,34.34041700000989,424.7975410000038
fp_theta200_alpha0p5,false_positive,200.0,0.0,0.5,55,20041175,False,1,0,False,0,,-1.0,8.063250000020616,False,0,35.757582999991655,544.3959999999777
fp_theta200_alpha0p5,false_positive,200.0,0.0,0.5,63,20041183,False,1,0,False,0,,-1.0,7.884124999975484,False,0,30.923625000014,334.0695420000088
fp_theta200_alpha0p5,false_positive,200.0,0.0,0.5,59,20041179,False,1,0,False,0,,-1.0,8.625249999994367,False,0,29.084917000005817,381.66554200000746
fp_theta200_alpha0p5,false_positive,200.0,0.0,0.5,60,20041180,False,1,0,False,0,,-1.0,7.792624999979125,False,0,36.29091700000231,439.4572079999932
fp_theta200_alpha0p5,false_positive,200.0,0.0,0.5,62,20041182,False,1,0,False,0,,-1.0,7.662167000006548,False,0,35.229874999998856,435.62149999999633
fp_theta200_alpha0p5,false_positive,200.0,0.0,0.5,61,20041181,False,1,0,False,0,,-1.0,7.419124999984206,False,0,34.68216699999971,544.9595839999972
fp_theta200_alpha0p5,false_positive,200.0,0.0,0.5,64,20041184,False,1,0,False,0,,-1.0,7.433084000012968,False,0,32.76525000001129,540.2531249999925
fp_theta200_alpha0p5,false_positive,200.0,0.0,0.5,65,20041185,False,1,0,False,0,,-1.0,7.546542000000045,False,0,33.92320800000448,488.46474999999145
fp_theta200_alpha0p5,false_positive,200.0,0.0,0.5,67,20041187,False,1,0,False,0,,-1.0,7.7708329999950365,False,0,29.907541999989462,433.7475419999919
fp_theta200_alpha0p5,false_positive,200.0,0.0,0.5,66,20041186,False,1,0,False,0,,-1.0,7.5313750000134405,False,0,31.77124999999137,496.66833300000235
fp_theta200_alpha0p5,false_positive,200.0,0.0,0.5,69,20041189,False,1,0,False,0,,-1.0,7.271415999980491,False,0,40.640916999990395,431.84179200000017
fp_theta200_alpha0p5,false_positive,200.0,0.0,0.5,68,20041188,False,1,0,False,0,,-1.0,7.763291000003392,False,0,41.79250000001389,455.34245800001827
fp_theta200_alpha0p5,false_positive,200.0,0.0,0.5,72,20041192,False,1,0,True,2,615;243,-1.0,14.095792000006213,False,0,30.83012499999427,336.6708340000173
fp_theta200_alpha0p5,false_positive,200.0,0.0,0.5,70,20041190,False,1,0,False,0,,-1.0,7.541666000008718,False,0,30.692541999997047,496.41324999998915
fp_theta200_alpha0p5,false_positive,200.0,0.0,0.5,71,20041191,False,1,0,False,0,,-1.0,7.576749999998356,False,0,33.72379200001774,547.564666999989
fp_theta200_alpha0p5,false_positive,200.0,0.0,0.5,74,20041194,False,1,0,False,0,,-1.0,8.219834000016135,False,0,34.49987499999452,460.304917000002
fp_theta200_alpha0p5,false_positive,200.0,0.0,0.5,73,20041193,False,1,0,False,0,,-1.0,7.5158750000241525,False,0,32.956374999997706,488.0176249999977
fp_theta200_alpha0p5,false_positive,200.0,0.0,0.5,75,20041195,False,1,0,False,0,,-1.0,7.655540999991217,False,0,30.959583999987217,429.05383300001176
fp_theta200_alpha0p5,false_positive,200.0,0.0,0.5,78,20041198,False,1,0,False,0,,-1.0,7.463833000002751,False,0,37.56258399999979,418.8067089999947
fp_theta200_alpha0p5,false_positive,200.0,0.0,0.5,77,20041197,False,1,0,False,0,,-1.0,7.094791999975314,False,0,33.93354199999976,455.9104159999947
fp_theta200_alpha0p5,false_positive,200.0,0.0,0.5,76,20041196,False,1,0,False,0,,-1.0,8.017208000012488,False,0,34.65904200001546,526.3571250000041
fp_theta200_alpha0p5,false_positive,200.0,0.0,0.5,79,20041199,False,1,0,False,0,,-1.0,7.35849999998095,False,0,34.99708300000748,504.16150000000926
fp_theta200_alpha0p5,false_positive,200.0,0.0,0.5,81,20041201,False,1,0,False,0,,-1.0,8.84695899998178,False,0,33.2232920000024,449.3608340000037
fp_theta200_alpha0p5,false_positive,200.0,0.0,0.5,80,20041200,False,1,0,False,0,,-1.0,8.303666999978532,False,0,36.043500000005224,475.53487500002234
fp_theta200_alpha0p5,false_positive,200.0,0.0,0.5,83,20041203,False,1,0,False,0,,-1.0,7.675957999992988,False,0,35.967458000015995,428.2505420000007
fp_theta200_alpha0p5,false_positive,200.0,0.0,0.5,82,20041202,False,1,0,False,0,,-1.0,9.214458999991848,False,0,32.57362499999772,469.1274170000099
fp_theta200_alpha0p5,false_positive,200.0,0.0,0.5,84,20041204,False,1,0,False,0,,-1.0,7.546582999992779,False,0,34.01266700001315,413.76004200000693
fp_theta200_alpha0p5,false_positive,200.0,0.0,0.5,85,20041205,False,1,0,False,0,,-1.0,7.349459000010938,False,0,28.996124999991935,430.399207999983
fp_theta200_alpha0p5,false_positive,200.0,0.0,0.5,86,20041206,False,1,0,False,0,,-1.0,7.914125000013428,False,0,33.98316700000237,481.45154200000206
fp_theta200_alpha0p5,false_positive,200.0,0.0,0.5,87,20041207,False,1,0,False,0,,-1.0,7.047124999985499,False,0,33.855416999983845,500.48054199999115
fp_theta200_alpha0p5,false_positive,200.0,0.0,0.5,88,20041208,False,1,0,False,0,,-1.0,7.080624999986185,False,0,38.15612500000043,459.02666599999975
fp_theta200_alpha0p5,false_positive,200.0,0.0,0.5,92,20041212,False,1,0,False,0,,-1.0,6.930624999995416,False,0,41.1648330000105,344.11416699998654
fp_theta200_alpha0p5,false_positive,200.0,0.0,0.5,89,20041209,False,1,0,False,0,,-1.0,7.873707999976887,False,0,35.70220899999299,452.2369589999755
fp_theta200_alpha0p5,false_positive,200.0,0.0,0.5,93,20041213,False,1,0,False,0,,-1.0,7.658415999998169,False,0,36.29420800001526,369.2996660000176
fp_theta200_alpha0p5,false_positive,200.0,0.0,0.5,90,20041210,False,1,0,False,0,,-1.0,7.921624999994492,False,0,35.93433300000015,449.5258750000062
fp_theta200_alpha0p5,false_positive,200.0,0.0,0.5,94,20041214,False,1,0,False,0,,-1.0,8.40637499999275,False,0,34.488291999991816,385.983834000001
fp_theta200_alpha0p5,false_positive,200.0,0.0,0.5,91,20041211,False,1,0,False,0,,-1.0,7.539540999999872,False,0,33.59816699997964,485.44341699999904
fp_theta200_alpha0p5,false_positive,200.0,0.0,0.5,95,20041215,False,1,0,True,1,387,-1.0,13.716875000000073,False,0,36.74166600001172,542.22412499999
fp_theta200_alpha0p05,false_positive,200.0,0.0,0.05,0,20042120,False,1,0,False,0,,-1.0,8.105000000000473,False,0,29.511374999998452,238.50570799999105
fp_theta200_alpha0p05,false_positive,200.0,0.0,0.05,1,20042121,False,1,0,False,0,,-1.0,9.603790999989315,False,0,42.05366599998683,249.94687500000623
fp_theta200_alpha0p05,false_positive,200.0,0.0,0.05,2,20042122,False,1,0,False,0,,-1.0,7.7844579999748476,False,0,37.621792000010146,243.13437499998258
fp_theta200_alpha0p5,false_positive,200.0,0.0,0.5,96,20041216,False,1,0,False,0,,-1.0,8.814833000002409,False,0,41.2972499999853,447.90891699997815
fp_theta200_alpha0p05,false_positive,200.0,0.0,0.05,3,20042123,False,1,0,False,0,,-1.0,8.661916999983532,False,0,30.364458999997623,226.24199999998496
fp_theta200_alpha0p05,false_positive,200.0,0.0,0.05,5,20042125,False,1,0,False,0,,-1.0,8.27499999999759,False,0,28.76962500002378,217.576207999997
fp_theta200_alpha0p05,false_positive,200.0,0.0,0.05,4,20042124,False,1,0,False,0,,-1.0,8.678166999999348,False,0,30.634958000007373,269.34449999998833
fp_theta200_alpha0p5,false_positive,200.0,0.0,0.5,97,20041217,False,1,0,False,0,,-1.0,7.813999999996213,False,0,30.671041999994486,497.8064999999958
fp_theta200_alpha0p05,false_positive,200.0,0.0,0.05,6,20042126,False,1,0,True,1,276,-1.0,14.958124999992606,False,0,27.813124999994443,231.7845830000067
fp_theta200_alpha0p5,false_positive,200.0,0.0,0.5,98,20041218,False,1,0,False,0,,-1.0,9.562208000005512,False,0,34.49716700001204,511.17229099997985
fp_theta200_alpha0p5,false_positive,200.0,0.0,0.5,99,20041219,False,1,0,False,0,,-1.0,7.469958000001498,False,0,35.0163750000263,522.7428339999847
fp_theta200_alpha0p05,false_positive,200.0,0.0,0.05,9,20042129,False,1,0,False,0,,-1.0,7.640958000024511,False,0,29.56412500000738,205.59312500000715
fp_theta200_alpha0p05,false_positive,200.0,0.0,0.05,10,20042130,False,1,0,False,0,,-1.0,8.757457999990947,False,0,41.1045000000172,224.62979200000177
fp_theta200_alpha0p05,false_positive,200.0,0.0,0.05,8,20042128,False,1,0,False,0,,-1.0,8.020333000018809,False,0,40.42437499998641,253.70020799999793
fp_theta200_alpha0p05,false_positive,200.0,0.0,0.05,7,20042127,False,1,0,False,0,,-1.0,8.859042000011641,False,0,37.96233299999585,268.4078329999977
fp_theta200_alpha0p05,false_positive,200.0,0.0,0.05,11,20042131,False,1,0,False,0,,-1.0,7.405083000008972,False,0,33.8518749999821,239.60149999999203
fp_theta200_alpha0p05,false_positive,200.0,0.0,0.05,12,20042132,False,1,0,False,0,,-1.0,8.14666599998759,False,0,31.255834000006644,236.57945799999425
fp_theta200_alpha0p05,false_positive,200.0,0.0,0.05,14,20042134,False,1,0,True,1,712,-1.0,15.845624999997199,False,0,28.858917000007978,200.06899999998495
fp_theta200_alpha0p05,false_positive,200.0,0.0,0.05,13,20042133,False,1,0,False,0,,-1.0,8.32716600001504,False,0,28.011958000007553,241.11249999998563
fp_theta200_alpha0p05,false_positive,200.0,0.0,0.05,15,20042135,False,1,0,False,0,,-1.0,8.47141699998133,False,0,30.485041999980922,230.47629199999164
fp_theta200_alpha0p05,false_positive,200.0,0.0,0.05,16,20042136,False,1,0,False,0,,-1.0,8.939625000010665,False,0,31.7884159999835,259.13383400001067
fp_theta200_alpha0p05,false_positive,200.0,0.0,0.05,17,20042137,False,1,0,False,0,,-1.0,9.57129200000395,False,0,28.451999999987265,221.19883400000617
fp_theta200_alpha0p05,false_positive,200.0,0.0,0.05,18,20042138,False,1,0,False,0,,-1.0,8.473082999984172,False,0,34.02654199999233,207.37049999999613
fp_theta200_alpha0p05,false_positive,200.0,0.0,0.05,24,20042144,False,1,0,False,0,,-1.0,7.72245900000712,False,0,31.08479200000147,193.08895799997572
fp_theta200_alpha0p05,false_positive,200.0,0.0,0.05,22,20042142,False,1,0,False,0,,-1.0,8.764250000012908,False,0,30.32049999998776,211.4698750000059
fp_theta200_alpha0p05,false_positive,200.0,0.0,0.05,20,20042140,False,1,0,False,0,,-1.0,9.483125000002701,False,0,35.310459000015726,219.28775000000655
fp_theta200_alpha0p05,false_positive,200.0,0.0,0.05,23,20042143,False,1,0,False,0,,-1.0,8.51279100001534,False,0,37.00691700001357,214.1946669999868
fp_theta200_alpha0p05,false_positive,200.0,0.0,0.05,21,20042141,False,1,0,False,0,,-1.0,8.752292000025363,False,0,35.53595900001483,224.180500000017
fp_theta200_alpha0p05,false_positive,200.0,0.0,0.05,19,20042139,False,1,0,False,0,,-1.0,8.061790999988716,False,0,31.975915999993276,269.02891699998577
fp_theta200_alpha0p05,false_positive,200.0,0.0,0.05,25,20042145,False,1,0,False,0,,-1.0,8.545750000024555,False,0,33.72245899998916,237.46324999999047
fp_theta200_alpha0p05,false_positive,200.0,0.0,0.05,26,20042146,False,1,0,False,0,,-1.0,9.25645800001007,False,0,36.33949999999686,217.64054199999805
fp_theta200_alpha0p05,false_positive,200.0,0.0,0.05,27,20042147,False,1,0,False,0,,-1.0,9.904750000004015,False,0,32.151083000002245,210.8815830000026
fp_theta200_alpha0p05,false_positive,200.0,0.0,0.05,28,20042148,False,1,0,False,0,,-1.0,8.61774999998488,False,0,28.836999999981572,225.460207999987
fp_theta200_alpha0p05,false_positive,200.0,0.0,0.05,29,20042149,False,1,0,False,0,,-1.0,9.231749999997874,False,0,26.20862499998111,222.9170839999881
fp_theta200_alpha0p05,false_positive,200.0,0.0,0.05,33,20042153,False,1,0,False,0,,-1.0,7.707667000005358,False,0,27.848291999987396,189.2000830000029
fp_theta200_alpha0p05,false_positive,200.0,0.0,0.05,35,20042155,False,1,0,False,0,,-1.0,8.282292000018288,False,0,32.763625000001184,198.46408399999405
fp_theta200_alpha0p05,false_positive,200.0,0.0,0.05,34,20042154,False,1,0,False,0,,-1.0,8.209874999977274,False,0,31.456875000003492,207.6135830000112
fp_theta200_alpha0p05,false_positive,200.0,0.0,0.05,32,20042152,False,1,0,False,0,,-1.0,9.126790999999912,False,0,38.91529099999502,235.60337500001083
fp_theta200_alpha0p05,false_positive,200.0,0.0,0.05,31,20042151,False,1,0,False,0,,-1.0,8.398708000015631,False,0,42.12341700002753,247.04600000001165
fp_theta200_alpha0p05,false_positive,200.0,0.0,0.05,36,20042156,False,1,0,False,0,,-1.0,8.756792000014002,False,0,43.13395799999853,213.55024999999728
fp_theta200_alpha0p05,false_positive,200.0,0.0,0.05,30,20042150,False,1,0,False,0,,-1.0,8.616166999985353,True,1,40.84708400000636,284.6411250000074
fp_theta200_alpha0p05,false_positive,200.0,0.0,0.05,38,20042158,False,1,0,False,0,,-1.0,8.889999999979636,False,0,31.202917000001662,197.8666250000174
fp_theta200_alpha0p05,false_positive,200.0,0.0,0.05,39,20042159,False,1,0,False,0,,-1.0,8.770916000003126,False,0,28.26683400002139,220.28612500000122
fp_theta200_alpha0p05,false_positive,200.0,0.0,0.05,37,20042157,False,1,0,False,0,,-1.0,7.540167000001929,False,0,31.114708000018254,272.44120900002144
fp_theta200_alpha0p05,false_positive,200.0,0.0,0.05,40,20042160,False,1,0,False,0,,-1.0,9.13508400000751,False,0,27.236874999999827,227.8853749999996
fp_theta200_alpha0p05,false_positive,200.0,0.0,0.05,41,20042161,False,1,0,False,0,,-1.0,8.318000000002712,False,0,26.86158399998817,234.69074999999862
fp_theta200_alpha0p05,false_positive,200.0,0.0,0.05,44,20042164,False,1,0,False,0,,-1.0,8.322124999978087,False,0,30.883333999980778,180.73325000000295
fp_theta200_alpha0p05,false_positive,200.0,0.0,0.05,42,20042162,False,1,0,False,0,,-1.0,8.25637500000198,False,0,27.926167000003943,234.94258400000945
fp_theta200_alpha0p05,false_positive,200.0,0.0,0.05,49,20042169,False,1,0,False,0,,-1.0,7.9723749999800475,False,0,27.665291000005254,187.15620800000465
fp_theta200_alpha0p05,false_positive,200.0,0.0,0.05,43,20042163,False,1,0,False,0,,-1.0,9.51137499998822,False,0,35.30379200000766,226.65574999999194
fp_theta200_alpha0p05,false_positive,200.0,0.0,0.05,45,20042165,False,1,0,False,0,,-1.0,8.985917000018162,False,0,31.31391699997721,207.3316249999948
fp_theta200_alpha0p05,false_positive,200.0,0.0,0.05,47,20042167,False,1,0,False,0,,-1.0,7.915040999989742,False,0,27.499959000010676,218.15987499999778
fp_theta200_alpha0p05,false_positive,200.0,0.0,0.05,46,20042166,False,1,0,False,0,,-1.0,8.13687499999105,False,0,28.74883399999817,246.9102499999849
fp_theta200_alpha0p05,false_positive,200.0,0.0,0.05,48,20042168,False,1,0,False,0,,-1.0,7.24241699998629,False,0,29.50754099998676,259.9020410000037
fp_theta200_alpha0p05,false_positive,200.0,0.0,0.05,50,20042170,False,1,0,False,0,,-1.0,7.855542000015703,False,0,30.072208000007095,244.65699999998947
fp_theta200_alpha0p05,false_positive,200.0,0.0,0.05,51,20042171,False,1,0,False,0,,-1.0,8.604582999993227,False,0,27.09941699998808,222.83487499998955
fp_theta200_alpha0p05,false_positive,200.0,0.0,0.05,52,20042172,False,1,0,False,0,,-1.0,7.760375000003705,False,0,27.006000000000085,226.15850000002524
fp_theta200_alpha0p05,false_positive,200.0,0.0,0.05,53,20042173,False,1,0,False,0,,-1.0,7.624832999994169,False,0,29.690041999998584,254.81916699999374
fp_theta200_alpha0p05,false_positive,200.0,0.0,0.05,54,20042174,False,1,0,False,0,,-1.0,7.668709000000717,False,0,28.55945799998949,214.9667079999915
fp_theta200_alpha0p05,false_positive,200.0,0.0,0.05,56,20042176,False,1,0,False,0,,-1.0,7.2457919999919795,False,0,32.62262499998769,218.12166699999125
fp_theta200_alpha0p05,false_positive,200.0,0.0,0.05,61,20042181,False,1,0,False,0,,-1.0,8.229666999994834,False,0,32.2594170000059,158.29270800000472
fp_theta200_alpha0p05,false_positive,200.0,0.0,0.05,57,20042177,False,1,0,True,1,276,-1.0,14.510707999988881,False,0,33.00058299998909,214.29112499998837
fp_theta200_alpha0p05,false_positive,200.0,0.0,0.05,59,20042179,False,1,0,False,0,,-1.0,8.896332999995593,False,0,32.04016700001944,235.88258300000575
fp_theta200_alpha0p05,false_positive,200.0,0.0,0.05,55,20042175,False,1,0,False,0,,-1.0,10.131833000002644,False,0,29.807583999996723,281.12329199998953
fp_theta200_alpha0p05,false_positive,200.0,0.0,0.05,58,20042178,False,1,0,False,0,,-1.0,8.283124999991287,False,0,40.07108299998663,274.49408300000755
fp_theta200_alpha0p05,false_positive,200.0,0.0,0.05,60,20042180,False,1,0,False,0,,-1.0,8.165708999996468,False,0,40.51358300000629,235.01633399999378
fp_theta200_alpha0p05,false_positive,200.0,0.0,0.05,63,20042183,False,1,0,False,0,,-1.0,9.890166999980465,False,0,30.737832999989223,211.19620800001826
fp_theta200_alpha0p05,false_positive,200.0,0.0,0.05,62,20042182,False,1,0,True,1,762,-1.0,15.522666999999046,False,0,28.107583999997132,253.70766599999683
fp_theta200_alpha0p05,false_positive,200.0,0.0,0.05,64,20042184,False,1,0,False,0,,-1.0,9.340500000007523,False,0,30.688125000011723,232.53379199999813
fp_theta200_alpha0p05,false_positive,200.0,0.0,0.05,65,20042185,False,1,0,False,0,,-1.0,7.5377089999904,False,0,28.581874999986212,238.80724999997938
fp_theta200_alpha0p05,false_positive,200.0,0.0,0.05,67,20042187,False,1,0,False,0,,-1.0,8.31254099998091,False,0,30.744167000023026,200.009332999997
fp_theta200_alpha0p05,false_positive,200.0,0.0,0.05,66,20042186,False,1,0,False,0,,-1.0,9.174749999999676,False,0,28.84870799999817,255.85362500001452
fp_theta200_alpha0p05,false_positive,200.0,0.0,0.05,69,20042189,False,1,0,False,0,,-1.0,9.309292000011737,False,0,28.84695899999201,207.67433299999993
fp_theta200_alpha0p05,false_positive,200.0,0.0,0.05,68,20042188,False,1,0,False,0,,-1.0,8.59966699999859,False,0,29.63816700000166,223.8446670000087
fp_theta200_alpha0p05,false_positive,200.0,0.0,0.05,70,20042190,False,1,0,False,0,,-1.0,11.48458400001573,False,0,32.459332999991375,210.75962500000855
fp_theta200_alpha0p05,false_positive,200.0,0.0,0.05,71,20042191,False,1,0,False,0,,-1.0,7.731291999988343,False,0,29.247666999992816,228.06041599997684
fp_theta200_alpha0p05,false_positive,200.0,0.0,0.05,74,20042194,False,1,0,False,0,,-1.0,7.675500000004831,False,0,28.768709000019044,200.47775000000456
fp_theta200_alpha0p05,false_positive,200.0,0.0,0.05,72,20042192,False,1,0,False,0,,-1.0,10.830166999994617,False,0,31.510332999999946,230.3940829999931
fp_theta200_alpha0p05,false_positive,200.0,0.0,0.05,73,20042193,False,1,0,False,0,,-1.0,7.95124999999075,False,0,42.49991599999703,284.0423750000127
fp_theta200_alpha0p05,false_positive,200.0,0.0,0.05,75,20042195,False,1,0,False,0,,-1.0,9.538084000013214,False,0,42.471625000018776,242.88041700000917
fp_theta200_alpha0p05,false_positive,200.0,0.0,0.05,76,20042196,False,1,0,False,0,,-1.0,7.790082999974857,False,0,29.47774999998387,248.7794170000086
fp_theta200_alpha0p05,false_positive,200.0,0.0,0.05,77,20042197,False,1,0,False,0,,-1.0,7.477290999986508,False,0,32.123749999982465,225.3790409999965
fp_theta200_alpha0p05,false_positive,200.0,0.0,0.05,79,20042199,False,1,0,False,0,,-1.0,8.034417000004623,False,0,31.251666000002842,221.1708339999916
fp_theta200_alpha0p05,false_positive,200.0,0.0,0.05,81,20042201,False,1,0,False,0,,-1.0,10.569083999996565,False,0,29.604667000000973,199.15933400000085
fp_theta200_alpha0p05,false_positive,200.0,0.0,0.05,80,20042200,False,1,0,False,0,,-1.0,9.00983299999325,False,0,38.282000000009475,246.62949999998318
fp_theta200_alpha0p05,false_positive,200.0,0.0,0.05,82,20042202,False,1,0,False,0,,-1.0,9.353750000002492,False,0,39.902332999986356,210.44658299999242
fp_theta200_alpha0p05,false_positive,200.0,0.0,0.05,78,20042198,False,1,0,False,0,,-1.0,9.050333000004684,False,0,35.58220800002232,281.4512909999962
fp_theta200_alpha0p05,false_positive,200.0,0.0,0.05,83,20042203,False,1,0,False,0,,-1.0,11.957417000019177,False,0,30.294916999991983,223.4307909999984
fp_theta200_alpha0p05,false_positive,200.0,0.0,0.05,84,20042204,False,1,0,False,0,,-1.0,8.705999999989444,False,0,30.3132909999988,210.6658330000073
fp_theta200_alpha0p05,false_positive,200.0,0.0,0.05,85,20042205,False,1,0,False,0,,-1.0,7.621249999999691,False,0,29.601917000007916,244.4509579999874
fp_theta200_alpha0p05,false_positive,200.0,0.0,0.05,87,20042207,False,1,0,True,1,181,-1.0,13.708791999988534,False,0,30.151375000002645,219.06612500001188
fp_theta200_alpha0p05,false_positive,200.0,0.0,0.05,88,20042208,False,1,0,False,0,,-1.0,7.253208999998151,False,0,28.99691700000062,245.02116700000443
fp_theta200_alpha0p05,false_positive,200.0,0.0,0.05,86,20042206,False,1,0,False,0,,-1.0,10.133208000013383,False,0,30.753500000002987,272.14904199999523
fp_theta200_alpha0p05,false_positive,200.0,0.0,0.05,91,20042211,False,1,0,False,0,,-1.0,8.117916000003333,False,0,29.75737500000264,231.40141700000072
fp_theta200_alpha0p05,false_positive,200.0,0.0,0.05,89,20042209,False,1,0,False,0,,-1.0,8.281917000005024,False,0,31.276082999994514,274.102374999984
fp_theta200_alpha0p05,false_positive,200.0,0.0,0.05,90,20042210,False,1,0,False,0,,-1.0,8.89912499999923,False,0,32.62291600000822,258.74608300000546
fp_theta200_alpha0p05,false_positive,200.0,0.0,0.05,94,20042214,False,1,0,False,0,,-1.0,7.159709000006842,False,0,37.42524999998409,228.04291700001045
fp_theta200_alpha0p05,false_positive,200.0,0.0,0.05,93,20042213,False,1,0,False,0,,-1.0,9.49750000000904,False,0,36.2104170000066,232.89266699998734
fp_theta200_alpha0p05,false_positive,200.0,0.0,0.05,95,20042215,False,1,0,False,0,,-1.0,7.886374999998225,False,0,30.602709000021378,224.2525419999879
fp_theta200_alpha0p05,false_positive,200.0,0.0,0.05,92,20042212,False,1,0,False,0,,-1.0,7.485958999978948,False,0,31.219125000006898,269.2566670000076
fp_theta200_alpha0p05,false_positive,200.0,0.0,0.05,96,20042216,False,1,0,False,0,,-1.0,8.626833000022316,False,0,31.36108399999671,260.6560410000043
fp_theta200_alpha0p05,false_positive,200.0,0.0,0.05,97,20042217,False,1,0,False,0,,-1.0,8.869708000020182,False,0,30.739667000005966,217.904333000007
fp_theta200_alpha0p05,false_positive,200.0,0.0,0.05,99,20042219,False,1,0,False,0,,-1.0,8.506499999981543,False,0,37.89541699998722,206.35199999998122
fp_theta200_alpha0p05,false_positive,200.0,0.0,0.05,98,20042218,False,1,0,False,0,,-1.0,7.367541999997229,False,0,39.29424999998332,246.34324999999535
